,id,frequency
0,"(2681, 65627)",5
1,"(984, 2477)",2
2,"(3474, 19204)",1
3,"(2681, 64068)",7
4,"(5301, 64068)",3
5,"(2681, 26828)",15
6,"(2681, 26836)",6
7,"(5301, 26836)",2
8,"(6140, 26836)",1
9,"(1045, 26837)",1
10,"(1939, 26837)",1
11,"(2711, 26837)",1
12,"(3474, 26837)",3
13,"(2681, 26837)",5
14,"(908, 26838)",1
15,"(1306, 26838)",1
16,"(3474, 26838)",2
17,"(3474, 30539)",1
18,"(5301, 26838)",1
19,"(984, 26840)",6
20,"(1122, 26840)",1
21,"(2681, 26840)",2
22,"(4827, 26840)",1
23,"(7125, 26840)",1
24,"(2668, 30537)",1
25,"(6519, 44016)",1
26,"(2681, 44301)",4
27,"(1749, 64042)",1
28,"(2681, 64042)",13
29,"(3474, 64013)",2
30,"(2681, 56845)",12
31,"(984, 56845)",2
32,"(6725, 56845)",1
33,"(928, 56851)",1
34,"(5613, 56845)",2
35,"(378, 62775)",1
36,"(984, 62775)",1
37,"(2681, 62851)",4
38,"(2681, 62947)",12
39,"(984, 62961)",2
40,"(2681, 62961)",3
41,"(658, 63097)",1
42,"(4298, 63241)",1
43,"(3474, 63260)",3
44,"(399, 63272)",3
45,"(1045, 63272)",1
46,"(1927, 63272)",1
47,"(1928, 63272)",1
48,"(1939, 63272)",1
49,"(2401, 63272)",1
50,"(3101, 63272)",1
51,"(3627, 63272)",1
52,"(3645, 63272)",1
53,"(4460, 63272)",2
54,"(4766, 63272)",1
55,"(5613, 63272)",1
56,"(175, 63343)",1
57,"(2681, 63343)",11
58,"(984, 63356)",1
59,"(1153, 63356)",1
60,"(5301, 63357)",3
61,"(2681, 63357)",4
62,"(2681, 63458)",3
63,"(1306, 63612)",1
64,"(984, 63644)",4
65,"(2681, 63650)",11
66,"(2681, 63651)",7
67,"(2681, 63657)",9
68,"(3474, 63668)",5
69,"(1873, 63672)",4
70,"(2681, 63673)",7
71,"(1678, 63687)",1
72,"(2640, 63687)",4
73,"(2681, 63689)",3
74,"(6519, 63763)",1
75,"(5542, 3313)",1
76,"(3239, 19042)",1
77,"(5301, 4215)",1
78,"(6170, 4215)",4
79,"(2681, 3495)",4
80,"(1994, 19216)",1
81,"(3474, 63819)",2
82,"(4889, 19100)",1
83,"(3474, 63685)",4
84,"(2681, 3507)",1
85,"(3474, 34373)",1
86,"(6170, 34373)",1
87,"(2785, 34496)",1
88,"(99, 62978)",2
89,"(99, 64522)",2
90,"(5389, 34567)",1
91,"(2681, 34418)",1
92,"(984, 19080)",3
93,"(2681, 34373)",1
94,"(7599, 67874)",1
95,"(984, 26833)",1
96,"(5301, 26839)",2
97,"(175, 26838)",1
98,"(5008, 26838)",1
99,"(984, 26829)",4
100,"(399, 22812)",2
101,"(5301, 34458)",1
102,"(2681, 34757)",2
103,"(5121, 34757)",1
104,"(5301, 34757)",1
105,"(5613, 62852)",1
106,"(984, 56588)",2
107,"(2681, 56395)",3
108,"(3474, 56548)",1
109,"(2681, 56652)",5
110,"(3512, 62969)",1
111,"(7898, 62944)",1
112,"(2681, 64028)",1
113,"(2681, 62758)",3
114,"(2681, 62850)",1
115,"(2681, 62933)",4
116,"(2681, 63513)",7
117,"(984, 63911)",1
118,"(4329, 56590)",1
119,"(7754, 34362)",1
120,"(2026, 52386)",2
121,"(2681, 63174)",2
122,"(984, 3607)",1
123,"(2681, 56853)",17
124,"(928, 3370)",1
125,"(77, 64098)",2
126,"(2026, 64098)",1
127,"(211, 65017)",1
128,"(3445, 63074)",1
129,"(658, 63143)",1
130,"(399, 64046)",3
131,"(2259, 64046)",1
132,"(2681, 44260)",9
133,"(3474, 63179)",4
134,"(3474, 44260)",5
135,"(2681, 63202)",3
136,"(3474, 63202)",1
137,"(3474, 40132)",1
138,"(3474, 64010)",4
139,"(1749, 56853)",1
140,"(2681, 56835)",17
141,"(5301, 64035)",2
142,"(8121, 3615)",1
143,"(2947, 3493)",1
144,"(211, 63235)",2
145,"(658, 63281)",1
146,"(648, 3492)",1
147,"(1606, 3493)",1
148,"(984, 3492)",1
149,"(2681, 63109)",4
150,"(2681, 63185)",9
151,"(5381, 26856)",1
152,"(1994, 19085)",1
153,"(908, 19042)",1
154,"(1045, 3097)",1
155,"(4806, 63602)",2
156,"(5935, 19143)",1
157,"(908, 8636)",1
158,"(5301, 8636)",1
159,"(6291, 3697)",1
160,"(2681, 63790)",7
161,"(2681, 4215)",9
162,"(1960, 2630)",1
163,"(2529, 2630)",3
164,"(3590, 2630)",1
165,"(3593, 2630)",1
166,"(8196, 26670)",1
167,"(2681, 63671)",7
168,"(2681, 4238)",10
169,"(3474, 2636)",3
170,"(3474, 2637)",4
171,"(1994, 19104)",3
172,"(3474, 62950)",2
173,"(3474, 30499)",2
174,"(2681, 15340)",10
175,"(1994, 4229)",1
176,"(3474, 64018)",1
177,"(2681, 63753)",18
178,"(2026, 19067)",3
179,"(2681, 19067)",11
180,"(2698, 19050)",1
181,"(2026, 19059)",7
182,"(2529, 19060)",4
183,"(630, 19060)",2
184,"(2026, 19060)",4
185,"(623, 19060)",3
186,"(658, 19060)",1
187,"(1398, 19060)",3
188,"(2296, 19060)",3
189,"(3421, 19060)",1
190,"(3535, 19060)",1
191,"(3590, 19060)",1
192,"(4340, 19060)",1
193,"(5049, 19060)",1
194,"(1727, 19063)",1
195,"(623, 19071)",1
196,"(149, 19068)",1
197,"(221, 19068)",1
198,"(358, 19068)",1
199,"(387, 19068)",1
200,"(484, 19068)",1
201,"(508, 19068)",1
202,"(517, 19068)",1
203,"(928, 19068)",1
204,"(931, 19068)",1
205,"(997, 19068)",1
206,"(1044, 19068)",1
207,"(1096, 19068)",1
208,"(1111, 19068)",1
209,"(1113, 19068)",2
210,"(1115, 19068)",1
211,"(1122, 19068)",1
212,"(1146, 19068)",1
213,"(1153, 19068)",1
214,"(1380, 19068)",1
215,"(1544, 19068)",1
216,"(1606, 19068)",1
217,"(1728, 19068)",1
218,"(1939, 19068)",1
219,"(1994, 19068)",1
220,"(1995, 19068)",1
221,"(1998, 19068)",1
222,"(2000, 19068)",1
223,"(2005, 19068)",1
224,"(2046, 19068)",1
225,"(2080, 19068)",1
226,"(2401, 19068)",1
227,"(2428, 19068)",1
228,"(2587, 19068)",1
229,"(2839, 19068)",1
230,"(3126, 19068)",1
231,"(3627, 19068)",1
232,"(4368, 19068)",1
233,"(4887, 19068)",1
234,"(4889, 19068)",1
235,"(4890, 19068)",1
236,"(4891, 19068)",1
237,"(4894, 19068)",1
238,"(4895, 19068)",1
239,"(4930, 19068)",1
240,"(6140, 19068)",1
241,"(6209, 19068)",1
242,"(6245, 19068)",1
243,"(6411, 19068)",1
244,"(6437, 19068)",1
245,"(6451, 19068)",1
246,"(6459, 19068)",1
247,"(6902, 19068)",1
248,"(7309, 19068)",1
249,"(7411, 19068)",1
250,"(7412, 19068)",1
251,"(8244, 19068)",1
252,"(8245, 19068)",1
253,"(8246, 19068)",1
254,"(8247, 19068)",1
255,"(8248, 19068)",1
256,"(8249, 19068)",1
257,"(8251, 19068)",1
258,"(8252, 19068)",1
259,"(8253, 19068)",1
260,"(8254, 19068)",1
261,"(8257, 19068)",1
262,"(8258, 19068)",1
263,"(5026, 19061)",1
264,"(5058, 19061)",3
265,"(2026, 19068)",9
266,"(736, 19090)",1
267,"(2026, 19066)",3
268,"(732, 34701)",1
269,"(2026, 63753)",1
270,"(2026, 19045)",2
271,"(2026, 19051)",2
272,"(2681, 19051)",2
273,"(3474, 26750)",2
274,"(3474, 4215)",3
275,"(6985, 63832)",2
276,"(7599, 63646)",50
277,"(1045, 26834)",1
278,"(3474, 34417)",1
279,"(3101, 2619)",1
280,"(3445, 34508)",1
281,"(5087, 2769)",1
282,"(3474, 63859)",1
283,"(2681, 2653)",2
284,"(2681, 2654)",1
285,"(3474, 26757)",1
286,"(2681, 19204)",1
287,"(2681, 8686)",13
288,"(658, 63610)",1
289,"(2950, 64126)",1
290,"(1994, 64023)",2
291,"(2681, 64023)",3
292,"(3474, 64023)",4
293,"(3474, 63657)",5
294,"(5301, 63657)",1
295,"(4538, 4244)",1
296,"(2681, 63953)",3
297,"(271, 63622)",1
298,"(2681, 62962)",9
299,"(2681, 63639)",1
300,"(2681, 63861)",4
301,"(2681, 2786)",8
302,"(2681, 26766)",2
303,"(2681, 64029)",61
304,"(200, 26780)",1
305,"(319, 26780)",1
306,"(382, 26780)",1
307,"(839, 26780)",1
308,"(960, 26780)",1
309,"(1045, 26780)",1
310,"(1503, 26780)",1
311,"(1856, 26780)",1
312,"(1994, 26780)",1
313,"(2026, 26780)",1
314,"(2681, 26780)",1
315,"(2814, 26780)",1
316,"(4046, 26780)",1
317,"(4370, 26780)",1
318,"(5092, 26780)",1
319,"(5272, 26780)",1
320,"(5301, 26780)",1
321,"(5875, 26780)",1
322,"(6331, 26780)",1
323,"(6637, 26780)",1
324,"(7555, 26780)",1
325,"(7676, 26780)",1
326,"(7786, 26780)",1
327,"(7850, 26780)",1
328,"(908, 22867)",1
329,"(8786, 22867)",1
330,"(623, 34491)",1
331,"(931, 63876)",1
332,"(3474, 62962)",7
333,"(4889, 2648)",1
334,"(4891, 2648)",1
335,"(4895, 2648)",1
336,"(4889, 63698)",2
337,"(2002, 63357)",1
338,"(8829, 63358)",1
339,"(3474, 19103)",6
340,"(1994, 26838)",2
341,"(1994, 30539)",1
342,"(399, 2648)",1
343,"(984, 34720)",3
344,"(3474, 15366)",2
345,"(295, 64258)",1
346,"(3474, 2796)",2
347,"(2681, 15385)",8
348,"(2947, 34755)",1
349,"(2681, 26674)",3
350,"(648, 63600)",1
351,"(648, 63601)",1
352,"(3474, 64029)",18
353,"(5613, 63601)",1
354,"(2026, 64149)",6
355,"(2681, 19052)",8
356,"(2681, 30509)",1
357,"(5301, 62947)",1
358,"(2681, 2688)",8
359,"(3474, 2688)",1
360,"(5464, 63674)",1
361,"(8729, 63645)",1
362,"(6331, 3579)",1
363,"(211, 3475)",1
364,"(1370, 62761)",1
365,"(658, 63158)",1
366,"(6411, 44148)",1
367,"(6519, 3373)",1
368,"(3352, 63236)",1
369,"(1315, 3584)",1
370,"(2026, 62978)",1
371,"(5998, 62978)",1
372,"(2681, 63919)",2
373,"(6298, 63889)",2
374,"(6429, 3512)",2
375,"(1334, 44183)",1
376,"(2681, 63144)",5
377,"(3977, 56697)",1
378,"(1762, 34529)",1
379,"(944, 56558)",2
380,"(3474, 63238)",1
381,"(5301, 63238)",1
382,"(6708, 56501)",3
383,"(6708, 63214)",1
384,"(5087, 56590)",1
385,"(2681, 3566)",7
386,"(5301, 56424)",1
387,"(171, 3512)",1
388,"(196, 3512)",1
389,"(200, 3512)",1
390,"(902, 3512)",1
391,"(995, 3512)",1
392,"(1218, 3512)",1
393,"(1240, 3512)",1
394,"(3153, 3512)",1
395,"(3243, 3512)",1
396,"(3250, 3512)",1
397,"(3445, 3512)",1
398,"(3504, 3512)",1
399,"(5239, 3512)",1
400,"(5347, 3512)",1
401,"(5383, 3512)",1
402,"(5412, 3512)",1
403,"(5446, 3512)",1
404,"(5447, 3512)",1
405,"(5798, 3512)",1
406,"(5980, 3512)",1
407,"(5998, 3512)",1
408,"(6163, 3512)",1
409,"(6426, 3512)",1
410,"(7224, 3512)",1
411,"(8693, 3512)",1
412,"(9338, 3512)",1
413,"(2681, 62883)",3
414,"(3474, 62883)",3
415,"(4863, 44079)",1
416,"(6671, 52258)",1
417,"(6671, 63932)",2
418,"(71, 56501)",1
419,"(3429, 56501)",1
420,"(3430, 56501)",1
421,"(5081, 56501)",1
422,"(6637, 56501)",1
423,"(7786, 56501)",1
424,"(8143, 56501)",1
425,"(9153, 56501)",1
426,"(3590, 56649)",1
427,"(1960, 3340)",2
428,"(2681, 3538)",6
429,"(2561, 3614)",1
430,"(2787, 63272)",4
431,"(1856, 3614)",1
432,"(399, 52280)",1
433,"(4872, 52282)",1
434,"(399, 56756)",1
435,"(1789, 56641)",1
436,"(2950, 63159)",1
437,"(6519, 63159)",1
438,"(2681, 56444)",6
439,"(2681, 52370)",1
440,"(2681, 44152)",2
441,"(2681, 52337)",5
442,"(928, 52229)",1
443,"(1306, 52229)",1
444,"(1994, 52229)",1
445,"(2681, 52229)",5
446,"(3474, 52229)",3
447,"(5301, 52229)",1
448,"(4685, 63218)",1
449,"(2230, 67620)",1
450,"(517, 63353)",1
451,"(984, 63353)",1
452,"(1045, 63353)",1
453,"(2681, 63353)",3
454,"(2681, 62981)",7
455,"(5301, 44301)",3
456,"(984, 63178)",3
457,"(984, 44257)",1
458,"(3474, 3575)",2
459,"(984, 56687)",1
460,"(1723, 56687)",1
461,"(2080, 56687)",1
462,"(6459, 56687)",1
463,"(6524, 56687)",1
464,"(3474, 63104)",5
465,"(3352, 3511)",1
466,"(5301, 62755)",6
467,"(5301, 30537)",7
468,"(2681, 56607)",2
469,"(2681, 52320)",1
470,"(7492, 3418)",1
471,"(928, 44188)",1
472,"(6519, 56390)",9
473,"(4889, 67620)",1
474,"(2026, 56742)",3
475,"(3155, 63488)",1
476,"(2681, 62937)",1
477,"(6334, 56645)",2
478,"(658, 56455)",1
479,"(658, 52397)",1
480,"(2026, 56453)",2
481,"(2681, 63188)",4
482,"(732, 63286)",2
483,"(9245, 63286)",1
484,"(2026, 3512)",1
485,"(2681, 3505)",5
486,"(2681, 3613)",7
487,"(5613, 63285)",1
488,"(984, 3495)",1
489,"(984, 3502)",1
490,"(2676, 63273)",9
491,"(984, 3615)",1
492,"(3445, 3349)",1
493,"(5383, 56453)",1
494,"(1880, 64160)",2
495,"(436, 3503)",1
496,"(984, 3613)",2
497,"(984, 63286)",1
498,"(2681, 63286)",7
499,"(200, 3613)",1
500,"(984, 3494)",2
501,"(2026, 64683)",1
502,"(2681, 63470)",4
503,"(2681, 63475)",4
504,"(1856, 3615)",1
505,"(2681, 56441)",6
506,"(6752, 63370)",1
507,"(399, 52386)",2
508,"(984, 52386)",1
509,"(6331, 52386)",1
510,"(2681, 66421)",4
511,"(1994, 64012)",1
512,"(994, 3354)",1
513,"(1031, 3354)",1
514,"(2025, 3354)",1
515,"(2378, 3350)",1
516,"(5087, 3354)",1
517,"(8693, 3354)",1
518,"(2026, 44213)",2
519,"(3474, 34518)",1
520,"(4931, 63272)",2
521,"(2604, 3216)",1
522,"(5998, 3216)",1
523,"(3352, 3493)",1
524,"(1096, 3449)",1
525,"(9501, 44269)",1
526,"(611, 3652)",1
527,"(1191, 15377)",6
528,"(908, 19096)",1
529,"(3474, 63610)",1
530,"(2681, 63789)",6
531,"(5325, 22824)",1
532,"(5301, 4219)",1
533,"(6632, 44270)",2
534,"(2681, 56844)",5
535,"(6510, 2621)",5
536,"(2681, 63859)",2
537,"(2681, 2095)",2
538,"(890, 4260)",1
539,"(6725, 19080)",1
540,"(4982, 56851)",1
541,"(2681, 63669)",7
542,"(2677, 63342)",5
543,"(2681, 3210)",3
544,"(2681, 19096)",9
545,"(1960, 4263)",2
546,"(3533, 19172)",1
547,"(960, 63852)",1
548,"(5262, 2609)",1
549,"(1191, 8699)",2
550,"(3474, 3707)",1
551,"(6569, 22814)",1
552,"(1176, 44273)",1
553,"(3445, 16693)",1
554,"(2026, 63610)",3
555,"(4746, 19081)",2
556,"(2681, 63555)",1
557,"(3474, 63555)",1
558,"(2951, 44270)",1
559,"(2681, 44193)",15
560,"(2681, 64035)",3
561,"(5671, 66248)",1
562,"(2681, 2633)",12
563,"(7542, 8686)",1
564,"(2681, 19075)",5
565,"(3474, 19075)",1
566,"(2681, 8633)",2
567,"(2681, 3223)",11
568,"(2315, 63687)",3
569,"(5301, 19080)",1
570,"(6831, 63646)",1
571,"(518, 19135)",1
572,"(2681, 2637)",9
573,"(2681, 19082)",4
574,"(2681, 63845)",9
575,"(984, 63854)",3
576,"(3474, 63689)",7
577,"(908, 4285)",1
578,"(2681, 4285)",3
579,"(3474, 64196)",2
580,"(3474, 4233)",1
581,"(2681, 4260)",8
582,"(3474, 4260)",5
583,"(2169, 64127)",1
584,"(2681, 3707)",4
585,"(5301, 64029)",7
586,"(3474, 15340)",6
587,"(5301, 15340)",1
588,"(2604, 63852)",1
589,"(2681, 15372)",11
590,"(2681, 63848)",12
591,"(3474, 56780)",1
592,"(2681, 15323)",5
593,"(656, 22840)",1
594,"(518, 22818)",1
595,"(3701, 22818)",1
596,"(5029, 64335)",3
597,"(2681, 3649)",2
598,"(2681, 3097)",5
599,"(6519, 64015)",1
600,"(1960, 2724)",1
601,"(145, 3167)",1
602,"(4889, 63239)",1
603,"(4889, 63747)",1
604,"(6411, 63239)",1
605,"(2947, 3492)",1
606,"(2026, 63695)",1
607,"(2026, 3492)",5
608,"(2681, 3493)",15
609,"(908, 63753)",1
610,"(2681, 19045)",2
611,"(2681, 19055)",1
612,"(6331, 52408)",1
613,"(6163, 26690)",1
614,"(732, 19058)",3
615,"(732, 65969)",2
616,"(2681, 3492)",18
617,"(984, 19068)",3
618,"(658, 19068)",3
619,"(5613, 19052)",1
620,"(984, 3493)",3
621,"(890, 2109)",1
622,"(7703, 63210)",2
623,"(658, 19051)",1
624,"(5242, 63753)",1
625,"(2026, 19049)",1
626,"(2169, 19066)",1
627,"(1530, 8665)",1
628,"(1530, 19103)",1
629,"(1530, 26673)",1
630,"(1530, 63188)",1
631,"(2026, 19044)",2
632,"(2026, 63551)",1
633,"(2825, 19053)",1
634,"(399, 19066)",2
635,"(2681, 19044)",4
636,"(3256, 19068)",3
637,"(3260, 19068)",2
638,"(5243, 19068)",4
639,"(3101, 64081)",1
640,"(984, 65021)",1
641,"(5087, 8633)",1
642,"(2681, 19080)",2
643,"(3474, 63860)",3
644,"(5613, 19049)",1
645,"(5613, 19073)",1
646,"(2681, 64015)",13
647,"(399, 3708)",1
648,"(839, 56771)",1
649,"(2239, 64029)",1
650,"(2231, 63680)",2
651,"(2026, 4215)",1
652,"(6519, 2642)",1
653,"(2681, 2631)",16
654,"(3474, 62947)",1
655,"(2681, 4216)",3
656,"(3474, 2631)",3
657,"(2681, 63614)",2
658,"(9765, 63602)",1
659,"(1204, 63602)",5
660,"(2681, 8694)",8
661,"(2681, 63629)",3
662,"(2681, 2762)",4
663,"(3474, 2762)",2
664,"(3474, 8690)",3
665,"(2681, 63912)",2
666,"(984, 19060)",1
667,"(2681, 2636)",2
668,"(984, 63621)",2
669,"(6897, 2618)",1
670,"(2681, 2803)",4
671,"(2681, 8693)",5
672,"(4268, 4265)",2
673,"(4268, 4266)",1
674,"(2026, 19063)",5
675,"(6463, 63602)",3
676,"(673, 19063)",1
677,"(522, 19090)",2
678,"(2529, 19061)",2
679,"(656, 19060)",1
680,"(6752, 63602)",2
681,"(984, 19063)",5
682,"(5301, 63912)",3
683,"(1462, 2800)",18
684,"(4889, 63911)",1
685,"(6170, 2625)",1
686,"(2026, 34435)",1
687,"(3474, 44213)",2
688,"(4924, 44213)",1
689,"(2814, 44020)",2
690,"(399, 26789)",2
691,"(2026, 30509)",1
692,"(4902, 62837)",2
693,"(1068, 52231)",1
694,"(2681, 56809)",4
695,"(2681, 62926)",9
696,"(2681, 44250)",7
697,"(3474, 44250)",2
698,"(2681, 63171)",1
699,"(5789, 44390)",1
700,"(2681, 44318)",8
701,"(2681, 52210)",12
702,"(6519, 63156)",1
703,"(6519, 63192)",1
704,"(5395, 3008)",1
705,"(5395, 26772)",1
706,"(3474, 56590)",4
707,"(1178, 44105)",1
708,"(6324, 44341)",1
709,"(6023, 34746)",1
710,"(1793, 34529)",1
711,"(908, 63422)",5
712,"(399, 56501)",1
713,"(928, 56501)",2
714,"(2026, 56501)",1
715,"(3474, 56501)",2
716,"(3474, 56574)",1
717,"(5087, 56501)",1
718,"(6209, 56501)",1
719,"(6708, 56574)",1
720,"(6725, 56501)",1
721,"(8483, 56501)",1
722,"(10088, 56501)",3
723,"(3964, 56799)",1
724,"(2026, 63890)",1
725,"(2814, 63890)",1
726,"(5087, 63890)",1
727,"(669, 2619)",1
728,"(2587, 56379)",1
729,"(2026, 22840)",1
730,"(4606, 52354)",1
731,"(2681, 40084)",1
732,"(3474, 52210)",3
733,"(2681, 63132)",4
734,"(3474, 63341)",3
735,"(1939, 34657)",1
736,"(171, 62891)",1
737,"(399, 62891)",1
738,"(661, 62891)",1
739,"(709, 62891)",1
740,"(984, 62891)",1
741,"(1045, 62891)",2
742,"(1096, 62891)",1
743,"(1460, 62891)",1
744,"(1526, 62891)",1
745,"(1728, 62891)",1
746,"(1880, 62891)",1
747,"(1939, 62891)",1
748,"(1994, 62891)",1
749,"(2080, 62891)",1
750,"(2401, 62891)",1
751,"(2681, 62891)",1
752,"(2950, 62891)",1
753,"(3250, 62891)",1
754,"(3256, 62891)",1
755,"(3490, 62891)",1
756,"(4460, 62891)",1
757,"(4544, 62891)",1
758,"(4889, 62891)",1
759,"(5029, 62891)",1
760,"(5243, 62891)",1
761,"(5301, 62891)",1
762,"(5613, 62891)",1
763,"(6324, 62891)",1
764,"(6519, 62891)",1
765,"(7224, 62891)",1
766,"(8032, 62891)",1
767,"(10141, 62891)",1
768,"(10142, 62891)",1
769,"(1772, 34510)",1
770,"(2197, 34510)",1
771,"(9929, 34510)",1
772,"(9930, 34510)",1
773,"(9931, 34510)",1
774,"(9932, 34510)",1
775,"(2235, 62989)",3
776,"(6329, 64297)",1
777,"(2681, 56646)",8
778,"(2681, 63810)",2
779,"(7135, 26745)",1
780,"(7138, 26745)",1
781,"(10230, 2656)",1
782,"(658, 64022)",1
783,"(658, 64023)",1
784,"(3529, 30532)",1
785,"(2681, 64022)",5
786,"(2535, 62969)",1
787,"(399, 62819)",1
788,"(399, 62822)",2
789,"(399, 56735)",7
790,"(401, 56735)",1
791,"(6500, 56735)",1
792,"(1099, 34343)",1
793,"(984, 34510)",1
794,"(3445, 62757)",1
795,"(2974, 44479)",1
796,"(4889, 62880)",1
797,"(2986, 34367)",1
798,"(658, 56671)",2
799,"(2026, 26757)",2
800,"(3474, 52206)",1
801,"(3474, 56678)",1
802,"(1306, 44250)",1
803,"(6519, 34510)",2
804,"(2681, 56590)",13
805,"(3445, 56590)",1
806,"(3492, 56590)",1
807,"(3494, 56590)",1
808,"(3506, 56590)",1
809,"(3512, 56590)",1
810,"(4332, 56590)",1
811,"(4379, 56590)",1
812,"(4381, 56590)",1
813,"(5759, 56590)",1
814,"(10092, 56590)",1
815,"(10093, 56590)",1
816,"(10094, 56590)",1
817,"(10096, 56590)",1
818,"(2681, 44209)",9
819,"(6920, 15373)",1
820,"(396, 40133)",1
821,"(6451, 34442)",1
822,"(2681, 34550)",1
823,"(2681, 63816)",3
824,"(713, 26824)",1
825,"(3260, 52314)",1
826,"(4690, 56725)",2
827,"(3474, 56424)",1
828,"(2681, 64154)",1
829,"(3474, 63354)",2
830,"(2026, 63356)",2
831,"(928, 30537)",1
832,"(3474, 63824)",2
833,"(1045, 63354)",1
834,"(2681, 63341)",4
835,"(5301, 30539)",4
836,"(429, 52319)",3
837,"(5301, 34356)",1
838,"(2499, 44129)",1
839,"(2499, 64306)",1
840,"(4398, 44251)",1
841,"(399, 34541)",4
842,"(3645, 34541)",1
843,"(2320, 56801)",1
844,"(399, 62843)",1
845,"(4740, 62893)",1
846,"(6752, 34681)",1
847,"(6752, 62893)",1
848,"(399, 56693)",4
849,"(3201, 56693)",1
850,"(2910, 52350)",1
851,"(2910, 52363)",1
852,"(2910, 56895)",1
853,"(6671, 62880)",1
854,"(3474, 63909)",3
855,"(3474, 62892)",2
856,"(2681, 63456)",3
857,"(2681, 64126)",3
858,"(2681, 56591)",3
859,"(3474, 56802)",2
860,"(3474, 62755)",3
861,"(2681, 2634)",4
862,"(5301, 44338)",2
863,"(4889, 44213)",3
864,"(4894, 44213)",3
865,"(3819, 44341)",1
866,"(1000, 52283)",1
867,"(2587, 63460)",1
868,"(4919, 63460)",1
869,"(4920, 63460)",1
870,"(2681, 62839)",2
871,"(15862, 64149)",1
872,"(1096, 56704)",2
873,"(6519, 44213)",1
874,"(6519, 56438)",1
875,"(2681, 44188)",13
876,"(4267, 52231)",1
877,"(984, 26789)",2
878,"(2956, 52275)",1
879,"(6519, 52275)",2
880,"(2026, 64533)",2
881,"(2026, 64534)",3
882,"(2026, 64535)",3
883,"(2026, 64536)",1
884,"(2026, 52389)",1
885,"(2681, 30528)",4
886,"(2026, 63450)",1
887,"(10171, 62969)",1
888,"(164, 56453)",1
889,"(984, 56645)",1
890,"(1994, 64148)",3
891,"(2681, 63210)",4
892,"(2957, 64149)",2
893,"(2681, 52168)",9
894,"(399, 44258)",1
895,"(2080, 44341)",1
896,"(1263, 44181)",1
897,"(2496, 44181)",1
898,"(2681, 44181)",1
899,"(4497, 44181)",1
900,"(4967, 44181)",1
901,"(10013, 44181)",1
902,"(5608, 64308)",5
903,"(2681, 44341)",3
904,"(3474, 44341)",2
905,"(2681, 44158)",3
906,"(257, 44290)",1
907,"(746, 44290)",1
908,"(1345, 44290)",1
909,"(1905, 44290)",1
910,"(2179, 44290)",1
911,"(2626, 44290)",1
912,"(2629, 44290)",1
913,"(2643, 44290)",1
914,"(5239, 44290)",1
915,"(6307, 44290)",1
916,"(6346, 44290)",1
917,"(9111, 44290)",1
918,"(9115, 44290)",1
919,"(10066, 44290)",1
920,"(10069, 44290)",1
921,"(2681, 34491)",4
922,"(2681, 52401)",6
923,"(908, 56657)",1
924,"(5301, 56657)",1
925,"(5301, 44341)",2
926,"(3474, 56646)",4
927,"(2681, 44208)",7
928,"(2026, 320)",1
929,"(3260, 3087)",1
930,"(1749, 3154)",1
931,"(2026, 56893)",1
932,"(3445, 3566)",1
933,"(5301, 15323)",2
934,"(5301, 63575)",1
935,"(4985, 63272)",1
936,"(2681, 3439)",4
937,"(3474, 3091)",2
938,"(2681, 3597)",1
939,"(908, 19075)",5
940,"(711, 64089)",2
941,"(6331, 3605)",1
942,"(2681, 56850)",11
943,"(984, 3503)",1
944,"(1045, 3503)",1
945,"(1994, 3503)",1
946,"(2681, 3503)",2
947,"(3474, 3503)",1
948,"(5301, 3503)",1
949,"(1473, 63498)",1
950,"(2026, 63498)",2
951,"(2549, 63498)",1
952,"(2814, 63498)",1
953,"(6765, 16695)",3
954,"(2026, 64357)",1
955,"(3445, 19252)",1
956,"(3474, 56845)",6
957,"(2681, 3437)",10
958,"(3474, 19043)",2
959,"(1994, 52383)",1
960,"(1994, 52392)",1
961,"(2681, 3083)",1
962,"(5092, 26670)",1
963,"(5607, 62880)",1
964,"(2681, 3435)",2
965,"(2681, 63860)",10
966,"(3474, 63826)",2
967,"(3474, 63827)",2
968,"(3474, 63828)",2
969,"(928, 3091)",1
970,"(928, 52402)",1
971,"(928, 62930)",1
972,"(1153, 62930)",1
973,"(1306, 62930)",1
974,"(2681, 62930)",3
975,"(3126, 62930)",1
976,"(3474, 62930)",1
977,"(4497, 62930)",1
978,"(5301, 62930)",1
979,"(7945, 62930)",1
980,"(8483, 62930)",1
981,"(10379, 44456)",1
982,"(10380, 44456)",1
983,"(10381, 44456)",1
984,"(10382, 44456)",1
985,"(10383, 44456)",1
986,"(10384, 44456)",1
987,"(10385, 44456)",1
988,"(10386, 44456)",1
989,"(10387, 44456)",1
990,"(10388, 44456)",1
991,"(10389, 44456)",1
992,"(10390, 44456)",1
993,"(10391, 44456)",1
994,"(10392, 44456)",1
995,"(10393, 44456)",1
996,"(10394, 44456)",1
997,"(10396, 44456)",1
998,"(10397, 44456)",1
999,"(10402, 44456)",1
1000,"(10412, 44456)",1
1001,"(10413, 44456)",1
1002,"(399, 63256)",1
1003,"(1318, 63256)",1
1004,"(2687, 63256)",2
1005,"(3101, 63256)",1
1006,"(4460, 63256)",1
1007,"(4802, 63256)",1
1008,"(5757, 63256)",3
1009,"(2095, 63498)",1
1010,"(1601, 19060)",1
1011,"(3474, 3493)",2
1012,"(723, 63958)",1
1013,"(6241, 63958)",1
1014,"(6243, 63958)",1
1015,"(6244, 63958)",1
1016,"(6245, 63958)",1
1017,"(6246, 63958)",1
1018,"(6249, 63958)",1
1019,"(6252, 63958)",1
1020,"(6253, 63958)",1
1021,"(6632, 63958)",2
1022,"(7007, 63958)",1
1023,"(2604, 40145)",1
1024,"(186, 63958)",1
1025,"(842, 63958)",1
1026,"(6625, 63958)",1
1027,"(10724, 63958)",1
1028,"(10725, 63958)",1
1029,"(2026, 63233)",1
1030,"(2026, 63471)",1
1031,"(959, 63250)",6
1032,"(5935, 63958)",2
1033,"(5121, 19100)",1
1034,"(623, 66480)",1
1035,"(3336, 3147)",1
1036,"(10537, 19068)",1
1037,"(984, 10323)",2
1038,"(960, 63224)",1
1039,"(623, 19061)",1
1040,"(3350, 19059)",1
1041,"(557, 65688)",1
1042,"(6752, 3188)",1
1043,"(4460, 56845)",1
1044,"(3393, 63273)",2
1045,"(1994, 63785)",1
1046,"(1994, 66825)",1
1047,"(6591, 64329)",2
1048,"(399, 63097)",1
1049,"(928, 65910)",1
1050,"(928, 65912)",1
1051,"(1318, 3708)",1
1052,"(3545, 19060)",1
1053,"(2681, 56438)",2
1054,"(2681, 63235)",5
1055,"(2681, 62929)",3
1056,"(2681, 63162)",8
1057,"(2681, 63635)",2
1058,"(2681, 63495)",1
1059,"(1463, 63447)",1
1060,"(908, 22839)",3
1061,"(3474, 3437)",1
1062,"(5301, 3437)",2
1063,"(984, 3692)",1
1064,"(10763, 4286)",1
1065,"(2681, 63541)",2
1066,"(2681, 22806)",8
1067,"(2681, 64515)",14
1068,"(6708, 64515)",1
1069,"(3474, 19096)",3
1070,"(2681, 63512)",6
1071,"(2681, 56496)",4
1072,"(1365, 3556)",1
1073,"(2950, 4284)",1
1074,"(2950, 34596)",1
1075,"(3936, 63874)",1
1076,"(6519, 34596)",1
1077,"(6519, 63874)",1
1078,"(6524, 4284)",1
1079,"(6524, 34596)",1
1080,"(6524, 63874)",1
1081,"(1994, 56850)",2
1082,"(2681, 3708)",5
1083,"(2950, 2931)",1
1084,"(2950, 3557)",2
1085,"(5998, 65215)",1
1086,"(2676, 19050)",5
1087,"(2681, 19085)",3
1088,"(3474, 19085)",4
1089,"(2026, 3638)",2
1090,"(6035, 3638)",1
1091,"(10675, 3638)",1
1092,"(2681, 3440)",5
1093,"(3474, 3439)",4
1094,"(8801, 63645)",1
1095,"(2681, 63179)",4
1096,"(3474, 19080)",2
1097,"(1939, 63124)",3
1098,"(2681, 19095)",3
1099,"(2681, 64364)",8
1100,"(2681, 4195)",3
1101,"(2681, 63570)",2
1102,"(2681, 26856)",2
1103,"(2681, 34415)",11
1104,"(2681, 65790)",3
1105,"(10704, 3697)",1
1106,"(2320, 4282)",1
1107,"(399, 3485)",1
1108,"(941, 44270)",1
1109,"(4460, 3704)",1
1110,"(4560, 63643)",1
1111,"(3474, 63848)",1
1112,"(5301, 3707)",2
1113,"(5301, 19043)",1
1114,"(890, 3448)",1
1115,"(2681, 1169)",1
1116,"(2681, 8645)",1
1117,"(9231, 3395)",1
1118,"(2026, 63287)",1
1119,"(5301, 19095)",1
1120,"(2681, 63378)",1
1121,"(997, 44270)",1
1122,"(10756, 3544)",1
1123,"(1960, 64337)",2
1124,"(1960, 64338)",1
1125,"(3474, 64035)",3
1126,"(5301, 19101)",1
1127,"(2026, 3581)",1
1128,"(2026, 3582)",1
1129,"(1153, 22814)",1
1130,"(1225, 22814)",1
1131,"(2681, 22814)",4
1132,"(3239, 22814)",1
1133,"(3474, 22814)",1
1134,"(5301, 22814)",1
1135,"(2681, 3395)",8
1136,"(2681, 64372)",11
1137,"(3474, 64330)",2
1138,"(3474, 63498)",1
1139,"(625, 64388)",1
1140,"(3052, 64382)",3
1141,"(6163, 63286)",6
1142,"(2681, 3500)",3
1143,"(396, 3510)",1
1144,"(2681, 3515)",2
1145,"(908, 63249)",1
1146,"(5940, 63249)",1
1147,"(201, 19060)",1
1148,"(322, 19060)",1
1149,"(1199, 19060)",1
1150,"(2519, 19060)",1
1151,"(2531, 19060)",1
1152,"(2604, 19060)",2
1153,"(2656, 19060)",1
1154,"(2903, 19060)",1
1155,"(3260, 19060)",1
1156,"(3305, 19060)",1
1157,"(3352, 19060)",1
1158,"(3543, 19060)",1
1159,"(3593, 19060)",1
1160,"(4057, 19060)",1
1161,"(4201, 19060)",1
1162,"(4371, 19060)",1
1163,"(5244, 19060)",1
1164,"(5383, 19060)",1
1165,"(5690, 19060)",1
1166,"(5781, 19060)",2
1167,"(5878, 19060)",1
1168,"(5915, 19060)",1
1169,"(6160, 19060)",1
1170,"(6334, 19060)",1
1171,"(6336, 19060)",1
1172,"(6712, 19060)",2
1173,"(10532, 19060)",1
1174,"(3474, 19052)",2
1175,"(4559, 3492)",1
1176,"(77, 63249)",1
1177,"(658, 19063)",1
1178,"(5027, 19059)",1
1179,"(5624, 19061)",1
1180,"(10534, 56409)",1
1181,"(2305, 19068)",1
1182,"(3256, 3615)",3
1183,"(2681, 67874)",8
1184,"(3319, 19060)",3
1185,"(3319, 56453)",2
1186,"(2604, 19059)",1
1187,"(3553, 56453)",1
1188,"(661, 19067)",2
1189,"(3474, 63249)",4
1190,"(664, 2130)",1
1191,"(732, 3615)",3
1192,"(5242, 64637)",1
1193,"(6163, 64637)",1
1194,"(6163, 66146)",1
1195,"(984, 64383)",1
1196,"(984, 64386)",1
1197,"(2026, 64385)",1
1198,"(2026, 64387)",1
1199,"(2950, 63753)",1
1200,"(2681, 64393)",2
1201,"(188, 19068)",1
1202,"(648, 67875)",1
1203,"(2165, 19059)",1
1204,"(14542, 19060)",1
1205,"(5757, 3606)",1
1206,"(399, 19104)",3
1207,"(3101, 19104)",1
1208,"(1994, 64015)",3
1209,"(279, 64197)",1
1210,"(861, 64197)",5
1211,"(5189, 64197)",1
1212,"(5261, 64197)",1
1213,"(4889, 64012)",3
1214,"(1994, 3493)",2
1215,"(2681, 64330)",8
1216,"(5087, 62883)",1
1217,"(3474, 19063)",1
1218,"(2698, 63273)",1
1219,"(2230, 63666)",2
1220,"(984, 64015)",4
1221,"(517, 4280)",1
1222,"(211, 56438)",1
1223,"(3445, 56438)",1
1224,"(3445, 62828)",1
1225,"(2681, 56810)",13
1226,"(3474, 56810)",6
1227,"(2681, 3367)",1
1228,"(2681, 63175)",2
1229,"(399, 52414)",2
1230,"(3474, 60493)",1
1231,"(399, 19080)",2
1232,"(1994, 56835)",1
1233,"(2681, 22820)",2
1234,"(2681, 4284)",6
1235,"(2681, 63454)",4
1236,"(2681, 19068)",6
1237,"(2681, 63285)",4
1238,"(2681, 63633)",1
1239,"(4889, 64394)",2
1240,"(4895, 64394)",1
1241,"(4887, 3707)",1
1242,"(4889, 3707)",2
1243,"(4895, 3707)",1
1244,"(2681, 64010)",4
1245,"(3474, 3597)",1
1246,"(6789, 3708)",1
1247,"(2681, 3692)",2
1248,"(5301, 3692)",2
1249,"(9059, 4286)",1
1250,"(9707, 19079)",1
1251,"(9707, 56698)",1
1252,"(5276, 52355)",2
1253,"(2687, 44341)",1
1254,"(2768, 22816)",2
1255,"(396, 64494)",1
1256,"(1960, 22816)",1
1257,"(623, 34510)",1
1258,"(2668, 44538)",1
1259,"(2681, 62959)",5
1260,"(5980, 34713)",1
1261,"(11253, 26772)",1
1262,"(6557, 44056)",1
1263,"(6557, 52345)",3
1264,"(5164, 34337)",1
1265,"(5165, 52171)",1
1266,"(2026, 34457)",1
1267,"(3474, 63650)",4
1268,"(708, 2754)",2
1269,"(5542, 67348)",2
1270,"(5301, 34657)",3
1271,"(399, 34489)",1
1272,"(5272, 64042)",1
1273,"(6708, 64042)",2
1274,"(211, 8672)",2
1275,"(6110, 30528)",1
1276,"(1994, 26837)",2
1277,"(908, 44236)",4
1278,"(1528, 44105)",1
1279,"(1528, 63443)",1
1280,"(2681, 34720)",2
1281,"(2026, 2354)",1
1282,"(6403, 2354)",1
1283,"(2947, 2764)",4
1284,"(984, 44299)",1
1285,"(2179, 63687)",1
1286,"(2681, 44029)",1
1287,"(3474, 44029)",1
1288,"(4832, 64431)",2
1289,"(10184, 26768)",1
1290,"(1316, 22867)",1
1291,"(2604, 22867)",2
1292,"(2681, 3640)",8
1293,"(2681, 3085)",4
1294,"(8382, 2531)",2
1295,"(6488, 44193)",3
1296,"(484, 63237)",2
1297,"(984, 26757)",1
1298,"(2681, 34515)",4
1299,"(2681, 4249)",7
1300,"(2681, 63685)",8
1301,"(2681, 63632)",4
1302,"(2681, 2763)",9
1303,"(3474, 34598)",1
1304,"(10883, 34362)",1
1305,"(999, 44538)",1
1306,"(2681, 44538)",2
1307,"(5607, 44538)",1
1308,"(5608, 44538)",1
1309,"(10163, 44538)",1
1310,"(10795, 44338)",1
1311,"(3260, 44328)",1
1312,"(2681, 34710)",1
1313,"(1306, 63789)",1
1314,"(3474, 34569)",3
1315,"(5301, 34569)",1
1316,"(908, 63789)",2
1317,"(908, 63343)",1
1318,"(2681, 62957)",2
1319,"(3474, 62957)",1
1320,"(1548, 19057)",1
1321,"(2681, 34359)",7
1322,"(2681, 3646)",4
1323,"(2954, 19059)",1
1324,"(2028, 26718)",1
1325,"(3352, 2756)",2
1326,"(518, 34389)",1
1327,"(2026, 2652)",2
1328,"(3474, 63623)",1
1329,"(5835, 19134)",2
1330,"(3474, 2763)",6
1331,"(2681, 8703)",9
1332,"(5301, 4237)",1
1333,"(5301, 63686)",1
1334,"(2681, 40065)",9
1335,"(5267, 52403)",1
1336,"(5267, 64201)",1
1337,"(4982, 39991)",1
1338,"(2197, 44158)",1
1339,"(6519, 44158)",1
1340,"(10989, 44158)",1
1341,"(358, 26802)",1
1342,"(1096, 63238)",1
1343,"(506, 44299)",1
1344,"(2681, 26825)",5
1345,"(2681, 63900)",6
1346,"(1728, 34589)",2
1347,"(2681, 52274)",2
1348,"(2681, 64112)",2
1349,"(2681, 52207)",5
1350,"(2681, 22867)",5
1351,"(2681, 63354)",2
1352,"(1994, 63818)",2
1353,"(6519, 44336)",5
1354,"(6995, 44336)",1
1355,"(2681, 64147)",22
1356,"(3474, 64147)",7
1357,"(1153, 4229)",1
1358,"(4271, 4229)",1
1359,"(2681, 56413)",2
1360,"(333, 2682)",3
1361,"(3474, 63649)",2
1362,"(3474, 63661)",4
1363,"(5243, 34452)",1
1364,"(6524, 62952)",4
1365,"(10972, 34589)",1
1366,"(4537, 4249)",1
1367,"(2755, 62948)",1
1368,"(2755, 63685)",1
1369,"(8436, 34368)",1
1370,"(10902, 34368)",1
1371,"(1559, 64143)",1
1372,"(1559, 64144)",1
1373,"(1961, 15313)",1
1374,"(3640, 15313)",1
1375,"(2681, 34598)",3
1376,"(1225, 44098)",1
1377,"(1749, 44098)",1
1378,"(3474, 44098)",4
1379,"(5301, 44098)",1
1380,"(1153, 8703)",1
1381,"(6331, 65759)",1
1382,"(984, 30539)",2
1383,"(2642, 64372)",2
1384,"(2026, 64372)",1
1385,"(2681, 63618)",1
1386,"(2681, 4235)",1
1387,"(4567, 44158)",1
1388,"(2026, 62847)",1
1389,"(2604, 62847)",1
1390,"(2681, 34589)",4
1391,"(3239, 34589)",1
1392,"(6725, 26837)",1
1393,"(984, 62950)",2
1394,"(2681, 30539)",1
1395,"(1994, 52211)",1
1396,"(2681, 63553)",5
1397,"(2681, 52276)",4
1398,"(2681, 56772)",6
1399,"(2681, 62777)",4
1400,"(2681, 34746)",2
1401,"(3474, 15367)",1
1402,"(2681, 26789)",5
1403,"(3645, 19083)",1
1404,"(1733, 30536)",2
1405,"(4460, 19143)",1
1406,"(6657, 44380)",1
1407,"(2499, 44132)",1
1408,"(2499, 65296)",1
1409,"(940, 19129)",1
1410,"(121, 64392)",1
1411,"(121, 64881)",1
1412,"(6505, 39991)",1
1413,"(2483, 30513)",1
1414,"(1749, 26750)",1
1415,"(2681, 26750)",9
1416,"(3474, 15313)",2
1417,"(5301, 26833)",3
1418,"(7024, 22816)",1
1419,"(6524, 44336)",3
1420,"(4889, 64196)",1
1421,"(2681, 52318)",4
1422,"(3480, 26707)",1
1423,"(2622, 26833)",1
1424,"(2681, 63655)",11
1425,"(1306, 22815)",8
1426,"(1749, 15372)",1
1427,"(5648, 63649)",1
1428,"(1144, 67929)",2
1429,"(7329, 30456)",1
1430,"(1100, 34594)",4
1431,"(6331, 34510)",3
1432,"(6331, 65574)",1
1433,"(1096, 67520)",1
1434,"(2142, 67520)",1
1435,"(211, 2647)",2
1436,"(1045, 4260)",1
1437,"(3474, 64042)",4
1438,"(11225, 4260)",1
1439,"(3593, 63045)",1
1440,"(2870, 63356)",1
1441,"(3445, 64427)",1
1442,"(1087, 44158)",1
1443,"(6642, 44158)",1
1444,"(3474, 2786)",6
1445,"(5301, 2786)",4
1446,"(2681, 63537)",2
1447,"(3474, 63537)",1
1448,"(2681, 34457)",3
1449,"(1683, 52320)",1
1450,"(178, 62746)",16
1451,"(3474, 2745)",2
1452,"(6725, 63354)",1
1453,"(6632, 62851)",1
1454,"(7049, 22835)",1
1455,"(7049, 22838)",1
1456,"(7398, 62851)",1
1457,"(2681, 2750)",10
1458,"(3474, 44091)",2
1459,"(3474, 64093)",2
1460,"(1939, 30539)",3
1461,"(2549, 56645)",2
1462,"(2026, 26824)",1
1463,"(5301, 63689)",1
1464,"(2681, 26707)",5
1465,"(6331, 62828)",1
1466,"(984, 26841)",2
1467,"(5301, 4229)",5
1468,"(399, 22857)",1
1469,"(399, 26743)",1
1470,"(8123, 3507)",1
1471,"(2681, 2609)",4
1472,"(2681, 64196)",6
1473,"(2026, 19048)",3
1474,"(6331, 19048)",1
1475,"(2026, 2647)",3
1476,"(2026, 63355)",4
1477,"(2884, 63355)",1
1478,"(11088, 19059)",1
1479,"(6920, 19059)",1
1480,"(7700, 52241)",2
1481,"(2947, 56390)",2
1482,"(2681, 63661)",2
1483,"(3645, 44181)",1
1484,"(399, 62779)",2
1485,"(399, 63599)",1
1486,"(5324, 52290)",2
1487,"(248, 19133)",1
1488,"(2244, 56807)",1
1489,"(10874, 52370)",1
1490,"(10874, 62969)",1
1491,"(10874, 62988)",1
1492,"(399, 44535)",1
1493,"(399, 63961)",1
1494,"(399, 63964)",1
1495,"(399, 63966)",2
1496,"(1318, 52320)",1
1497,"(399, 26812)",1
1498,"(3474, 67645)",2
1499,"(2741, 3085)",1
1500,"(908, 22820)",4
1501,"(1730, 22820)",1
1502,"(1744, 22820)",1
1503,"(9468, 22820)",1
1504,"(11137, 22820)",1
1505,"(11138, 22820)",1
1506,"(11139, 22820)",1
1507,"(11142, 22820)",1
1508,"(6519, 62952)",1
1509,"(6993, 4249)",1
1510,"(6524, 26802)",1
1511,"(10800, 19204)",1
1512,"(634, 62960)",11
1513,"(5301, 63340)",1
1514,"(5121, 3621)",1
1515,"(8080, 63821)",1
1516,"(4707, 63895)",1
1517,"(4707, 64020)",1
1518,"(6253, 64020)",1
1519,"(399, 34598)",1
1520,"(399, 62814)",3
1521,"(5243, 63356)",2
1522,"(7932, 63730)",1
1523,"(3627, 26837)",1
1524,"(453, 22829)",1
1525,"(3474, 26682)",4
1526,"(2169, 34746)",1
1527,"(8922, 52290)",1
1528,"(2681, 44324)",1
1529,"(4952, 52168)",1
1530,"(8317, 44217)",1
1531,"(8317, 44529)",1
1532,"(5121, 44085)",1
1533,"(2681, 52278)",5
1534,"(8958, 52290)",3
1535,"(2681, 63818)",10
1536,"(1960, 64248)",1
1537,"(2401, 2795)",1
1538,"(6459, 2795)",1
1539,"(4268, 63661)",1
1540,"(1994, 4238)",1
1541,"(2681, 34657)",5
1542,"(5301, 44538)",1
1543,"(7492, 2688)",1
1544,"(2681, 52211)",1
1545,"(435, 3006)",1
1546,"(7234, 34500)",1
1547,"(7339, 34500)",1
1548,"(7405, 34500)",1
1549,"(7433, 34500)",1
1550,"(7574, 34500)",1
1551,"(7645, 34500)",1
1552,"(7728, 34500)",1
1553,"(7736, 34500)",1
1554,"(2681, 4229)",2
1555,"(175, 63685)",1
1556,"(3645, 64780)",1
1557,"(3645, 64933)",1
1558,"(3645, 64934)",1
1559,"(984, 63285)",2
1560,"(2681, 63153)",2
1561,"(2026, 64243)",1
1562,"(1045, 52206)",1
1563,"(211, 34677)",3
1564,"(5092, 39981)",3
1565,"(3474, 63210)",3
1566,"(1867, 56441)",1
1567,"(11461, 56441)",1
1568,"(649, 56725)",2
1569,"(691, 56725)",2
1570,"(3382, 56725)",1
1571,"(3656, 56725)",2
1572,"(5468, 56725)",2
1573,"(6818, 56725)",2
1574,"(6839, 56725)",1
1575,"(7535, 56725)",2
1576,"(11845, 19252)",1
1577,"(215, 56725)",2
1578,"(623, 56725)",1
1579,"(653, 56725)",1
1580,"(656, 56725)",1
1581,"(669, 56725)",1
1582,"(670, 56725)",1
1583,"(679, 56725)",1
1584,"(1291, 56725)",1
1585,"(1384, 56725)",1
1586,"(1388, 56725)",1
1587,"(1647, 56725)",1
1588,"(1648, 56725)",1
1589,"(1649, 56725)",1
1590,"(1651, 56725)",1
1591,"(1993, 56725)",1
1592,"(3381, 56725)",1
1593,"(4677, 56725)",1
1594,"(4680, 56725)",1
1595,"(4682, 56725)",1
1596,"(6850, 56725)",1
1597,"(5390, 64235)",1
1598,"(2681, 52227)",3
1599,"(5301, 52376)",2
1600,"(1503, 64607)",1
1601,"(2681, 64607)",2
1602,"(3474, 3440)",1
1603,"(211, 65836)",1
1604,"(3445, 63950)",1
1605,"(176, 63286)",1
1606,"(1728, 39996)",1
1607,"(2681, 39996)",4
1608,"(7427, 44264)",2
1609,"(5059, 4279)",1
1610,"(2026, 8674)",1
1611,"(2026, 63269)",1
1612,"(2681, 44213)",4
1613,"(175, 63272)",1
1614,"(908, 63272)",1
1615,"(925, 63272)",2
1616,"(1309, 63272)",1
1617,"(2647, 63272)",1
1618,"(2681, 63272)",1
1619,"(5326, 63272)",1
1620,"(6740, 63272)",3
1621,"(11645, 63272)",1
1622,"(11646, 63272)",1
1623,"(518, 38403)",1
1624,"(3613, 38403)",1
1625,"(2963, 19250)",1
1626,"(2681, 66687)",8
1627,"(3445, 3492)",3
1628,"(5087, 62927)",1
1629,"(1643, 56670)",1
1630,"(1318, 3107)",1
1631,"(5301, 62837)",1
1632,"(2681, 44367)",4
1633,"(2681, 67509)",1
1634,"(928, 64515)",1
1635,"(7662, 56424)",1
1636,"(928, 63045)",2
1637,"(1315, 3087)",1
1638,"(7599, 63272)",2
1639,"(4460, 62880)",2
1640,"(3474, 4229)",1
1641,"(2681, 52302)",10
1642,"(4483, 56646)",1
1643,"(2681, 64017)",1
1644,"(2681, 56678)",1
1645,"(1522, 26776)",1
1646,"(11377, 63468)",2
1647,"(5347, 26671)",1
1648,"(2230, 64562)",1
1649,"(2266, 64562)",1
1650,"(211, 62757)",1
1651,"(1452, 64050)",1
1652,"(6478, 52414)",1
1653,"(457, 22818)",1
1654,"(2114, 3395)",1
1655,"(6937, 62927)",1
1656,"(9768, 63978)",1
1657,"(1306, 62890)",1
1658,"(2681, 62890)",4
1659,"(3474, 62890)",2
1660,"(5301, 63104)",1
1661,"(588, 64234)",1
1662,"(399, 56588)",1
1663,"(6752, 56449)",1
1664,"(463, 56533)",1
1665,"(463, 56641)",1
1666,"(1789, 56533)",1
1667,"(11510, 56641)",1
1668,"(1410, 3107)",1
1669,"(830, 56756)",1
1670,"(3645, 56756)",1
1671,"(2597, 63748)",1
1672,"(2597, 64078)",1
1673,"(2597, 65339)",1
1674,"(2483, 44129)",3
1675,"(2483, 62904)",1
1676,"(4460, 62822)",1
1677,"(4707, 62822)",1
1678,"(4982, 62822)",1
1679,"(5768, 62822)",1
1680,"(6671, 62822)",1
1681,"(9844, 62822)",1
1682,"(7870, 52206)",1
1683,"(634, 63958)",1
1684,"(648, 63958)",1
1685,"(658, 63958)",1
1686,"(851, 63958)",1
1687,"(1087, 63958)",1
1688,"(1503, 63958)",1
1689,"(1856, 63958)",1
1690,"(2026, 63958)",1
1691,"(2305, 63958)",1
1692,"(2529, 63958)",1
1693,"(2604, 63958)",1
1694,"(2846, 63958)",1
1695,"(2873, 63958)",1
1696,"(2890, 63958)",1
1697,"(3352, 63958)",1
1698,"(5712, 63958)",1
1699,"(5875, 63958)",1
1700,"(5941, 63958)",1
1701,"(6626, 63958)",1
1702,"(7525, 63958)",1
1703,"(10152, 63958)",1
1704,"(11857, 63958)",1
1705,"(2681, 62928)",4
1706,"(634, 3340)",1
1707,"(2943, 4281)",1
1708,"(5941, 3640)",1
1709,"(6413, 44347)",3
1710,"(6413, 52303)",3
1711,"(6413, 52311)",1
1712,"(6, 44321)",1
1713,"(34, 44321)",1
1714,"(2468, 44321)",1
1715,"(4877, 44321)",1
1716,"(5612, 44321)",1
1717,"(184, 44479)",1
1718,"(184, 52323)",1
1719,"(363, 52323)",1
1720,"(1623, 44479)",1
1721,"(1623, 52323)",1
1722,"(2469, 44479)",1
1723,"(2469, 52323)",1
1724,"(3308, 52323)",1
1725,"(3730, 52323)",1
1726,"(3956, 44479)",1
1727,"(3956, 52323)",1
1728,"(4020, 44479)",1
1729,"(4020, 52323)",1
1730,"(4974, 44479)",1
1731,"(4974, 52323)",1
1732,"(5645, 44479)",1
1733,"(5645, 52323)",1
1734,"(6947, 44479)",1
1735,"(6947, 52323)",1
1736,"(8897, 44479)",1
1737,"(8897, 52323)",1
1738,"(11321, 44479)",1
1739,"(11321, 52323)",1
1740,"(11322, 44479)",1
1741,"(11322, 52323)",1
1742,"(11323, 44479)",1
1743,"(11325, 44479)",1
1744,"(11325, 52323)",1
1745,"(11326, 44479)",1
1746,"(11326, 52323)",1
1747,"(11327, 44479)",1
1748,"(11327, 52323)",1
1749,"(11330, 44479)",1
1750,"(11330, 52323)",1
1751,"(11331, 44479)",1
1752,"(11331, 52323)",1
1753,"(11332, 44479)",1
1754,"(11332, 52323)",1
1755,"(11333, 44479)",1
1756,"(11333, 52323)",1
1757,"(11334, 44479)",1
1758,"(11334, 52323)",1
1759,"(11335, 44479)",1
1760,"(11335, 52323)",1
1761,"(11336, 44479)",1
1762,"(11336, 52323)",1
1763,"(11337, 44479)",1
1764,"(11337, 52323)",1
1765,"(11340, 52323)",1
1766,"(11341, 52323)",1
1767,"(11342, 52323)",1
1768,"(3474, 62946)",2
1769,"(5301, 63096)",3
1770,"(2681, 56847)",6
1771,"(3445, 56578)",1
1772,"(99, 52238)",1
1773,"(91, 62842)",1
1774,"(11934, 62842)",1
1775,"(2681, 56497)",1
1776,"(5301, 63454)",3
1777,"(5301, 56850)",2
1778,"(2681, 56559)",6
1779,"(984, 67507)",1
1780,"(2026, 64541)",1
1781,"(2681, 15316)",4
1782,"(5002, 3638)",1
1783,"(2681, 63506)",1
1784,"(1413, 56808)",1
1785,"(984, 44107)",1
1786,"(984, 56626)",1
1787,"(2681, 19147)",6
1788,"(2681, 63244)",5
1789,"(2681, 63096)",10
1790,"(3474, 56600)",1
1791,"(2597, 56631)",1
1792,"(2026, 4281)",2
1793,"(2483, 3100)",1
1794,"(2483, 63162)",1
1795,"(10822, 56648)",1
1796,"(7479, 22816)",3
1797,"(2681, 56588)",10
1798,"(5301, 63285)",1
1799,"(211, 64231)",1
1800,"(5301, 3101)",1
1801,"(2681, 67506)",8
1802,"(6519, 3557)",4
1803,"(2681, 15310)",1
1804,"(399, 62803)",2
1805,"(3020, 62803)",1
1806,"(2026, 63503)",2
1807,"(2002, 52392)",1
1808,"(984, 34370)",2
1809,"(1045, 34370)",1
1810,"(1045, 56626)",2
1811,"(586, 4281)",1
1812,"(2681, 63233)",3
1813,"(908, 56639)",2
1814,"(5301, 44252)",1
1815,"(984, 67565)",2
1816,"(1994, 64053)",1
1817,"(2681, 56592)",3
1818,"(5301, 67500)",1
1819,"(5301, 52210)",2
1820,"(5301, 63420)",2
1821,"(5301, 63422)",2
1822,"(399, 56648)",2
1823,"(1045, 56648)",1
1824,"(399, 34355)",1
1825,"(6752, 63914)",1
1826,"(382, 773)",1
1827,"(399, 62880)",2
1828,"(1285, 44368)",1
1829,"(830, 65415)",1
1830,"(9048, 65415)",1
1831,"(3101, 56501)",1
1832,"(11506, 56637)",1
1833,"(6500, 56449)",2
1834,"(3645, 3630)",2
1835,"(3101, 62814)",1
1836,"(3101, 65415)",1
1837,"(11565, 56807)",1
1838,"(2687, 62790)",1
1839,"(1792, 3107)",1
1840,"(8558, 3107)",1
1841,"(10651, 3107)",1
1842,"(4460, 64590)",2
1843,"(4460, 64592)",2
1844,"(5768, 3100)",2
1845,"(5768, 19104)",1
1846,"(2499, 3100)",1
1847,"(399, 63245)",1
1848,"(2483, 3697)",1
1849,"(399, 56569)",2
1850,"(2681, 56808)",2
1851,"(3474, 44389)",3
1852,"(2681, 62814)",2
1853,"(11738, 38403)",1
1854,"(3474, 62850)",1
1855,"(2681, 3119)",2
1856,"(3919, 56639)",1
1857,"(908, 56784)",1
1858,"(1263, 56784)",1
1859,"(1749, 56784)",1
1860,"(1793, 56784)",1
1861,"(2496, 56784)",1
1862,"(2681, 56784)",4
1863,"(2731, 56784)",1
1864,"(3474, 56784)",1
1865,"(4497, 56784)",1
1866,"(4967, 56784)",1
1867,"(5301, 56784)",1
1868,"(6170, 56784)",1
1869,"(7945, 56784)",1
1870,"(8483, 56784)",1
1871,"(8972, 56784)",1
1872,"(3474, 63454)",2
1873,"(3474, 56835)",1
1874,"(6170, 63285)",1
1875,"(2681, 3385)",4
1876,"(4889, 3641)",2
1877,"(20, 19169)",1
1878,"(53, 19169)",1
1879,"(599, 19169)",1
1880,"(600, 19169)",1
1881,"(601, 19169)",1
1882,"(741, 64064)",1
1883,"(747, 19169)",1
1884,"(751, 19169)",1
1885,"(1813, 19169)",1
1886,"(1814, 19169)",1
1887,"(5033, 19169)",1
1888,"(5441, 19169)",1
1889,"(5442, 19169)",1
1890,"(6119, 19169)",1
1891,"(6796, 64064)",1
1892,"(7078, 19169)",1
1893,"(7082, 19169)",1
1894,"(7557, 19169)",1
1895,"(11747, 19169)",1
1896,"(11748, 19169)",1
1897,"(11752, 19169)",1
1898,"(2945, 56621)",1
1899,"(3812, 3641)",1
1900,"(7393, 3630)",1
1901,"(8430, 3471)",1
1902,"(1306, 62778)",1
1903,"(2681, 62778)",2
1904,"(984, 3485)",1
1905,"(1096, 3485)",1
1906,"(1723, 3485)",1
1907,"(2951, 3485)",1
1908,"(3445, 3485)",1
1909,"(3512, 3485)",1
1910,"(6519, 3485)",1
1911,"(6357, 3397)",1
1912,"(6519, 56639)",4
1913,"(6519, 3576)",1
1914,"(4889, 3561)",2
1915,"(4889, 3566)",1
1916,"(984, 3135)",1
1917,"(2681, 63082)",2
1918,"(2681, 63156)",7
1919,"(2681, 3608)",2
1920,"(2681, 2200)",2
1921,"(2681, 64013)",4
1922,"(2668, 63235)",1
1923,"(3474, 63235)",1
1924,"(3474, 3395)",3
1925,"(2681, 3412)",2
1926,"(382, 56432)",1
1927,"(382, 56453)",1
1928,"(4633, 62944)",1
1929,"(211, 34370)",1
1930,"(3445, 34370)",2
1931,"(3445, 56626)",1
1932,"(3551, 56461)",1
1933,"(4889, 63154)",1
1934,"(6519, 63246)",2
1935,"(2681, 8665)",4
1936,"(2681, 67501)",5
1937,"(2026, 3513)",2
1938,"(3474, 64393)",3
1939,"(5243, 64634)",1
1940,"(5242, 64634)",2
1941,"(552, 56432)",1
1942,"(3266, 56432)",1
1943,"(4019, 56432)",1
1944,"(11445, 56432)",1
1945,"(11446, 56432)",1
1946,"(11448, 56432)",1
1947,"(11449, 56432)",1
1948,"(11450, 56432)",1
1949,"(11900, 56432)",1
1950,"(5242, 52389)",1
1951,"(718, 63272)",1
1952,"(2901, 56643)",1
1953,"(6880, 63286)",1
1954,"(2026, 64562)",1
1955,"(3168, 63753)",1
1956,"(5301, 63753)",1
1957,"(6519, 63285)",2
1958,"(1636, 56453)",1
1959,"(1645, 56453)",1
1960,"(2519, 56453)",1
1961,"(2604, 56453)",1
1962,"(2605, 56453)",1
1963,"(4060, 56453)",1
1964,"(4413, 56453)",1
1965,"(4416, 56453)",1
1966,"(4471, 56453)",1
1967,"(4556, 56453)",1
1968,"(5533, 56453)",1
1969,"(5607, 56453)",1
1970,"(5879, 56453)",1
1971,"(5884, 56453)",1
1972,"(6758, 56453)",1
1973,"(10126, 56453)",1
1974,"(11465, 56453)",1
1975,"(11468, 56453)",1
1976,"(3263, 64559)",1
1977,"(3368, 64559)",1
1978,"(11470, 64559)",3
1979,"(5243, 63753)",1
1980,"(2604, 3502)",1
1981,"(2026, 64575)",1
1982,"(2026, 64576)",1
1983,"(5244, 3505)",2
1984,"(2026, 64955)",1
1985,"(2716, 56823)",1
1986,"(2716, 56832)",1
1987,"(2716, 65835)",1
1988,"(2026, 56432)",1
1989,"(3474, 64015)",3
1990,"(2026, 3494)",1
1991,"(3260, 3494)",1
1992,"(2305, 52397)",1
1993,"(2681, 4281)",1
1994,"(949, 44458)",1
1995,"(2908, 3511)",1
1996,"(399, 56432)",2
1997,"(4856, 3087)",1
1998,"(399, 3231)",2
1999,"(830, 3231)",1
2000,"(830, 66710)",1
2001,"(3201, 64538)",1
2002,"(5526, 63199)",1
2003,"(6996, 67507)",1
2004,"(984, 3646)",1
2005,"(399, 63182)",2
2006,"(6752, 63272)",1
2007,"(3474, 63107)",1
2008,"(1045, 56511)",3
2009,"(2681, 56458)",4
2010,"(4889, 63046)",2
2011,"(2681, 56793)",2
2012,"(3474, 56793)",1
2013,"(3474, 56626)",1
2014,"(4889, 63158)",1
2015,"(7479, 63272)",1
2016,"(3474, 56850)",5
2017,"(4887, 64059)",1
2018,"(4889, 64049)",1
2019,"(4889, 64059)",1
2020,"(211, 64048)",1
2021,"(399, 62879)",1
2022,"(11587, 62879)",1
2023,"(11588, 62879)",1
2024,"(2681, 4287)",2
2025,"(928, 63285)",1
2026,"(3542, 52414)",1
2027,"(5301, 3649)",1
2028,"(4306, 44389)",1
2029,"(4306, 62981)",1
2030,"(2681, 56619)",2
2031,"(1318, 52314)",1
2032,"(3474, 56655)",7
2033,"(1045, 44132)",1
2034,"(399, 67506)",1
2035,"(2681, 56855)",6
2036,"(4606, 52333)",1
2037,"(4606, 63780)",1
2038,"(1133, 56626)",1
2039,"(1133, 56627)",1
2040,"(984, 3638)",1
2041,"(6769, 63875)",1
2042,"(11381, 63875)",1
2043,"(5935, 3641)",2
2044,"(3474, 63574)",1
2045,"(3474, 26674)",1
2046,"(10766, 63272)",1
2047,"(1309, 3437)",1
2048,"(3445, 56650)",1
2049,"(15862, 3135)",1
2050,"(3352, 56650)",2
2051,"(2080, 3641)",1
2052,"(2080, 56432)",2
2053,"(1306, 44198)",1
2054,"(1454, 44198)",1
2055,"(2026, 44198)",1
2056,"(2026, 56478)",1
2057,"(2180, 44198)",1
2058,"(2305, 44198)",1
2059,"(2681, 44198)",4
2060,"(2681, 56478)",1
2061,"(4872, 44198)",1
2062,"(4872, 44291)",1
2063,"(4872, 56478)",1
2064,"(6129, 56646)",4
2065,"(2120, 63038)",1
2066,"(5301, 3344)",1
2067,"(5301, 3173)",1
2068,"(5301, 44081)",1
2069,"(1749, 56854)",2
2070,"(5757, 40003)",2
2071,"(11531, 63285)",1
2072,"(3445, 63475)",1
2073,"(4269, 3083)",1
2074,"(176, 63753)",1
2075,"(2681, 62944)",2
2076,"(488, 64756)",1
2077,"(8728, 66248)",1
2078,"(2681, 15368)",5
2079,"(9230, 64515)",1
2080,"(4634, 44272)",1
2081,"(2681, 2749)",4
2082,"(1749, 63847)",1
2083,"(2681, 2743)",5
2084,"(2681, 63847)",2
2085,"(630, 2619)",1
2086,"(1960, 62847)",1
2087,"(4671, 22827)",1
2088,"(176, 3613)",1
2089,"(399, 3613)",2
2090,"(1994, 3613)",1
2091,"(2294, 3613)",1
2092,"(2662, 3613)",1
2093,"(3111, 3613)",1
2094,"(3552, 3613)",1
2095,"(4540, 3613)",1
2096,"(5023, 3613)",1
2097,"(6245, 3613)",1
2098,"(6427, 3614)",1
2099,"(6591, 3613)",1
2100,"(7090, 3613)",1
2101,"(8014, 3613)",1
2102,"(8908, 3613)",1
2103,"(8985, 3613)",1
2104,"(9231, 3614)",1
2105,"(9327, 3614)",1
2106,"(9710, 3613)",1
2107,"(9903, 3613)",1
2108,"(9903, 3614)",1
2109,"(10038, 3614)",1
2110,"(10919, 3613)",1
2111,"(11304, 3613)",1
2112,"(11934, 3614)",1
2113,"(12183, 3613)",1
2114,"(12184, 3613)",1
2115,"(12185, 3613)",1
2116,"(12187, 3613)",1
2117,"(12188, 3613)",1
2118,"(12189, 3613)",1
2119,"(12190, 3613)",1
2120,"(12191, 3613)",1
2121,"(12192, 3613)",1
2122,"(12193, 3613)",1
2123,"(12194, 3613)",1
2124,"(12195, 3613)",1
2125,"(12197, 3613)",1
2126,"(12198, 3613)",1
2127,"(12199, 3613)",1
2128,"(12200, 3613)",1
2129,"(12201, 3613)",1
2130,"(12202, 3613)",1
2131,"(12203, 3613)",1
2132,"(12204, 3613)",1
2133,"(12205, 3613)",1
2134,"(12206, 3613)",1
2135,"(12207, 3613)",1
2136,"(12208, 3613)",1
2137,"(12209, 3613)",1
2138,"(12210, 3613)",1
2139,"(12211, 3613)",1
2140,"(12212, 3613)",1
2141,"(12213, 3613)",1
2142,"(12214, 3613)",1
2143,"(12215, 3613)",1
2144,"(12216, 3613)",1
2145,"(12217, 3613)",1
2146,"(12218, 3613)",1
2147,"(12219, 3613)",1
2148,"(12221, 3614)",1
2149,"(12222, 3614)",1
2150,"(12223, 3614)",1
2151,"(12224, 3614)",1
2152,"(12225, 3614)",1
2153,"(12226, 3614)",1
2154,"(12227, 3614)",1
2155,"(12228, 3614)",1
2156,"(12229, 3614)",1
2157,"(12230, 3614)",1
2158,"(12231, 3614)",1
2159,"(12232, 3614)",1
2160,"(12233, 3614)",1
2161,"(12234, 3614)",1
2162,"(12235, 3614)",1
2163,"(12236, 3614)",1
2164,"(12237, 3614)",1
2165,"(12238, 3614)",1
2166,"(12239, 3614)",1
2167,"(12240, 3614)",1
2168,"(12241, 3614)",1
2169,"(2702, 63687)",2
2170,"(510, 63550)",2
2171,"(11931, 62943)",1
2172,"(3607, 22827)",1
2173,"(2681, 2684)",3
2174,"(2681, 63840)",8
2175,"(2681, 63340)",5
2176,"(6725, 44260)",1
2177,"(6725, 63132)",1
2178,"(4484, 2619)",1
2179,"(12125, 2619)",1
2180,"(12126, 2619)",1
2181,"(12127, 2619)",1
2182,"(12128, 2619)",1
2183,"(12129, 2619)",1
2184,"(928, 19073)",1
2185,"(6943, 4228)",1
2186,"(6944, 4228)",1
2187,"(12105, 4228)",1
2188,"(2026, 63602)",1
2189,"(2681, 19103)",2
2190,"(2681, 19132)",1
2191,"(2681, 63694)",2
2192,"(12032, 19185)",1
2193,"(6522, 2619)",1
2194,"(756, 2687)",3
2195,"(756, 62949)",3
2196,"(3352, 8689)",1
2197,"(2026, 64722)",1
2198,"(6940, 19043)",1
2199,"(2026, 19187)",1
2200,"(5301, 3708)",2
2201,"(2681, 15367)",1
2202,"(2207, 44270)",1
2203,"(4267, 2750)",1
2204,"(2681, 8636)",5
2205,"(3474, 8636)",1
2206,"(213, 19133)",1
2207,"(11947, 15307)",2
2208,"(3474, 64068)",3
2209,"(4126, 62950)",1
2210,"(3474, 4284)",3
2211,"(5301, 19104)",1
2212,"(6519, 56687)",1
2213,"(2681, 63695)",2
2214,"(3474, 63818)",4
2215,"(3474, 8703)",5
2216,"(4268, 15366)",1
2217,"(211, 63603)",1
2218,"(4268, 2631)",1
2219,"(3474, 2633)",5
2220,"(3474, 63789)",2
2221,"(4845, 19164)",1
2222,"(8711, 63660)",1
2223,"(2681, 63575)",1
2224,"(399, 63370)",4
2225,"(4872, 63370)",1
2226,"(390, 19185)",1
2227,"(2681, 19185)",1
2228,"(2681, 64189)",7
2229,"(162, 8690)",1
2230,"(5301, 63789)",1
2231,"(4590, 4226)",1
2232,"(2026, 19058)",1
2233,"(2950, 19058)",1
2234,"(2681, 63623)",3
2235,"(2681, 64119)",7
2236,"(2681, 66847)",3
2237,"(2681, 62950)",5
2238,"(2681, 63113)",4
2239,"(4559, 62955)",4
2240,"(6170, 4245)",3
2241,"(4985, 44260)",1
2242,"(3076, 19133)",1
2243,"(944, 26686)",2
2244,"(399, 19133)",1
2245,"(11999, 19104)",1
2246,"(3645, 3575)",1
2247,"(8948, 3575)",1
2248,"(3474, 63633)",1
2249,"(2681, 15366)",1
2250,"(5301, 15366)",2
2251,"(3474, 4246)",2
2252,"(2695, 64329)",1
2253,"(2681, 4231)",1
2254,"(6170, 63340)",2
2255,"(2681, 19043)",1
2256,"(2681, 19111)",6
2257,"(2681, 15360)",3
2258,"(2026, 30555)",1
2259,"(2681, 63605)",6
2260,"(12106, 63832)",3
2261,"(2315, 19209)",4
2262,"(3474, 16691)",1
2263,"(2681, 8690)",2
2264,"(6170, 8690)",2
2265,"(5301, 8686)",1
2266,"(2681, 4241)",8
2267,"(12004, 63592)",1
2268,"(960, 63162)",1
2269,"(4699, 19141)",1
2270,"(3001, 34373)",1
2271,"(7221, 26694)",1
2272,"(669, 26694)",1
2273,"(2026, 2646)",1
2274,"(5301, 63341)",1
2275,"(2681, 8687)",4
2276,"(6920, 8687)",1
2277,"(2681, 63610)",1
2278,"(658, 63911)",1
2279,"(2165, 63911)",1
2280,"(5058, 63911)",2
2281,"(1096, 2711)",2
2282,"(1749, 8686)",1
2283,"(6920, 19046)",1
2284,"(2026, 64663)",1
2285,"(2026, 64853)",1
2286,"(2681, 4247)",7
2287,"(3474, 63340)",3
2288,"(4889, 64328)",4
2289,"(5301, 64011)",1
2290,"(3474, 64761)",1
2291,"(984, 64718)",1
2292,"(2681, 64719)",4
2293,"(1819, 63287)",1
2294,"(3474, 19057)",2
2295,"(399, 64329)",1
2296,"(2681, 64329)",6
2297,"(11089, 19059)",1
2298,"(2676, 64411)",13
2299,"(6920, 19066)",1
2300,"(2026, 64329)",1
2301,"(623, 64665)",1
2302,"(2026, 64665)",1
2303,"(2681, 64665)",3
2304,"(6880, 19044)",1
2305,"(2957, 19068)",2
2306,"(732, 3613)",4
2307,"(6334, 3613)",1
2308,"(6908, 15367)",1
2309,"(3474, 63343)",5
2310,"(6170, 15367)",1
2311,"(3118, 4240)",1
2312,"(3474, 3085)",1
2313,"(928, 2633)",1
2314,"(1994, 63911)",2
2315,"(3474, 63692)",1
2316,"(1309, 63824)",1
2317,"(2676, 63696)",8
2318,"(6519, 63660)",1
2319,"(1994, 64724)",2
2320,"(3445, 64738)",2
2321,"(3474, 63132)",1
2322,"(2681, 3169)",3
2323,"(3474, 3169)",5
2324,"(3474, 19081)",1
2325,"(2681, 19199)",2
2326,"(4889, 64671)",2
2327,"(2681, 52408)",5
2328,"(7140, 63643)",1
2329,"(3474, 4238)",3
2330,"(10590, 62911)",1
2331,"(11910, 62911)",1
2332,"(3474, 2750)",1
2333,"(2947, 4284)",1
2334,"(2681, 16691)",5
2335,"(6839, 16691)",1
2336,"(5379, 44265)",1
2337,"(2105, 19062)",1
2338,"(2681, 19189)",5
2339,"(3474, 19189)",4
2340,"(3474, 63562)",3
2341,"(6335, 64657)",1
2342,"(3474, 63809)",1
2343,"(12032, 19131)",1
2344,"(12032, 63575)",1
2345,"(4559, 63643)",1
2346,"(7133, 63643)",1
2347,"(2165, 64714)",1
2348,"(2870, 64714)",1
2349,"(6752, 19189)",1
2350,"(4887, 63911)",1
2351,"(9653, 63687)",1
2352,"(902, 2609)",1
2353,"(2604, 64753)",1
2354,"(6411, 63911)",2
2355,"(908, 64131)",1
2356,"(2120, 64131)",1
2357,"(399, 56673)",3
2358,"(2681, 56673)",1
2359,"(2523, 4249)",1
2360,"(2523, 63660)",1
2361,"(6523, 62952)",1
2362,"(3393, 64411)",1
2363,"(12147, 63646)",1
2364,"(5301, 2763)",1
2365,"(8050, 26789)",1
2366,"(3509, 44109)",1
2367,"(891, 669)",1
2368,"(2625, 669)",1
2369,"(6324, 669)",1
2370,"(2681, 63865)",3
2371,"(3474, 63865)",2
2372,"(12263, 64679)",1
2373,"(1153, 63860)",1
2374,"(2026, 30528)",1
2375,"(2026, 67348)",1
2376,"(399, 34748)",6
2377,"(7765, 34660)",1
2378,"(399, 40065)",2
2379,"(8086, 44305)",1
2380,"(1465, 2800)",1
2381,"(5068, 40043)",1
2382,"(928, 62954)",1
2383,"(978, 34567)",1
2384,"(2681, 22841)",2
2385,"(2681, 63846)",4
2386,"(2681, 64369)",3
2387,"(3474, 64369)",3
2388,"(3474, 26825)",3
2389,"(399, 44137)",2
2390,"(1318, 44137)",1
2391,"(3201, 44137)",1
2392,"(4460, 44137)",1
2393,"(4802, 44137)",1
2394,"(4982, 44137)",1
2395,"(5768, 44137)",1
2396,"(6676, 44137)",1
2397,"(6752, 44137)",1
2398,"(8974, 44137)",1
2399,"(9844, 44137)",1
2400,"(399, 44199)",2
2401,"(7848, 52258)",1
2402,"(7974, 64570)",1
2403,"(3474, 22867)",2
2404,"(3512, 4286)",1
2405,"(3512, 44181)",1
2406,"(3512, 44183)",1
2407,"(10553, 26774)",1
2408,"(4102, 669)",1
2409,"(6991, 26776)",1
2410,"(12499, 30532)",1
2411,"(6741, 26718)",1
2412,"(12446, 64091)",1
2413,"(8078, 34529)",1
2414,"(3474, 63853)",5
2415,"(7861, 63932)",1
2416,"(7862, 63932)",1
2417,"(3101, 63932)",1
2418,"(399, 63393)",1
2419,"(399, 66023)",2
2420,"(3445, 34487)",1
2421,"(10307, 26703)",1
2422,"(2681, 15383)",4
2423,"(3474, 64372)",4
2424,"(2681, 34441)",1
2425,"(3474, 34441)",1
2426,"(6725, 34441)",1
2427,"(984, 34748)",2
2428,"(12290, 34340)",1
2429,"(5849, 44192)",1
2430,"(772, 44181)",2
2431,"(12504, 64372)",1
2432,"(6880, 26774)",1
2433,"(1053, 40041)",1
2434,"(5706, 64042)",1
2435,"(2681, 30534)",1
2436,"(2681, 65759)",7
2437,"(6321, 26807)",3
2438,"(2681, 2745)",3
2439,"(2681, 26829)",2
2440,"(5990, 64793)",2
2441,"(2026, 34553)",1
2442,"(3474, 30527)",1
2443,"(5619, 44302)",1
2444,"(8090, 44299)",1
2445,"(3474, 63673)",9
2446,"(2681, 63853)",3
2447,"(2604, 26718)",1
2448,"(3164, 34409)",1
2449,"(7759, 63886)",1
2450,"(6500, 39991)",2
2451,"(2681, 2751)",4
2452,"(2681, 34508)",3
2453,"(2681, 44164)",2
2454,"(2950, 56390)",5
2455,"(6170, 34503)",1
2456,"(9, 19217)",1
2457,"(358, 19217)",1
2458,"(387, 19217)",1
2459,"(517, 19217)",2
2460,"(984, 19217)",1
2461,"(1572, 19217)",2
2462,"(1577, 19217)",1
2463,"(1723, 19217)",1
2464,"(1994, 19217)",1
2465,"(2608, 19217)",2
2466,"(3247, 19217)",1
2467,"(3460, 19217)",2
2468,"(5372, 19217)",1
2469,"(5613, 19217)",1
2470,"(5636, 19217)",1
2471,"(6437, 19217)",1
2472,"(6461, 19217)",1
2473,"(10248, 19217)",1
2474,"(10249, 19217)",1
2475,"(12425, 19217)",1
2476,"(15862, 19217)",1
2477,"(631, 22872)",1
2478,"(631, 22873)",1
2479,"(691, 22872)",1
2480,"(691, 22873)",1
2481,"(844, 22873)",1
2482,"(2327, 22872)",1
2483,"(2782, 22872)",1
2484,"(3569, 22873)",1
2485,"(5450, 22872)",1
2486,"(5450, 22873)",1
2487,"(8023, 22872)",1
2488,"(8023, 22873)",1
2489,"(8024, 22873)",1
2490,"(12471, 22872)",1
2491,"(12473, 22873)",1
2492,"(12323, 44039)",1
2493,"(6511, 44101)",3
2494,"(984, 26807)",3
2495,"(1320, 30539)",1
2496,"(4889, 19101)",1
2497,"(3101, 34507)",1
2498,"(2681, 44167)",1
2499,"(3101, 62746)",1
2500,"(3474, 26673)",1
2501,"(2026, 26816)",1
2502,"(3262, 34755)",2
2503,"(474, 64906)",1
2504,"(5242, 64899)",1
2505,"(984, 64908)",2
2506,"(658, 64905)",1
2507,"(2676, 64372)",1
2508,"(6687, 64372)",1
2509,"(5242, 64907)",2
2510,"(4574, 64904)",2
2511,"(4574, 64906)",2
2512,"(5941, 64904)",5
2513,"(6160, 64906)",1
2514,"(211, 26789)",2
2515,"(5757, 65176)",1
2516,"(2026, 63684)",1
2517,"(2681, 52261)",1
2518,"(7878, 39991)",1
2519,"(8948, 26837)",1
2520,"(935, 63934)",1
2521,"(944, 63934)",1
2522,"(947, 63934)",1
2523,"(951, 63934)",1
2524,"(7935, 63934)",1
2525,"(7936, 63934)",1
2526,"(5812, 64878)",1
2527,"(2681, 62755)",5
2528,"(908, 26829)",1
2529,"(2681, 63862)",2
2530,"(2681, 19216)",5
2531,"(2681, 63817)",1
2532,"(908, 44247)",1
2533,"(3352, 30524)",1
2534,"(7883, 34491)",1
2535,"(2324, 34490)",1
2536,"(1374, 34720)",1
2537,"(5613, 34720)",1
2538,"(2681, 62954)",3
2539,"(5828, 64878)",1
2540,"(6245, 34755)",1
2541,"(2681, 52187)",5
2542,"(3474, 64022)",3
2543,"(4460, 40065)",1
2544,"(2681, 22829)",1
2545,"(1153, 26750)",1
2546,"(2681, 34529)",10
2547,"(7829, 52314)",1
2548,"(4573, 804)",1
2549,"(6632, 40056)",2
2550,"(2681, 34505)",1
2551,"(332, 52314)",1
2552,"(773, 52314)",1
2553,"(779, 52314)",1
2554,"(2531, 52314)",1
2555,"(3444, 52314)",1
2556,"(5026, 52314)",1
2557,"(6747, 52314)",1
2558,"(6757, 52314)",1
2559,"(6863, 52314)",1
2560,"(6975, 52314)",1
2561,"(7766, 52314)",1
2562,"(7767, 52314)",1
2563,"(7768, 52314)",1
2564,"(7769, 52314)",1
2565,"(7770, 52314)",1
2566,"(7771, 52314)",1
2567,"(7772, 52314)",1
2568,"(7774, 52314)",1
2569,"(7775, 52314)",1
2570,"(7776, 52314)",1
2571,"(7777, 52314)",1
2572,"(7780, 52314)",1
2573,"(7781, 52314)",1
2574,"(7782, 52314)",1
2575,"(7783, 52314)",1
2576,"(7784, 52314)",1
2577,"(7785, 52314)",1
2578,"(7786, 52314)",1
2579,"(7787, 52314)",1
2580,"(7788, 52314)",1
2581,"(7789, 52314)",1
2582,"(7790, 52314)",1
2583,"(7791, 52314)",1
2584,"(7793, 52314)",1
2585,"(7794, 52314)",1
2586,"(7795, 52314)",1
2587,"(7796, 52314)",1
2588,"(7797, 52314)",1
2589,"(7798, 52314)",1
2590,"(7799, 52314)",1
2591,"(7800, 52314)",1
2592,"(7801, 52314)",1
2593,"(7802, 52314)",1
2594,"(7804, 52314)",1
2595,"(7805, 52314)",1
2596,"(7806, 52314)",1
2597,"(7807, 52314)",1
2598,"(7808, 52314)",1
2599,"(7809, 52314)",1
2600,"(7810, 52314)",1
2601,"(7811, 52314)",1
2602,"(7812, 52314)",1
2603,"(7813, 52314)",1
2604,"(7814, 52314)",1
2605,"(7815, 52314)",1
2606,"(7816, 52314)",1
2607,"(7817, 52314)",1
2608,"(7818, 52314)",1
2609,"(7819, 52314)",1
2610,"(7820, 52314)",1
2611,"(7821, 52314)",1
2612,"(7822, 52314)",1
2613,"(7823, 52314)",1
2614,"(7824, 52314)",1
2615,"(7825, 52314)",1
2616,"(7826, 52314)",1
2617,"(7827, 52314)",1
2618,"(11804, 52314)",1
2619,"(12269, 52314)",1
2620,"(12280, 52314)",1
2621,"(2681, 26834)",4
2622,"(928, 2744)",2
2623,"(2681, 2744)",3
2624,"(1045, 34753)",1
2625,"(2681, 34357)",1
2626,"(6752, 34507)",1
2627,"(984, 30536)",1
2628,"(8083, 44236)",1
2629,"(2681, 44145)",1
2630,"(2681, 63863)",3
2631,"(7895, 34559)",1
2632,"(2681, 26782)",2
2633,"(5301, 63685)",2
2634,"(3352, 3689)",1
2635,"(5301, 26674)",3
2636,"(8507, 3640)",1
2637,"(5301, 4286)",1
2638,"(2489, 3277)",1
2639,"(9207, 52171)",1
2640,"(5401, 65003)",2
2641,"(6357, 65003)",2
2642,"(2681, 63012)",4
2643,"(2681, 65095)",8
2644,"(1204, 3100)",2
2645,"(2681, 63711)",1
2646,"(3474, 63603)",1
2647,"(984, 15302)",1
2648,"(2681, 3373)",1
2649,"(7150, 64079)",3
2650,"(8516, 3650)",1
2651,"(8426, 19171)",1
2652,"(5121, 63719)",2
2653,"(1994, 3640)",1
2654,"(12758, 19164)",2
2655,"(2681, 65105)",1
2656,"(1055, 38403)",1
2657,"(4889, 3592)",1
2658,"(11828, 4282)",1
2659,"(2668, 65254)",1
2660,"(2668, 65375)",1
2661,"(8687, 3512)",1
2662,"(6937, 15311)",1
2663,"(5274, 30498)",1
2664,"(8330, 16693)",1
2665,"(2026, 52196)",3
2666,"(2681, 19066)",5
2667,"(1211, 19122)",2
2668,"(1211, 63757)",3
2669,"(5309, 19122)",1
2670,"(3201, 4286)",1
2671,"(1426, 44283)",1
2672,"(399, 3100)",1
2673,"(3020, 3100)",1
2674,"(2687, 3454)",1
2675,"(4460, 3454)",1
2676,"(6500, 3454)",1
2677,"(6503, 3454)",1
2678,"(7875, 3454)",1
2679,"(7888, 3454)",1
2680,"(12872, 3454)",1
2681,"(8916, 3649)",1
2682,"(399, 19083)",2
2683,"(3352, 64225)",1
2684,"(2681, 3370)",3
2685,"(8547, 63399)",1
2686,"(8548, 63399)",1
2687,"(5301, 22806)",1
2688,"(4887, 19095)",1
2689,"(11516, 26695)",1
2690,"(2681, 19114)",4
2691,"(3474, 65095)",3
2692,"(2681, 65097)",6
2693,"(3474, 63541)",2
2694,"(1139, 8633)",1
2695,"(8680, 3492)",1
2696,"(861, 63954)",1
2697,"(1072, 15301)",1
2698,"(5087, 63954)",1
2699,"(164, 3641)",1
2700,"(1096, 3641)",1
2701,"(2046, 3641)",1
2702,"(2230, 3641)",1
2703,"(2401, 3641)",1
2704,"(2859, 3641)",1
2705,"(2946, 3641)",1
2706,"(2947, 3641)",1
2707,"(2949, 3641)",1
2708,"(2950, 3641)",1
2709,"(2951, 3641)",1
2710,"(5607, 3641)",1
2711,"(6063, 3641)",1
2712,"(6077, 3641)",1
2713,"(6459, 3641)",1
2714,"(6519, 3641)",1
2715,"(6524, 3641)",1
2716,"(8210, 3641)",1
2717,"(8755, 3641)",1
2718,"(9702, 3641)",1
2719,"(2767, 15313)",1
2720,"(3442, 15313)",1
2721,"(8724, 15313)",1
2722,"(12695, 15313)",1
2723,"(4267, 19096)",1
2724,"(5649, 19096)",1
2725,"(658, 15329)",1
2726,"(508, 19141)",1
2727,"(2681, 22825)",3
2728,"(2986, 64502)",1
2729,"(2108, 3370)",1
2730,"(3052, 3370)",1
2731,"(4114, 3370)",1
2732,"(5710, 3370)",1
2733,"(6784, 3370)",1
2734,"(6834, 3370)",1
2735,"(7427, 3370)",1
2736,"(8610, 3370)",1
2737,"(8611, 3370)",1
2738,"(8612, 3370)",1
2739,"(8614, 3370)",1
2740,"(8615, 3370)",1
2741,"(8616, 3370)",1
2742,"(8617, 3370)",1
2743,"(8618, 3370)",1
2744,"(8619, 3370)",1
2745,"(8620, 3370)",1
2746,"(8621, 3370)",1
2747,"(8622, 3370)",1
2748,"(8623, 3370)",1
2749,"(8625, 3370)",1
2750,"(8626, 3370)",1
2751,"(8627, 3370)",1
2752,"(8628, 3370)",1
2753,"(8629, 3370)",1
2754,"(8630, 3370)",1
2755,"(8631, 3370)",1
2756,"(8632, 3370)",1
2757,"(8633, 3370)",1
2758,"(12855, 3370)",1
2759,"(12862, 3370)",1
2760,"(12863, 3370)",1
2761,"(3474, 26668)",2
2762,"(2681, 63536)",2
2763,"(8293, 8633)",1
2764,"(3250, 64160)",5
2765,"(3445, 3562)",2
2766,"(5301, 3440)",2
2767,"(2681, 63402)",3
2768,"(2026, 3507)",1
2769,"(2681, 52195)",1
2770,"(6451, 64963)",5
2771,"(5301, 19191)",1
2772,"(683, 63599)",1
2773,"(2964, 65916)",1
2774,"(8646, 3395)",1
2775,"(5243, 52199)",1
2776,"(5049, 64106)",1
2777,"(4268, 63954)",1
2778,"(2681, 65098)",2
2779,"(2681, 63644)",1
2780,"(2681, 65099)",2
2781,"(3474, 19082)",2
2782,"(4267, 19101)",1
2783,"(3101, 65092)",1
2784,"(8221, 34367)",1
2785,"(2483, 16690)",1
2786,"(286, 3100)",1
2787,"(11565, 26695)",1
2788,"(11565, 63902)",1
2789,"(5757, 16690)",1
2790,"(12672, 16690)",1
2791,"(830, 19100)",1
2792,"(332, 3107)",1
2793,"(2320, 65092)",1
2794,"(1169, 19131)",1
2795,"(1169, 44273)",1
2796,"(12777, 3107)",1
2797,"(12778, 3107)",1
2798,"(12779, 3107)",1
2799,"(12780, 3107)",1
2800,"(12781, 3107)",1
2801,"(12782, 3107)",1
2802,"(12783, 3107)",1
2803,"(12784, 3107)",1
2804,"(12785, 3107)",1
2805,"(1925, 63599)",1
2806,"(9372, 62779)",1
2807,"(2026, 3631)",1
2808,"(3210, 8633)",1
2809,"(12687, 19043)",1
2810,"(8542, 3667)",1
2811,"(8542, 63742)",1
2812,"(799, 64198)",1
2813,"(656, 3464)",1
2814,"(2207, 63780)",1
2815,"(5092, 4195)",1
2816,"(5412, 4195)",1
2817,"(6331, 2065)",1
2818,"(5980, 64288)",1
2819,"(5092, 3140)",2
2820,"(12819, 3646)",1
2821,"(2124, 3711)",1
2822,"(8191, 3711)",1
2823,"(8597, 3711)",1
2824,"(8598, 3711)",1
2825,"(8599, 3711)",1
2826,"(6272, 3377)",1
2827,"(1096, 3599)",1
2828,"(2681, 19099)",1
2829,"(6170, 19099)",1
2830,"(1994, 19082)",1
2831,"(1045, 15307)",1
2832,"(2951, 67057)",1
2833,"(5613, 67057)",1
2834,"(984, 64370)",5
2835,"(6331, 19067)",1
2836,"(6519, 19096)",1
2837,"(2026, 19056)",1
2838,"(2026, 64967)",1
2839,"(627, 19143)",1
2840,"(7865, 65057)",1
2841,"(6815, 19043)",1
2842,"(1218, 63786)",1
2843,"(2026, 63786)",1
2844,"(2026, 3501)",1
2845,"(8123, 3610)",1
2846,"(399, 64255)",2
2847,"(77, 64836)",1
2848,"(6223, 56884)",2
2849,"(3474, 3613)",3
2850,"(6490, 19066)",1
2851,"(7224, 65451)",1
2852,"(2681, 26682)",7
2853,"(6313, 26682)",1
2854,"(984, 65002)",1
2855,"(399, 38404)",1
2856,"(2026, 65102)",1
2857,"(2681, 65103)",3
2858,"(2681, 65109)",1
2859,"(8343, 64854)",1
2860,"(2026, 64836)",3
2861,"(12598, 64836)",1
2862,"(12599, 64836)",1
2863,"(12600, 64836)",1
2864,"(2681, 65110)",4
2865,"(984, 3505)",1
2866,"(3256, 56896)",2
2867,"(3256, 56899)",1
2868,"(1994, 19066)",2
2869,"(8686, 3505)",1
2870,"(698, 19060)",2
2871,"(3474, 19068)",1
2872,"(3525, 19068)",1
2873,"(6163, 19068)",1
2874,"(3474, 52195)",1
2875,"(3512, 3492)",2
2876,"(3359, 19060)",1
2877,"(6996, 3493)",1
2878,"(1218, 3507)",1
2879,"(2681, 3510)",8
2880,"(396, 19066)",2
2881,"(5542, 19066)",1
2882,"(984, 3507)",1
2883,"(984, 3509)",1
2884,"(1096, 3509)",1
2885,"(5002, 64149)",1
2886,"(984, 19066)",3
2887,"(6331, 34701)",2
2888,"(2903, 63603)",2
2889,"(2026, 63603)",2
2890,"(136, 19047)",1
2891,"(2026, 19061)",5
2892,"(5940, 19044)",1
2893,"(4460, 19165)",2
2894,"(3101, 65031)",1
2895,"(3102, 65170)",1
2896,"(8123, 65031)",1
2897,"(4856, 64703)",1
2898,"(4856, 64975)",1
2899,"(3474, 65096)",4
2900,"(5542, 3221)",1
2901,"(908, 19057)",3
2902,"(1318, 3603)",1
2903,"(8125, 19058)",1
2904,"(1045, 19063)",1
2905,"(984, 65094)",3
2906,"(399, 3697)",1
2907,"(1473, 64198)",1
2908,"(6519, 3615)",1
2909,"(5607, 44067)",1
2910,"(5608, 15323)",1
2911,"(15862, 3099)",1
2912,"(5542, 52195)",1
2913,"(5542, 52196)",1
2914,"(10264, 62749)",1
2915,"(706, 19060)",1
2916,"(12707, 26669)",1
2917,"(1530, 64963)",1
2918,"(5087, 3538)",1
2919,"(2604, 26703)",1
2920,"(8356, 65092)",1
2921,"(1994, 2095)",1
2922,"(5837, 22814)",1
2923,"(4267, 3640)",1
2924,"(3445, 64198)",1
2925,"(2681, 3522)",1
2926,"(2681, 65530)",2
2927,"(3445, 3592)",2
2928,"(5589, 19047)",1
2929,"(15396, 19067)",1
2930,"(2921, 3107)",1
2931,"(4995, 3107)",1
2932,"(12799, 3107)",1
2933,"(12800, 3107)",1
2934,"(2026, 3592)",1
2935,"(4056, 3667)",1
2936,"(5801, 3667)",1
2937,"(2681, 19062)",1
2938,"(3474, 19062)",2
2939,"(4460, 26852)",1
2940,"(8492, 26852)",1
2941,"(8901, 3097)",1
2942,"(5074, 65211)",1
2943,"(8263, 65211)",1
2944,"(8854, 65237)",1
2945,"(12664, 65237)",1
2946,"(3445, 3340)",2
2947,"(6356, 19066)",1
2948,"(2681, 3397)",2
2949,"(12871, 3431)",1
2950,"(1096, 19155)",1
2951,"(2073, 3340)",1
2952,"(7938, 3340)",1
2953,"(8020, 3107)",1
2954,"(3175, 64613)",1
2955,"(2169, 3087)",1
2956,"(6177, 3169)",1
2957,"(5008, 3638)",1
2958,"(12570, 19063)",1
2959,"(4368, 64831)",1
2960,"(12590, 64831)",1
2961,"(5238, 64126)",1
2962,"(211, 3621)",2
2963,"(4329, 3621)",1
2964,"(3534, 15344)",1
2965,"(77, 3374)",1
2966,"(7599, 64854)",1
2967,"(1645, 63602)",1
2968,"(12736, 63589)",1
2969,"(3578, 64411)",1
2970,"(2677, 64411)",1
2971,"(2681, 19073)",5
2972,"(8805, 63911)",1
2973,"(211, 65162)",1
2974,"(3515, 65173)",1
2975,"(5301, 4260)",1
2976,"(2681, 65282)",5
2977,"(332, 63817)",1
2978,"(1306, 2745)",1
2979,"(1306, 4264)",1
2980,"(5301, 2745)",1
2981,"(5774, 63687)",1
2982,"(6740, 2651)",1
2983,"(7599, 63687)",1
2984,"(9239, 63687)",2
2985,"(2681, 2625)",5
2986,"(4329, 65216)",1
2987,"(3445, 63610)",1
2988,"(6524, 15353)",1
2989,"(8026, 2646)",1
2990,"(2681, 4245)",2
2991,"(8862, 63665)",1
2992,"(4816, 65226)",1
2993,"(2681, 63653)",4
2994,"(3052, 65178)",2
2995,"(121, 15353)",1
2996,"(8788, 44272)",1
2997,"(7461, 44269)",1
2998,"(2681, 63608)",2
2999,"(1867, 2651)",5
3000,"(5301, 2722)",1
3001,"(2950, 2642)",1
3002,"(908, 15367)",1
3003,"(6170, 2748)",1
3004,"(4272, 2625)",1
3005,"(1994, 2633)",1
3006,"(9654, 63664)",1
3007,"(2026, 63830)",2
3008,"(4889, 63612)",1
3009,"(8874, 2769)",1
3010,"(4616, 22827)",1
3011,"(3352, 19092)",3
3012,"(984, 2609)",1
3013,"(2681, 2629)",2
3014,"(8820, 8696)",1
3015,"(3474, 63655)",4
3016,"(5301, 15364)",2
3017,"(1481, 4267)",6
3018,"(2681, 65201)",7
3019,"(77, 2647)",2
3020,"(171, 63551)",1
3021,"(414, 63551)",1
3022,"(12915, 63551)",2
3023,"(6524, 22816)",1
3024,"(9939, 64703)",1
3025,"(399, 63644)",1
3026,"(2681, 65214)",3
3027,"(1960, 65217)",1
3028,"(2026, 65217)",1
3029,"(5935, 65217)",1
3030,"(2230, 64320)",2
3031,"(2230, 64322)",5
3032,"(3925, 2764)",1
3033,"(4385, 65182)",4
3034,"(8804, 19202)",1
3035,"(6548, 19207)",4
3036,"(8770, 22816)",1
3037,"(8771, 22816)",1
3038,"(3474, 2625)",1
3039,"(8861, 63663)",1
3040,"(3474, 2743)",1
3041,"(2681, 15373)",4
3042,"(3474, 15373)",1
3043,"(2681, 22815)",3
3044,"(3442, 63664)",1
3045,"(5882, 63640)",1
3046,"(3474, 63790)",3
3047,"(2026, 63817)",1
3048,"(2681, 63841)",4
3049,"(5301, 2762)",1
3050,"(2681, 63837)",1
3051,"(8829, 8701)",1
3052,"(8859, 63640)",1
3053,"(8859, 64337)",1
3054,"(8860, 63640)",1
3055,"(4931, 63688)",2
3056,"(5301, 2625)",1
3057,"(3474, 62948)",1
3058,"(3474, 2749)",2
3059,"(8821, 8696)",1
3060,"(8822, 8696)",1
3061,"(1819, 65217)",1
3062,"(4268, 63651)",1
3063,"(11943, 2619)",1
3064,"(8746, 63675)",1
3065,"(12972, 63675)",1
3066,"(2681, 63535)",1
3067,"(9073, 30501)",1
3068,"(7854, 65102)",1
3069,"(3474, 56652)",2
3070,"(2945, 64577)",1
3071,"(8884, 65371)",1
3072,"(1091, 26718)",2
3073,"(9099, 26718)",1
3074,"(1122, 56558)",1
3075,"(4012, 30503)",1
3076,"(9083, 30503)",1
3077,"(6720, 3638)",1
3078,"(1273, 64047)",1
3079,"(2126, 64047)",1
3080,"(3164, 64047)",2
3081,"(3168, 64047)",1
3082,"(4571, 64047)",2
3083,"(5766, 64047)",1
3084,"(13054, 64047)",1
3085,"(13055, 64047)",1
3086,"(13057, 64047)",1
3087,"(13058, 64047)",1
3088,"(13059, 64047)",1
3089,"(6116, 65376)",4
3090,"(732, 56749)",1
3091,"(2169, 30501)",1
3092,"(1749, 30538)",3
3093,"(414, 30534)",1
3094,"(6163, 65543)",1
3095,"(383, 26832)",1
3096,"(4889, 56398)",3
3097,"(1121, 26772)",1
3098,"(9843, 39997)",1
3099,"(9843, 56440)",1
3100,"(1087, 65409)",1
3101,"(5301, 26832)",3
3102,"(6725, 64196)",1
3103,"(6897, 56588)",1
3104,"(1311, 34754)",2
3105,"(5689, 56479)",1
3106,"(2190, 64776)",2
3107,"(2190, 65359)",1
3108,"(5085, 65371)",1
3109,"(8894, 34620)",1
3110,"(8894, 44126)",1
3111,"(8894, 52299)",1
3112,"(8894, 65380)",1
3113,"(6160, 67874)",3
3114,"(6160, 67875)",1
3115,"(3173, 63978)",1
3116,"(6500, 62938)",1
3117,"(6500, 64531)",1
3118,"(2499, 56460)",1
3119,"(13177, 65123)",1
3120,"(13177, 65562)",1
3121,"(984, 56698)",1
3122,"(5941, 56698)",1
3123,"(13173, 65441)",1
3124,"(918, 56704)",1
3125,"(5287, 56421)",1
3126,"(2561, 62927)",1
3127,"(396, 64908)",1
3128,"(2305, 64908)",2
3129,"(2681, 64908)",2
3130,"(3445, 64908)",1
3131,"(5242, 64908)",1
3132,"(6331, 64908)",1
3133,"(2681, 56780)",2
3134,"(2681, 26755)",3
3135,"(6519, 34727)",3
3136,"(3474, 56444)",1
3137,"(2681, 34748)",2
3138,"(3474, 34748)",2
3139,"(2026, 34755)",2
3140,"(4567, 63286)",7
3141,"(3474, 56496)",1
3142,"(6163, 65530)",1
3143,"(2681, 56453)",2
3144,"(2140, 26703)",1
3145,"(1592, 26807)",2
3146,"(4894, 44425)",1
3147,"(169, 65540)",1
3148,"(5649, 19216)",1
3149,"(2687, 34748)",1
3150,"(3101, 34748)",1
3151,"(3201, 34748)",1
3152,"(3627, 34748)",1
3153,"(4460, 34748)",1
3154,"(5757, 34748)",2
3155,"(8319, 34748)",1
3156,"(399, 64389)",1
3157,"(1939, 56631)",1
3158,"(2026, 26809)",1
3159,"(2681, 56763)",2
3160,"(894, 26776)",1
3161,"(9022, 56725)",1
3162,"(842, 62877)",2
3163,"(4802, 56615)",1
3164,"(10773, 65377)",1
3165,"(7599, 63019)",2
3166,"(960, 66817)",1
3167,"(9073, 66817)",2
3168,"(984, 56558)",1
3169,"(2681, 34759)",1
3170,"(3474, 34759)",1
3171,"(13172, 65440)",1
3172,"(6725, 26838)",1
3173,"(984, 63357)",2
3174,"(2681, 64172)",1
3175,"(5068, 63354)",1
3176,"(4460, 56735)",4
3177,"(1733, 30533)",1
3178,"(6671, 44425)",1
3179,"(399, 56649)",1
3180,"(399, 26833)",2
3181,"(2681, 65552)",10
3182,"(3474, 65552)",2
3183,"(2681, 56639)",10
3184,"(658, 64224)",1
3185,"(6163, 63355)",2
3186,"(1031, 26755)",1
3187,"(4889, 52391)",1
3188,"(2169, 56571)",1
3189,"(9109, 64089)",1
3190,"(9103, 44277)",1
3191,"(2950, 26771)",1
3192,"(9823, 44215)",1
3193,"(5940, 63844)",1
3194,"(984, 30531)",2
3195,"(984, 2789)",1
3196,"(1994, 22848)",2
3197,"(984, 56592)",3
3198,"(2681, 56432)",2
3199,"(211, 65323)",1
3200,"(211, 26788)",1
3201,"(4329, 26788)",1
3202,"(2681, 56713)",8
3203,"(3474, 30528)",3
3204,"(4374, 66383)",1
3205,"(3474, 65549)",2
3206,"(928, 56511)",1
3207,"(1318, 56511)",1
3208,"(3474, 56511)",3
3209,"(6245, 56511)",1
3210,"(77, 65565)",1
3211,"(2026, 65424)",1
3212,"(2026, 65433)",1
3213,"(2026, 65565)",1
3214,"(908, 30539)",1
3215,"(4567, 65531)",1
3216,"(414, 65530)",1
3217,"(8240, 67304)",4
3218,"(3052, 65390)",1
3219,"(1749, 65549)",1
3220,"(2681, 65551)",8
3221,"(3239, 65549)",1
3222,"(5301, 65549)",1
3223,"(10736, 65549)",1
3224,"(2681, 65266)",1
3225,"(2681, 65390)",2
3226,"(3052, 65266)",1
3227,"(3260, 65390)",1
3228,"(2681, 65554)",2
3229,"(3474, 65554)",1
3230,"(2026, 64560)",3
3231,"(7970, 64560)",1
3232,"(984, 65390)",2
3233,"(5243, 64901)",1
3234,"(414, 65390)",1
3235,"(8926, 65265)",1
3236,"(91, 64568)",1
3237,"(658, 64569)",1
3238,"(2945, 64464)",1
3239,"(1218, 56453)",3
3240,"(8936, 56453)",1
3241,"(8937, 56453)",1
3242,"(8938, 56453)",1
3243,"(4567, 65522)",1
3244,"(2904, 63355)",1
3245,"(2026, 65394)",1
3246,"(4414, 65394)",1
3247,"(6324, 67874)",1
3248,"(7210, 67874)",1
3249,"(2945, 65394)",1
3250,"(5941, 64535)",1
3251,"(5941, 65394)",1
3252,"(2305, 65265)",1
3253,"(5243, 65265)",1
3254,"(623, 63355)",1
3255,"(33, 56409)",1
3256,"(77, 56453)",3
3257,"(623, 56409)",1
3258,"(744, 56409)",1
3259,"(5383, 56409)",1
3260,"(211, 56496)",1
3261,"(9850, 65337)",1
3262,"(1318, 56405)",1
3263,"(297, 56754)",1
3264,"(399, 44277)",3
3265,"(3260, 56489)",1
3266,"(3260, 63883)",1
3267,"(399, 67501)",1
3268,"(911, 2805)",1
3269,"(2947, 56639)",5
3270,"(4889, 56639)",3
3271,"(2903, 26815)",1
3272,"(1994, 34720)",1
3273,"(928, 56438)",1
3274,"(9002, 62757)",1
3275,"(8993, 66383)",1
3276,"(3542, 56453)",1
3277,"(3512, 65292)",2
3278,"(77, 56535)",1
3279,"(9084, 30503)",1
3280,"(5301, 56546)",2
3281,"(2604, 64248)",1
3282,"(4559, 34754)",1
3283,"(9143, 34748)",1
3284,"(5966, 64915)",1
3285,"(1548, 56458)",1
3286,"(8939, 56458)",1
3287,"(902, 64372)",1
3288,"(2681, 66689)",4
3289,"(4098, 63884)",1
3290,"(4098, 63885)",1
3291,"(984, 56571)",1
3292,"(5301, 62937)",1
3293,"(2950, 56582)",1
3294,"(4374, 26776)",1
3295,"(5412, 56496)",1
3296,"(2681, 56501)",3
3297,"(10088, 63214)",1
3298,"(8918, 64403)",1
3299,"(2681, 56448)",2
3300,"(3474, 56448)",1
3301,"(1728, 26802)",1
3302,"(861, 3656)",1
3303,"(861, 56519)",1
3304,"(2095, 56489)",1
3305,"(2095, 56491)",2
3306,"(399, 30528)",2
3307,"(2681, 56657)",1
3308,"(3474, 56657)",2
3309,"(5656, 26762)",1
3310,"(77, 30530)",5
3311,"(399, 56560)",1
3312,"(3474, 56560)",4
3313,"(2026, 26745)",6
3314,"(107, 64090)",1
3315,"(3445, 67875)",1
3316,"(4342, 26789)",1
3317,"(8156, 26745)",1
3318,"(4567, 15356)",1
3319,"(6163, 15356)",2
3320,"(10152, 56761)",1
3321,"(3445, 34677)",1
3322,"(211, 65292)",2
3323,"(5577, 56704)",1
3324,"(6411, 56571)",1
3325,"(2950, 63703)",1
3326,"(8935, 63019)",2
3327,"(9148, 26824)",1
3328,"(6687, 63019)",1
3329,"(1610, 986)",1
3330,"(6170, 63864)",1
3331,"(399, 56604)",1
3332,"(9077, 26703)",1
3333,"(192, 2804)",1
3334,"(9139, 56441)",1
3335,"(9139, 63019)",1
3336,"(634, 64296)",1
3337,"(13262, 65727)",2
3338,"(6099, 65693)",1
3339,"(1031, 63259)",1
3340,"(2043, 63475)",1
3341,"(4379, 62844)",1
3342,"(2950, 62842)",1
3343,"(2681, 63076)",4
3344,"(8977, 62944)",1
3345,"(2483, 62773)",2
3346,"(2169, 63245)",1
3347,"(5301, 63179)",2
3348,"(7507, 62912)",1
3349,"(2681, 63178)",12
3350,"(3348, 56718)",1
3351,"(399, 63079)",1
3352,"(211, 62858)",1
3353,"(3474, 64011)",3
3354,"(3608, 34369)",1
3355,"(6500, 63256)",2
3356,"(211, 65591)",3
3357,"(8258, 63267)",1
3358,"(3296, 65512)",1
3359,"(9247, 65512)",1
3360,"(9273, 64431)",1
3361,"(2681, 63232)",10
3362,"(2681, 63459)",6
3363,"(2026, 65426)",1
3364,"(2026, 65420)",1
3365,"(3474, 62765)",3
3366,"(3474, 63072)",1
3367,"(6752, 63497)",1
3368,"(5301, 63144)",1
3369,"(3445, 63182)",2
3370,"(5928, 44367)",1
3371,"(5087, 65704)",1
3372,"(2681, 56783)",2
3373,"(4268, 62897)",1
3374,"(928, 56739)",1
3375,"(928, 56740)",1
3376,"(779, 63256)",1
3377,"(7749, 63256)",1
3378,"(908, 63032)",1
3379,"(1994, 63498)",2
3380,"(2863, 63287)",2
3381,"(13261, 64598)",1
3382,"(2608, 63233)",1
3383,"(6671, 65485)",1
3384,"(4802, 63096)",1
3385,"(1683, 34372)",1
3386,"(8982, 63046)",1
3387,"(5542, 63204)",1
3388,"(9247, 56687)",1
3389,"(2681, 62894)",1
3390,"(984, 63162)",1
3391,"(3474, 62816)",1
3392,"(11531, 63253)",1
3393,"(11946, 63253)",1
3394,"(3474, 34501)",2
3395,"(5619, 19251)",1
3396,"(399, 63203)",1
3397,"(3593, 63483)",1
3398,"(1096, 63173)",2
3399,"(1087, 63287)",1
3400,"(3101, 44320)",1
3401,"(13067, 65489)",2
3402,"(399, 63104)",1
3403,"(890, 34368)",1
3404,"(6991, 63288)",1
3405,"(211, 63237)",1
3406,"(6519, 63449)",1
3407,"(6519, 64733)",1
3408,"(9247, 22814)",1
3409,"(959, 63149)",2
3410,"(984, 63246)",1
3411,"(2681, 63246)",1
3412,"(4268, 63246)",1
3413,"(4887, 63246)",1
3414,"(5648, 63246)",1
3415,"(9522, 63286)",1
3416,"(4894, 62944)",1
3417,"(2642, 63272)",1
3418,"(1263, 63178)",1
3419,"(3474, 63232)",7
3420,"(984, 30456)",1
3421,"(984, 64431)",1
3422,"(9382, 64052)",1
3423,"(13200, 34508)",1
3424,"(2031, 64479)",1
3425,"(9942, 63286)",1
3426,"(2681, 63236)",2
3427,"(3045, 65608)",1
3428,"(9400, 56795)",1
3429,"(928, 63286)",1
3430,"(2926, 63162)",1
3431,"(9448, 62806)",1
3432,"(1309, 63178)",1
3433,"(2681, 63104)",6
3434,"(3474, 44257)",1
3435,"(5301, 62758)",1
3436,"(77, 64469)",1
3437,"(77, 66344)",2
3438,"(6129, 66344)",1
3439,"(6519, 63158)",1
3440,"(9253, 64258)",1
3441,"(9051, 64209)",1
3442,"(9450, 64209)",1
3443,"(2894, 62910)",1
3444,"(2894, 65712)",1
3445,"(2894, 65714)",1
3446,"(2894, 65715)",1
3447,"(211, 65600)",1
3448,"(5982, 63286)",1
3449,"(2681, 63147)",2
3450,"(5244, 65622)",1
3451,"(2681, 63249)",9
3452,"(5242, 19060)",1
3453,"(77, 65735)",1
3454,"(984, 65735)",3
3455,"(211, 64058)",1
3456,"(9247, 19067)",1
3457,"(11755, 65599)",4
3458,"(12973, 63273)",1
3459,"(2681, 63287)",3
3460,"(2026, 63285)",5
3461,"(984, 65695)",1
3462,"(984, 65694)",1
3463,"(3474, 64119)",2
3464,"(3474, 63287)",1
3465,"(4342, 63235)",1
3466,"(2195, 63287)",1
3467,"(2949, 63245)",1
3468,"(6500, 62773)",1
3469,"(399, 64737)",1
3470,"(399, 65511)",1
3471,"(4815, 62942)",1
3472,"(77, 63233)",1
3473,"(822, 63233)",1
3474,"(2026, 63214)",1
3475,"(984, 56844)",1
3476,"(6519, 63144)",1
3477,"(6524, 63233)",1
3478,"(3474, 63157)",1
3479,"(2681, 62882)",5
3480,"(6411, 63162)",1
3481,"(2324, 63046)",1
3482,"(9500, 63239)",1
3483,"(3445, 63468)",2
3484,"(9497, 63237)",1
3485,"(3445, 63235)",2
3486,"(994, 64296)",1
3487,"(3445, 63461)",2
3488,"(2681, 56821)",7
3489,"(3445, 63048)",1
3490,"(6411, 64011)",1
3491,"(396, 63480)",1
3492,"(5301, 64119)",1
3493,"(2664, 63495)",1
3494,"(3474, 63045)",2
3495,"(474, 34505)",1
3496,"(2681, 34503)",2
3497,"(2681, 34506)",4
3498,"(1045, 52392)",2
3499,"(2681, 3194)",1
3500,"(2664, 63235)",1
3501,"(2681, 63267)",2
3502,"(399, 63914)",2
3503,"(1426, 63914)",1
3504,"(3164, 63914)",1
3505,"(5068, 63914)",1
3506,"(2080, 62842)",3
3507,"(2681, 62810)",1
3508,"(2681, 62896)",2
3509,"(2604, 63182)",2
3510,"(4460, 63132)",1
3511,"(2681, 62854)",2
3512,"(621, 62880)",1
3513,"(984, 63214)",1
3514,"(1306, 64388)",1
3515,"(9381, 64052)",1
3516,"(10153, 19133)",1
3517,"(5238, 63076)",1
3518,"(2681, 62910)",2
3519,"(3474, 64515)",1
3520,"(9247, 56845)",1
3521,"(9538, 63495)",1
3522,"(2018, 34425)",1
3523,"(2018, 63152)",1
3524,"(9496, 63237)",1
3525,"(2681, 65729)",1
3526,"(908, 63260)",3
3527,"(9422, 62895)",1
3528,"(1122, 64731)",1
3529,"(1122, 64735)",1
3530,"(4541, 62765)",1
3531,"(2681, 63158)",2
3532,"(3593, 62890)",1
3533,"(15862, 62890)",1
3534,"(2681, 62888)",2
3535,"(5301, 64515)",1
3536,"(3474, 56741)",2
3537,"(3474, 62912)",3
3538,"(3474, 62913)",2
3539,"(211, 64436)",1
3540,"(1728, 63162)",1
3541,"(5301, 52383)",1
3542,"(3474, 63241)",5
3543,"(2681, 63161)",1
3544,"(5301, 63161)",1
3545,"(5649, 64011)",1
3546,"(77, 65573)",1
3547,"(3876, 34500)",1
3548,"(5757, 63096)",1
3549,"(2681, 63275)",2
3550,"(211, 63107)",1
3551,"(5243, 19044)",1
3552,"(5941, 34507)",1
3553,"(13324, 64602)",1
3554,"(9539, 63495)",1
3555,"(8746, 63273)",1
3556,"(12972, 63273)",1
3557,"(9508, 63273)",1
3558,"(9509, 63273)",1
3559,"(2681, 65757)",6
3560,"(211, 63284)",1
3561,"(9512, 63284)",1
3562,"(3262, 65988)",1
3563,"(6249, 62976)",1
3564,"(5243, 38403)",1
3565,"(2681, 44169)",2
3566,"(9763, 44169)",1
3567,"(5447, 34370)",1
3568,"(3268, 65988)",2
3569,"(5087, 39996)",1
3570,"(98, 34450)",1
3571,"(463, 30520)",1
3572,"(13366, 64680)",4
3573,"(9789, 44177)",1
3574,"(8897, 64680)",6
3575,"(960, 52353)",1
3576,"(530, 40034)",1
3577,"(1569, 40034)",2
3578,"(4827, 40034)",1
3579,"(9894, 64748)",2
3580,"(7355, 63415)",9
3581,"(8797, 52345)",1
3582,"(9548, 4225)",1
3583,"(9827, 44264)",1
3584,"(9834, 44264)",1
3585,"(9922, 44264)",1
3586,"(9924, 44264)",1
3587,"(9991, 44264)",1
3588,"(77, 64243)",2
3589,"(908, 52320)",2
3590,"(3651, 34337)",1
3591,"(9833, 34337)",3
3592,"(9819, 64896)",2
3593,"(2996, 34607)",1
3594,"(3474, 63520)",1
3595,"(3474, 63919)",1
3596,"(5607, 64308)",3
3597,"(5087, 63437)",1
3598,"(4567, 44272)",2
3599,"(9868, 44248)",1
3600,"(9868, 44339)",1
3601,"(1728, 34612)",1
3602,"(1728, 64676)",1
3603,"(360, 34605)",1
3604,"(1306, 34605)",1
3605,"(13447, 34605)",1
3606,"(6331, 44272)",1
3607,"(984, 44322)",2
3608,"(7703, 64548)",1
3609,"(2587, 44299)",1
3610,"(9574, 44479)",1
3611,"(9587, 44321)",1
3612,"(5619, 38403)",1
3613,"(3474, 66003)",1
3614,"(2681, 64148)",12
3615,"(4601, 39996)",1
3616,"(1380, 44034)",2
3617,"(211, 44166)",1
3618,"(4567, 67875)",4
3619,"(6508, 44529)",1
3620,"(6752, 52258)",1
3621,"(399, 64243)",3
3622,"(4895, 67620)",1
3623,"(9591, 67620)",1
3624,"(9958, 64657)",1
3625,"(5619, 67875)",1
3626,"(5278, 44239)",1
3627,"(3498, 44347)",1
3628,"(2681, 64439)",11
3629,"(2681, 64440)",4
3630,"(3474, 63456)",3
3631,"(7427, 44359)",2
3632,"(2681, 65916)",8
3633,"(4889, 44148)",1
3634,"(6720, 44269)",1
3635,"(4541, 44272)",1
3636,"(1709, 44192)",2
3637,"(1710, 44192)",1
3638,"(2681, 34569)",7
3639,"(86, 64045)",1
3640,"(5347, 44247)",1
3641,"(86, 65810)",1
3642,"(8258, 65810)",1
3643,"(9891, 64099)",1
3644,"(908, 63121)",1
3645,"(5301, 40081)",1
3646,"(2681, 44016)",4
3647,"(2687, 63899)",1
3648,"(2687, 63960)",1
3649,"(1994, 52276)",1
3650,"(908, 63522)",1
3651,"(890, 44045)",1
3652,"(9599, 52320)",1
3653,"(13377, 64548)",1
3654,"(9718, 44062)",1
3655,"(399, 34628)",1
3656,"(4567, 65983)",1
3657,"(6732, 19212)",1
3658,"(6500, 52273)",1
3659,"(4567, 34368)",1
3660,"(2026, 63504)",1
3661,"(1096, 44084)",1
3662,"(1960, 44084)",1
3663,"(2026, 44084)",1
3664,"(2529, 44084)",1
3665,"(3260, 44084)",1
3666,"(6626, 44084)",1
3667,"(6679, 65943)",1
3668,"(6679, 65944)",1
3669,"(2681, 64093)",6
3670,"(2681, 34464)",7
3671,"(1122, 44236)",1
3672,"(5121, 34533)",1
3673,"(1235, 64875)",1
3674,"(2681, 67499)",10
3675,"(2681, 52295)",3
3676,"(6752, 44138)",1
3677,"(6752, 34607)",2
3678,"(9729, 63876)",2
3679,"(388, 40004)",1
3680,"(5301, 44123)",1
3681,"(2681, 44095)",2
3682,"(3474, 44095)",1
3683,"(5301, 44095)",1
3684,"(2681, 34479)",1
3685,"(7798, 64308)",3
3686,"(6170, 3425)",1
3687,"(6170, 44008)",2
3688,"(5244, 65755)",2
3689,"(508, 65872)",1
3690,"(2026, 44153)",1
3691,"(2890, 44020)",2
3692,"(2945, 62842)",1
3693,"(4525, 34574)",4
3694,"(9803, 52359)",1
3695,"(9054, 15340)",1
3696,"(9054, 19080)",1
3697,"(11293, 19080)",1
3698,"(5450, 30508)",1
3699,"(5238, 52181)",1
3700,"(984, 40054)",1
3701,"(4567, 65988)",3
3702,"(6162, 63286)",1
3703,"(7248, 63286)",1
3704,"(13316, 63286)",1
3705,"(13535, 63286)",1
3706,"(13536, 63286)",1
3707,"(399, 65964)",1
3708,"(6163, 67875)",2
3709,"(4567, 65990)",1
3710,"(6163, 65988)",2
3711,"(984, 65827)",1
3712,"(5998, 65830)",2
3713,"(6163, 3493)",1
3714,"(2681, 65796)",1
3715,"(5998, 65827)",1
3716,"(984, 67498)",3
3717,"(5998, 67498)",1
3718,"(4567, 67874)",1
3719,"(6726, 63285)",2
3720,"(4539, 65948)",1
3721,"(5242, 65735)",1
3722,"(5941, 65948)",1
3723,"(2681, 34411)",4
3724,"(928, 44344)",1
3725,"(399, 64118)",2
3726,"(836, 52324)",1
3727,"(9853, 44363)",1
3728,"(4267, 64093)",1
3729,"(4460, 64148)",1
3730,"(4567, 52206)",1
3731,"(3360, 64829)",1
3732,"(9723, 44084)",1
3733,"(658, 64979)",1
3734,"(6587, 34527)",1
3735,"(2044, 52295)",1
3736,"(2044, 52313)",1
3737,"(9749, 44105)",1
3738,"(9750, 44105)",1
3739,"(9751, 44105)",1
3740,"(9752, 44105)",1
3741,"(9753, 44105)",1
3742,"(9754, 44105)",1
3743,"(9892, 64099)",1
3744,"(9899, 44263)",1
3745,"(2026, 44345)",1
3746,"(2681, 64014)",5
3747,"(6880, 44209)",1
3748,"(9604, 52317)",1
3749,"(399, 44282)",2
3750,"(6717, 44148)",1
3751,"(2681, 63505)",3
3752,"(211, 44194)",1
3753,"(3645, 63928)",2
3754,"(2681, 44459)",2
3755,"(2681, 64243)",1
3756,"(4982, 40003)",1
3757,"(399, 64020)",1
3758,"(2681, 44059)",2
3759,"(6052, 63504)",1
3760,"(5812, 44096)",3
3761,"(6752, 44247)",1
3762,"(9626, 64045)",1
3763,"(2137, 64895)",2
3764,"(1994, 67498)",2
3765,"(9781, 64893)",1
3766,"(2681, 44165)",3
3767,"(9929, 4195)",1
3768,"(9929, 15304)",1
3769,"(9929, 63570)",1
3770,"(4567, 65965)",1
3771,"(5301, 64014)",1
3772,"(4268, 52276)",2
3773,"(5193, 64994)",2
3774,"(4912, 64041)",1
3775,"(3474, 64308)",1
3776,"(5301, 34415)",2
3777,"(399, 64675)",2
3778,"(6880, 44158)",1
3779,"(2483, 52273)",1
3780,"(2484, 52273)",1
3781,"(2681, 44192)",1
3782,"(928, 34520)",1
3783,"(2044, 44071)",1
3784,"(399, 64180)",1
3785,"(77, 3405)",2
3786,"(2026, 34395)",1
3787,"(2026, 34423)",1
3788,"(9175, 34657)",1
3789,"(3797, 44101)",1
3790,"(1267, 34633)",2
3791,"(1045, 44145)",1
3792,"(1493, 34484)",1
3793,"(9660, 34484)",1
3794,"(4182, 44453)",1
3795,"(2681, 63508)",1
3796,"(2681, 63504)",2
3797,"(5649, 44169)",1
3798,"(1318, 52315)",2
3799,"(1733, 64020)",1
3800,"(4982, 62747)",2
3801,"(4982, 63934)",1
3802,"(9607, 44458)",1
3803,"(1084, 40003)",2
3804,"(1084, 63934)",3
3805,"(2483, 64022)",1
3806,"(13453, 44098)",1
3807,"(77, 65838)",1
3808,"(2026, 3148)",1
3809,"(4478, 3148)",1
3810,"(6729, 2335)",1
3811,"(231, 52317)",1
3812,"(6557, 34335)",1
3813,"(2681, 44153)",3
3814,"(3645, 44153)",2
3815,"(2681, 44388)",3
3816,"(9737, 65878)",1
3817,"(5619, 63286)",1
3818,"(4567, 15304)",1
3819,"(6720, 65966)",1
3820,"(2681, 65734)",5
3821,"(6734, 52311)",1
3822,"(2681, 34356)",3
3823,"(908, 34418)",2
3824,"(4567, 63570)",1
3825,"(7895, 65825)",3
3826,"(5708, 44125)",1
3827,"(9632, 52293)",1
3828,"(908, 63975)",1
3829,"(1153, 63975)",1
3830,"(1306, 63975)",1
3831,"(2120, 63975)",1
3832,"(2681, 63975)",6
3833,"(3126, 63975)",1
3834,"(3474, 63975)",7
3835,"(5301, 63975)",1
3836,"(8483, 63975)",1
3837,"(3270, 64160)",2
3838,"(9834, 64160)",1
3839,"(2529, 3631)",1
3840,"(9358, 65733)",2
3841,"(6365, 3340)",1
3842,"(9763, 65627)",1
3843,"(7854, 3154)",1
3844,"(10209, 3154)",1
3845,"(1728, 3397)",1
3846,"(508, 3479)",6
3847,"(5243, 65749)",3
3848,"(5193, 3289)",1
3849,"(1473, 44181)",1
3850,"(1473, 66105)",3
3851,"(3164, 62988)",3
3852,"(6298, 44079)",1
3853,"(332, 64109)",1
3854,"(332, 64110)",1
3855,"(778, 64109)",1
3856,"(778, 64110)",1
3857,"(10167, 3516)",1
3858,"(10167, 26774)",1
3859,"(3256, 3516)",1
3860,"(625, 63363)",1
3861,"(6170, 40079)",2
3862,"(10096, 16695)",1
3863,"(10096, 34636)",1
3864,"(3250, 66136)",3
3865,"(10207, 66136)",2
3866,"(2026, 3079)",3
3867,"(2681, 52228)",2
3868,"(755, 34585)",1
3869,"(2549, 34585)",1
3870,"(5158, 34585)",1
3871,"(7813, 34585)",1
3872,"(2173, 44283)",4
3873,"(3445, 3577)",1
3874,"(5689, 3608)",1
3875,"(77, 3500)",1
3876,"(77, 66106)",1
3877,"(77, 22835)",1
3878,"(3352, 22835)",1
3879,"(3352, 22838)",1
3880,"(3352, 65981)",1
3881,"(6626, 22835)",1
3882,"(7937, 66115)",1
3883,"(7937, 66116)",1
3884,"(8216, 52196)",1
3885,"(2681, 3506)",3
3886,"(2681, 52216)",3
3887,"(7927, 3154)",1
3888,"(658, 3088)",3
3889,"(6187, 3463)",1
3890,"(6170, 3543)",1
3891,"(6747, 63721)",1
3892,"(10194, 3100)",1
3893,"(964, 2335)",1
3894,"(964, 3470)",1
3895,"(908, 3472)",1
3896,"(2026, 3115)",1
3897,"(2026, 3411)",1
3898,"(4574, 66125)",1
3899,"(10153, 22818)",2
3900,"(508, 3599)",1
3901,"(517, 3599)",1
3902,"(536, 3599)",1
3903,"(1552, 3599)",1
3904,"(1723, 3599)",1
3905,"(2351, 3599)",1
3906,"(2353, 3599)",1
3907,"(2361, 3599)",1
3908,"(3654, 3599)",1
3909,"(7864, 3599)",1
3910,"(9327, 3599)",1
3911,"(2489, 66717)",1
3912,"(9073, 65863)",1
3913,"(6260, 64344)",1
3914,"(399, 64842)",1
3915,"(399, 64847)",1
3916,"(6277, 62747)",1
3917,"(1544, 3419)",1
3918,"(2278, 3628)",1
3919,"(2278, 3629)",1
3920,"(5747, 3628)",1
3921,"(6500, 63966)",1
3922,"(587, 3512)",1
3923,"(1554, 3512)",1
3924,"(4952, 3512)",2
3925,"(4954, 3512)",1
3926,"(4961, 3512)",1
3927,"(10314, 3512)",1
3928,"(10315, 3512)",1
3929,"(10316, 3512)",1
3930,"(4421, 63418)",1
3931,"(399, 4279)",1
3932,"(10235, 63721)",2
3933,"(6356, 3631)",1
3934,"(9118, 65916)",1
3935,"(7309, 3502)",1
3936,"(10158, 19169)",1
3937,"(10068, 34367)",1
3938,"(1994, 3105)",1
3939,"(5158, 3402)",1
3940,"(10322, 63780)",1
3941,"(8464, 3129)",1
3942,"(13704, 3129)",1
3943,"(2722, 3525)",1
3944,"(4852, 3606)",1
3945,"(399, 416)",3
3946,"(517, 3167)",1
3947,"(4450, 52363)",1
3948,"(4456, 52363)",1
3949,"(4457, 52363)",1
3950,"(4460, 52363)",1
3951,"(10677, 52363)",1
3952,"(13582, 52363)",1
3953,"(13583, 52363)",1
3954,"(13584, 52363)",1
3955,"(13585, 52363)",1
3956,"(13586, 52363)",1
3957,"(13587, 52363)",1
3958,"(5301, 52227)",1
3959,"(5081, 3576)",1
3960,"(10054, 52206)",1
3961,"(830, 64159)",1
3962,"(2026, 3083)",4
3963,"(5381, 52338)",1
3964,"(3072, 3519)",1
3965,"(756, 3458)",1
3966,"(1522, 3458)",1
3967,"(1522, 3460)",3
3968,"(928, 52228)",1
3969,"(1045, 52228)",1
3970,"(5301, 52228)",1
3971,"(10280, 3418)",1
3972,"(1398, 3637)",1
3973,"(2681, 52222)",3
3974,"(10064, 52196)",1
3975,"(10329, 3557)",1
3976,"(382, 63370)",1
3977,"(3352, 3580)",1
3978,"(2681, 44389)",4
3979,"(5301, 44389)",1
3980,"(1306, 3575)",1
3981,"(4978, 3630)",1
3982,"(399, 65628)",1
3983,"(3076, 63777)",1
3984,"(3078, 63777)",1
3985,"(4746, 63777)",1
3986,"(3076, 65375)",1
3987,"(830, 56893)",1
3988,"(399, 64361)",1
3989,"(4268, 64035)",1
3990,"(3445, 4286)",1
3991,"(2681, 64840)",1
3992,"(13010, 64981)",1
3993,"(10089, 66095)",1
3994,"(10089, 66096)",1
3995,"(10089, 66097)",1
3996,"(8171, 64842)",1
3997,"(8174, 64842)",1
3998,"(10264, 3375)",1
3999,"(10069, 52192)",1
4000,"(10278, 3417)",1
4001,"(5193, 64993)",2
4002,"(2863, 3079)",1
4003,"(7309, 62991)",1
4004,"(2681, 3442)",1
4005,"(6991, 3449)",1
4006,"(6991, 3454)",1
4007,"(6411, 3205)",1
4008,"(6926, 3277)",1
4009,"(8728, 66136)",1
4010,"(13580, 502)",1
4011,"(2681, 65910)",9
4012,"(2379, 66105)",1
4013,"(13744, 65139)",1
4014,"(5087, 3611)",1
4015,"(3305, 52254)",1
4016,"(6118, 64552)",2
4017,"(6162, 3493)",1
4018,"(6726, 3493)",1
4019,"(4567, 3493)",2
4020,"(732, 65968)",1
4021,"(2681, 66027)",2
4022,"(2604, 56899)",1
4023,"(8322, 3511)",1
4024,"(1306, 3613)",2
4025,"(2604, 52335)",1
4026,"(2681, 3499)",5
4027,"(984, 56896)",1
4028,"(3399, 64336)",1
4029,"(211, 3510)",1
4030,"(77, 3497)",2
4031,"(2681, 3497)",3
4032,"(10542, 3510)",1
4033,"(7119, 3613)",1
4034,"(91, 64649)",1
4035,"(8810, 3510)",1
4036,"(5087, 3621)",1
4037,"(5941, 3106)",1
4038,"(944, 3107)",1
4039,"(2026, 3615)",2
4040,"(1994, 63786)",3
4041,"(5940, 56476)",1
4042,"(5941, 3572)",1
4043,"(2080, 3085)",2
4044,"(2947, 3598)",1
4045,"(5941, 64189)",1
4046,"(5941, 65912)",3
4047,"(9990, 22814)",1
4048,"(13577, 64245)",1
4049,"(10204, 66149)",1
4050,"(3445, 52199)",1
4051,"(6519, 3397)",1
4052,"(6524, 3397)",3
4053,"(3474, 65254)",1
4054,"(3474, 65375)",1
4055,"(1096, 34352)",1
4056,"(1385, 64697)",1
4057,"(3645, 64290)",1
4058,"(399, 64291)",2
4059,"(861, 63364)",1
4060,"(332, 64878)",1
4061,"(5121, 44388)",1
4062,"(10066, 34367)",1
4063,"(7542, 34367)",1
4064,"(6777, 63875)",1
4065,"(13324, 3154)",1
4066,"(1427, 64982)",1
4067,"(2681, 63769)",3
4068,"(3445, 3079)",3
4069,"(3239, 3437)",1
4070,"(3052, 3553)",1
4071,"(4268, 3439)",1
4072,"(9330, 66125)",1
4073,"(2026, 3577)",1
4074,"(7334, 52289)",4
4075,"(13764, 3614)",1
4076,"(5607, 3373)",1
4077,"(10033, 52232)",1
4078,"(3201, 63777)",1
4079,"(5613, 3576)",1
4080,"(10271, 3404)",1
4081,"(10244, 3351)",1
4082,"(2681, 64105)",1
4083,"(656, 64510)",1
4084,"(5381, 64510)",1
4085,"(399, 44151)",1
4086,"(1841, 64982)",2
4087,"(4969, 52211)",1
4088,"(211, 66639)",1
4089,"(211, 3562)",1
4090,"(211, 3581)",1
4091,"(8103, 3104)",1
4092,"(6524, 3350)",1
4093,"(9901, 19079)",1
4094,"(9901, 56698)",1
4095,"(11366, 19079)",1
4096,"(11366, 56698)",1
4097,"(4342, 26871)",1
4098,"(10253, 66141)",1
4099,"(332, 10316)",1
4100,"(2026, 10316)",1
4101,"(9248, 34452)",1
4102,"(9248, 66554)",1
4103,"(10051, 52206)",1
4104,"(1723, 65993)",1
4105,"(10223, 3631)",1
4106,"(2947, 3119)",1
4107,"(4745, 65912)",1
4108,"(4889, 3505)",1
4109,"(9337, 44366)",1
4110,"(5301, 3087)",1
4111,"(6245, 64105)",1
4112,"(6245, 65242)",1
4113,"(3103, 3379)",1
4114,"(9396, 3379)",1
4115,"(10259, 3379)",1
4116,"(10260, 3379)",1
4117,"(2681, 63971)",5
4118,"(13702, 3119)",1
4119,"(7963, 3154)",1
4120,"(928, 3097)",1
4121,"(211, 3558)",2
4122,"(2891, 3415)",1
4123,"(6170, 63420)",1
4124,"(8668, 3466)",1
4125,"(13671, 3094)",1
4126,"(517, 3373)",1
4127,"(5998, 3135)",1
4128,"(744, 3471)",1
4129,"(5542, 3605)",1
4130,"(2681, 52232)",7
4131,"(2379, 66128)",1
4132,"(2499, 62747)",2
4133,"(10118, 66102)",1
4134,"(2681, 3106)",1
4135,"(332, 52330)",1
4136,"(4889, 3492)",1
4137,"(7150, 3443)",1
4138,"(7476, 66103)",1
4139,"(399, 65936)",2
4140,"(4889, 3100)",1
4141,"(77, 3504)",1
4142,"(3052, 64634)",1
4143,"(3052, 64946)",1
4144,"(2026, 3616)",1
4145,"(2681, 3616)",1
4146,"(6720, 64722)",1
4147,"(10192, 3097)",1
4148,"(3474, 3505)",1
4149,"(399, 3592)",1
4150,"(210, 3149)",1
4151,"(2549, 3149)",1
4152,"(2681, 3149)",1
4153,"(5412, 3149)",1
4154,"(744, 65006)",2
4155,"(2280, 65006)",1
4156,"(10477, 64486)",1
4157,"(3527, 15323)",1
4158,"(8311, 44270)",3
4159,"(8482, 66225)",1
4160,"(5447, 3646)",1
4161,"(5243, 44272)",1
4162,"(5619, 44272)",3
4163,"(6719, 8642)",1
4164,"(756, 3694)",2
4165,"(1398, 3694)",1
4166,"(1517, 3694)",1
4167,"(1526, 3694)",1
4168,"(3474, 66215)",1
4169,"(10768, 3700)",1
4170,"(2550, 26671)",1
4171,"(5424, 3712)",1
4172,"(5433, 66198)",1
4173,"(2194, 19135)",1
4174,"(717, 19046)",1
4175,"(10554, 44270)",1
4176,"(669, 22824)",1
4177,"(3101, 16690)",2
4178,"(8907, 66115)",1
4179,"(1178, 3314)",1
4180,"(4574, 19152)",2
4181,"(12548, 64198)",1
4182,"(10655, 3237)",1
4183,"(5383, 22814)",1
4184,"(6084, 63730)",1
4185,"(1218, 3278)",1
4186,"(621, 3240)",1
4187,"(10748, 66234)",1
4188,"(5941, 19099)",1
4189,"(2681, 10323)",1
4190,"(8495, 66158)",1
4191,"(10518, 8672)",1
4192,"(2169, 3216)",1
4193,"(1544, 15302)",2
4194,"(2681, 26673)",4
4195,"(3474, 8633)",1
4196,"(2169, 3641)",1
4197,"(669, 19157)",1
4198,"(10604, 22824)",1
4199,"(2561, 64857)",1
4200,"(4544, 64857)",1
4201,"(6243, 64857)",1
4202,"(9942, 64857)",1
4203,"(13910, 64857)",1
4204,"(13911, 64857)",1
4205,"(13912, 64857)",1
4206,"(5619, 8633)",1
4207,"(7895, 64236)",1
4208,"(2972, 16694)",1
4209,"(10410, 15301)",1
4210,"(2681, 66217)",14
4211,"(2361, 38403)",1
4212,"(2710, 38403)",1
4213,"(4424, 38403)",1
4214,"(6451, 38403)",2
4215,"(9516, 38403)",1
4216,"(10794, 38403)",1
4217,"(10795, 38403)",1
4218,"(10797, 38403)",1
4219,"(10798, 38403)",1
4220,"(10799, 38403)",1
4221,"(10800, 38403)",1
4222,"(10803, 38403)",1
4223,"(13992, 38403)",1
4224,"(14001, 38403)",1
4225,"(77, 19049)",3
4226,"(518, 26669)",2
4227,"(10393, 22814)",1
4228,"(10743, 19250)",1
4229,"(4460, 63738)",1
4230,"(10578, 44269)",1
4231,"(4567, 63815)",1
4232,"(5708, 19140)",1
4233,"(91, 4282)",1
4234,"(10624, 22827)",1
4235,"(10521, 16694)",1
4236,"(2026, 34701)",2
4237,"(10732, 4282)",1
4238,"(2681, 66216)",8
4239,"(984, 64972)",1
4240,"(5613, 64972)",1
4241,"(6187, 64972)",1
4242,"(1572, 3665)",1
4243,"(6393, 19063)",1
4244,"(10394, 15301)",1
4245,"(10395, 15301)",1
4246,"(10396, 15301)",1
4247,"(399, 3681)",1
4248,"(4842, 65238)",1
4249,"(4842, 65239)",1
4250,"(4842, 65240)",1
4251,"(4843, 65238)",1
4252,"(4843, 65239)",1
4253,"(4843, 65240)",1
4254,"(10756, 3692)",1
4255,"(3627, 3696)",1
4256,"(10513, 19081)",1
4257,"(6720, 4195)",1
4258,"(6720, 15304)",1
4259,"(6720, 63570)",1
4260,"(2026, 3692)",1
4261,"(1781, 3665)",1
4262,"(2681, 3688)",2
4263,"(3474, 3688)",1
4264,"(2681, 15338)",3
4265,"(6725, 3682)",2
4266,"(8483, 3682)",2
4267,"(6519, 19068)",1
4268,"(10792, 22816)",1
4269,"(10793, 22816)",1
4270,"(10742, 66185)",1
4271,"(10742, 66186)",1
4272,"(10742, 66187)",1
4273,"(10742, 66188)",1
4274,"(2681, 19063)",6
4275,"(399, 34729)",1
4276,"(984, 3690)",1
4277,"(2483, 34729)",1
4278,"(2964, 3690)",1
4279,"(11504, 3704)",1
4280,"(3456, 19129)",1
4281,"(6821, 19129)",1
4282,"(6821, 19164)",1
4283,"(6439, 64234)",1
4284,"(6720, 44268)",1
4285,"(10416, 15307)",1
4286,"(3514, 19050)",2
4287,"(3515, 19067)",1
4288,"(1527, 3314)",2
4289,"(503, 19166)",2
4290,"(5941, 38402)",1
4291,"(2434, 66209)",1
4292,"(2681, 19092)",1
4293,"(9337, 3275)",1
4294,"(9337, 66208)",2
4295,"(6170, 8633)",2
4296,"(10804, 22817)",1
4297,"(5242, 63286)",1
4298,"(5301, 64761)",1
4299,"(6500, 19079)",1
4300,"(1045, 16693)",1
4301,"(5092, 3681)",2
4302,"(8098, 66199)",1
4303,"(4966, 3487)",1
4304,"(10390, 22814)",1
4305,"(10594, 19164)",1
4306,"(6854, 64725)",1
4307,"(6854, 64902)",1
4308,"(6854, 64903)",1
4309,"(7937, 64902)",2
4310,"(10563, 44270)",1
4311,"(5597, 63730)",1
4312,"(211, 64593)",2
4313,"(3445, 64593)",1
4314,"(10128, 65023)",2
4315,"(984, 56476)",1
4316,"(2681, 66181)",1
4317,"(9118, 66181)",1
4318,"(9118, 66262)",1
4319,"(91, 66239)",1
4320,"(658, 66239)",1
4321,"(2681, 15341)",3
4322,"(9029, 15333)",1
4323,"(2681, 66192)",6
4324,"(3474, 66192)",1
4325,"(1994, 15307)",1
4326,"(3101, 19133)",1
4327,"(120, 64538)",1
4328,"(13959, 26861)",1
4329,"(944, 65047)",1
4330,"(10523, 65048)",1
4331,"(399, 19081)",1
4332,"(5244, 44272)",1
4333,"(13249, 16691)",1
4334,"(13832, 16691)",1
4335,"(2084, 66243)",1
4336,"(2084, 66244)",1
4337,"(5301, 15334)",1
4338,"(5648, 19103)",1
4339,"(5649, 19103)",1
4340,"(3066, 63571)",2
4341,"(8334, 22816)",1
4342,"(7186, 22818)",1
4343,"(3281, 63204)",2
4344,"(13938, 63730)",1
4345,"(3474, 19073)",2
4346,"(10508, 19080)",1
4347,"(2681, 19104)",4
4348,"(960, 22807)",1
4349,"(6298, 26670)",2
4350,"(10092, 19085)",1
4351,"(1606, 65164)",1
4352,"(10350, 67612)",2
4353,"(77, 66215)",2
4354,"(5613, 63695)",1
4355,"(6170, 19073)",1
4356,"(142, 66215)",1
4357,"(10538, 64198)",1
4358,"(3341, 63403)",1
4359,"(4531, 63403)",1
4360,"(4531, 63404)",1
4361,"(1096, 3234)",1
4362,"(947, 8625)",2
4363,"(3175, 19133)",1
4364,"(2120, 15316)",2
4365,"(10421, 8633)",1
4366,"(8177, 65278)",1
4367,"(2681, 34701)",2
4368,"(9118, 66171)",3
4369,"(399, 19068)",4
4370,"(2681, 2135)",1
4371,"(4952, 15329)",1
4372,"(8881, 66247)",2
4373,"(77, 66154)",2
4374,"(8268, 66179)",2
4375,"(8268, 66180)",2
4376,"(6331, 19068)",1
4377,"(77, 63695)",1
4378,"(6500, 19068)",1
4379,"(10495, 19067)",1
4380,"(732, 8665)",1
4381,"(732, 63188)",1
4382,"(10487, 19063)",2
4383,"(3352, 19059)",2
4384,"(9118, 66170)",1
4385,"(4539, 64907)",1
4386,"(77, 64149)",2
4387,"(5619, 19068)",1
4388,"(77, 19059)",1
4389,"(77, 64643)",1
4390,"(2026, 64644)",1
4391,"(8340, 65965)",1
4392,"(9118, 66172)",1
4393,"(9118, 66173)",1
4394,"(2026, 64634)",1
4395,"(648, 19061)",1
4396,"(2604, 19061)",1
4397,"(2903, 19061)",1
4398,"(3177, 19061)",1
4399,"(3590, 19061)",1
4400,"(5542, 19061)",1
4401,"(10486, 19061)",1
4402,"(77, 19050)",1
4403,"(10481, 19060)",1
4404,"(91, 19063)",1
4405,"(10496, 19067)",1
4406,"(13310, 63286)",1
4407,"(4574, 66223)",2
4408,"(5619, 66223)",1
4409,"(2681, 63102)",8
4410,"(10485, 19061)",1
4411,"(1045, 19066)",1
4412,"(3474, 19066)",1
4413,"(2950, 19080)",1
4414,"(2681, 19107)",1
4415,"(4460, 30527)",1
4416,"(3102, 65563)",1
4417,"(7703, 63752)",1
4418,"(1837, 16690)",1
4419,"(1838, 16690)",1
4420,"(1839, 16690)",1
4421,"(399, 19079)",1
4422,"(984, 22806)",1
4423,"(399, 8660)",1
4424,"(7937, 67874)",2
4425,"(2026, 3656)",1
4426,"(3352, 3656)",1
4427,"(6376, 19066)",1
4428,"(658, 19066)",1
4429,"(1994, 3649)",1
4430,"(2105, 19063)",1
4431,"(2681, 22817)",2
4432,"(8287, 22820)",1
4433,"(14016, 22820)",1
4434,"(6842, 63162)",1
4435,"(1473, 3350)",1
4436,"(7210, 3350)",1
4437,"(7210, 3354)",1
4438,"(9337, 3350)",1
4439,"(9337, 3354)",1
4440,"(10817, 3350)",1
4441,"(4740, 65225)",1
4442,"(10643, 3641)",1
4443,"(4267, 63755)",1
4444,"(2681, 63759)",2
4445,"(332, 19049)",1
4446,"(4969, 64139)",1
4447,"(3474, 15338)",1
4448,"(13924, 3649)",1
4449,"(2681, 44265)",1
4450,"(8976, 3704)",1
4451,"(6922, 19106)",6
4452,"(5542, 3706)",1
4453,"(5542, 63758)",1
4454,"(9868, 26669)",1
4455,"(508, 3663)",1
4456,"(3474, 15302)",2
4457,"(890, 52408)",1
4458,"(928, 52408)",1
4459,"(931, 52408)",1
4460,"(1045, 52408)",1
4461,"(1153, 52408)",1
4462,"(1392, 52408)",1
4463,"(1994, 52408)",3
4464,"(2720, 52408)",1
4465,"(3474, 52408)",1
4466,"(5538, 52408)",1
4467,"(6140, 52408)",1
4468,"(6437, 52408)",1
4469,"(7932, 52408)",1
4470,"(8483, 52408)",1
4471,"(9606, 52408)",1
4472,"(10940, 52408)",1
4473,"(13502, 52408)",1
4474,"(13845, 52408)",1
4475,"(13846, 52408)",1
4476,"(13847, 52408)",1
4477,"(414, 66217)",2
4478,"(2681, 66215)",3
4479,"(460, 22816)",2
4480,"(10786, 22816)",1
4481,"(15862, 22816)",1
4482,"(399, 3665)",1
4483,"(13843, 19063)",1
4484,"(387, 16691)",1
4485,"(7437, 26668)",1
4486,"(2681, 15313)",1
4487,"(2681, 8627)",1
4488,"(3474, 8627)",1
4489,"(658, 19074)",1
4490,"(2026, 3646)",1
4491,"(332, 3711)",1
4492,"(2031, 3245)",1
4493,"(2681, 19109)",1
4494,"(77, 15332)",1
4495,"(518, 16694)",1
4496,"(77, 64225)",1
4497,"(744, 19133)",1
4498,"(861, 66053)",1
4499,"(2089, 15332)",1
4500,"(2089, 16694)",1
4501,"(11990, 15332)",2
4502,"(11990, 16694)",2
4503,"(2361, 22817)",1
4504,"(2361, 26670)",1
4505,"(1218, 63313)",1
4506,"(98, 63695)",1
4507,"(5087, 15311)",1
4508,"(2681, 3245)",1
4509,"(211, 19058)",1
4510,"(10463, 26671)",1
4511,"(3077, 19106)",3
4512,"(8289, 19106)",3
4513,"(997, 19079)",3
4514,"(5696, 2050)",1
4515,"(5087, 64198)",1
4516,"(711, 15304)",1
4517,"(10807, 19133)",1
4518,"(10066, 3641)",1
4519,"(135, 19060)",1
4520,"(5058, 19060)",1
4521,"(6869, 44272)",2
4522,"(10572, 19129)",1
4523,"(10573, 19129)",1
4524,"(11122, 19129)",1
4525,"(658, 26867)",1
4526,"(960, 26867)",1
4527,"(2026, 26867)",1
4528,"(3352, 26867)",1
4529,"(5092, 26867)",1
4530,"(6035, 26867)",1
4531,"(5429, 64234)",1
4532,"(10494, 19066)",1
4533,"(1994, 19134)",1
4534,"(4745, 19091)",1
4535,"(4541, 66226)",1
4536,"(9548, 66224)",1
4537,"(9548, 66226)",1
4538,"(984, 19085)",1
4539,"(2681, 22816)",3
4540,"(5995, 26669)",1
4541,"(10499, 19073)",1
4542,"(13852, 19073)",1
4543,"(3398, 19085)",1
4544,"(2681, 19112)",4
4545,"(10500, 19073)",1
4546,"(10017, 64234)",1
4547,"(387, 2050)",1
4548,"(2681, 19100)",2
4549,"(1473, 3216)",1
4550,"(3190, 64149)",1
4551,"(6500, 63753)",1
4552,"(10814, 19138)",1
4553,"(1876, 15340)",1
4554,"(9646, 19092)",1
4555,"(3474, 63402)",1
4556,"(1096, 3274)",1
4557,"(6523, 63763)",1
4558,"(6991, 63763)",1
4559,"(522, 2130)",1
4560,"(861, 19096)",1
4561,"(414, 66215)",1
4562,"(2026, 66215)",1
4563,"(2705, 19050)",2
4564,"(7447, 19067)",1
4565,"(4460, 3485)",2
4566,"(77, 19066)",5
4567,"(984, 52408)",1
4568,"(9548, 3616)",1
4569,"(332, 63287)",1
4570,"(332, 64149)",1
4571,"(778, 64149)",1
4572,"(779, 63287)",1
4573,"(10392, 15304)",1
4574,"(10392, 22814)",1
4575,"(10392, 63570)",1
4576,"(3474, 66216)",3
4577,"(5619, 66010)",1
4578,"(3474, 66217)",4
4579,"(13976, 3707)",1
4580,"(13977, 3707)",1
4581,"(13853, 19075)",1
4582,"(6163, 66687)",1
4583,"(10767, 3699)",1
4584,"(5690, 19091)",2
4585,"(13001, 65129)",2
4586,"(10726, 63743)",1
4587,"(3101, 19129)",1
4588,"(211, 19066)",1
4589,"(2401, 19066)",1
4590,"(5613, 19066)",1
4591,"(6331, 19066)",1
4592,"(10840, 64089)",1
4593,"(399, 63817)",1
4594,"(908, 4257)",2
4595,"(1085, 4257)",1
4596,"(2374, 64329)",1
4597,"(2681, 4246)",2
4598,"(8331, 63600)",1
4599,"(2864, 4221)",1
4600,"(6879, 63823)",1
4601,"(7599, 63664)",1
4602,"(2681, 2618)",4
4603,"(3474, 2618)",2
4604,"(6483, 22829)",1
4605,"(8731, 63687)",1
4606,"(3445, 44236)",1
4607,"(1225, 26703)",1
4608,"(1225, 63627)",1
4609,"(2112, 15375)",1
4610,"(2650, 15375)",1
4611,"(2695, 15375)",2
4612,"(2803, 15375)",1
4613,"(984, 19189)",1
4614,"(1994, 63608)",1
4615,"(2035, 2617)",1
4616,"(4479, 8694)",1
4617,"(14115, 8694)",1
4618,"(2870, 4218)",1
4619,"(506, 2620)",1
4620,"(4889, 4215)",1
4621,"(8187, 2632)",1
4622,"(5301, 63605)",1
4623,"(518, 64964)",1
4624,"(3474, 872)",2
4625,"(6688, 63592)",1
4626,"(14052, 44265)",1
4627,"(10966, 4232)",1
4628,"(13899, 22831)",1
4629,"(10625, 26694)",1
4630,"(2681, 64067)",2
4631,"(3474, 64067)",2
4632,"(2681, 4220)",2
4633,"(2681, 63693)",1
4634,"(2681, 63829)",5
4635,"(8103, 19189)",1
4636,"(10957, 15353)",1
4637,"(4786, 19156)",1
4638,"(4991, 2687)",1
4639,"(11001, 2687)",1
4640,"(9504, 26694)",1
4641,"(2681, 19195)",1
4642,"(2681, 63649)",1
4643,"(984, 4260)",2
4644,"(7504, 63668)",1
4645,"(908, 4239)",1
4646,"(658, 19202)",1
4647,"(1309, 4216)",1
4648,"(3474, 63651)",2
4649,"(5301, 63651)",1
4650,"(9250, 63339)",1
4651,"(77, 63911)",3
4652,"(333, 2681)",1
4653,"(2681, 2626)",3
4654,"(1994, 8686)",1
4655,"(2681, 15361)",2
4656,"(7525, 2619)",1
4657,"(622, 63829)",1
4658,"(3474, 63829)",2
4659,"(2864, 2656)",1
4660,"(399, 22829)",1
4661,"(908, 63340)",1
4662,"(2681, 15364)",7
4663,"(10927, 26696)",1
4664,"(10014, 66380)",1
4665,"(2681, 38406)",2
4666,"(399, 64289)",1
4667,"(4989, 2687)",1
4668,"(928, 64329)",1
4669,"(1793, 15364)",1
4670,"(3474, 15364)",2
4671,"(765, 2332)",1
4672,"(10845, 63591)",1
4673,"(1087, 2531)",1
4674,"(8728, 63664)",1
4675,"(404, 8654)",1
4676,"(10990, 8695)",1
4677,"(399, 63911)",1
4678,"(2681, 4243)",1
4679,"(5301, 15354)",1
4680,"(11819, 19185)",2
4681,"(6642, 4232)",1
4682,"(10872, 64250)",1
4683,"(5944, 4263)",1
4684,"(2405, 4263)",2
4685,"(5953, 4263)",1
4686,"(5940, 4263)",1
4687,"(6465, 4263)",1
4688,"(6468, 4263)",1
4689,"(6510, 4263)",1
4690,"(6511, 4263)",1
4691,"(10558, 4263)",1
4692,"(11015, 2630)",1
4693,"(11016, 2630)",1
4694,"(11017, 2630)",1
4695,"(11018, 2630)",1
4696,"(11019, 2630)",1
4697,"(11029, 4263)",1
4698,"(11030, 4263)",1
4699,"(11031, 4263)",1
4700,"(11032, 4263)",1
4701,"(11033, 4263)",1
4702,"(11034, 4263)",1
4703,"(11035, 4263)",1
4704,"(11036, 4263)",1
4705,"(11037, 4263)",1
4706,"(11038, 4263)",1
4707,"(11039, 4263)",1
4708,"(11040, 4263)",1
4709,"(11041, 4263)",1
4710,"(11042, 4263)",1
4711,"(11043, 4263)",1
4712,"(11045, 4263)",1
4713,"(11046, 4263)",1
4714,"(9500, 63585)",1
4715,"(2026, 64757)",1
4716,"(3331, 64089)",1
4717,"(12710, 64089)",1
4718,"(1994, 63728)",1
4719,"(2681, 65096)",6
4720,"(3474, 63553)",1
4721,"(928, 66371)",1
4722,"(77, 66265)",2
4723,"(10974, 63817)",1
4724,"(3474, 64364)",1
4725,"(6754, 63642)",2
4726,"(5301, 34710)",1
4727,"(5649, 34758)",1
4728,"(3474, 68004)",1
4729,"(3268, 56687)",1
4730,"(3268, 66369)",2
4731,"(4097, 56699)",1
4732,"(4097, 66368)",1
4733,"(5301, 63673)",1
4734,"(3474, 63840)",1
4735,"(2165, 63817)",1
4736,"(5301, 26682)",1
4737,"(5301, 2654)",1
4738,"(77, 64329)",2
4739,"(77, 63603)",2
4740,"(984, 63600)",1
4741,"(10960, 4220)",1
4742,"(3530, 15353)",1
4743,"(2741, 2685)",1
4744,"(2681, 4256)",5
4745,"(8675, 26686)",1
4746,"(1045, 63561)",1
4747,"(3474, 63620)",1
4748,"(1045, 2633)",1
4749,"(890, 66260)",1
4750,"(7008, 62952)",1
4751,"(14116, 2633)",1
4752,"(10839, 64785)",1
4753,"(585, 66125)",1
4754,"(6170, 15384)",3
4755,"(10237, 63286)",1
4756,"(77, 66264)",1
4757,"(8337, 2642)",1
4758,"(732, 22836)",1
4759,"(2046, 63660)",1
4760,"(2681, 15369)",1
4761,"(908, 38406)",1
4762,"(685, 15356)",1
4763,"(7139, 63643)",1
4764,"(5649, 2626)",1
4765,"(2681, 15374)",2
4766,"(6725, 63828)",1
4767,"(3474, 8691)",2
4768,"(14122, 8695)",1
4769,"(12425, 64337)",1
4770,"(861, 2609)",1
4771,"(3872, 64337)",1
4772,"(5301, 2633)",1
4773,"(123, 2652)",1
4774,"(211, 2652)",3
4775,"(5301, 2653)",1
4776,"(6200, 63664)",1
4777,"(11007, 66271)",1
4778,"(1309, 2618)",1
4779,"(2681, 8691)",3
4780,"(3474, 63616)",1
4781,"(10908, 19156)",1
4782,"(6524, 26682)",1
4783,"(3474, 2477)",1
4784,"(2642, 8695)",1
4785,"(10965, 63617)",1
4786,"(14072, 19173)",1
4787,"(3474, 4241)",1
4788,"(3474, 8687)",5
4789,"(2026, 63911)",1
4790,"(2421, 34713)",1
4791,"(707, 63593)",1
4792,"(1364, 62951)",1
4793,"(10955, 63610)",1
4794,"(399, 19165)",1
4795,"(928, 63553)",1
4796,"(2951, 63665)",1
4797,"(14098, 65026)",1
4798,"(6520, 2642)",1
4799,"(5648, 65427)",1
4800,"(522, 34710)",1
4801,"(10862, 63593)",1
4802,"(10844, 63591)",1
4803,"(2681, 63656)",1
4804,"(6973, 64963)",1
4805,"(5301, 65021)",1
4806,"(5648, 65016)",1
4807,"(9395, 2632)",1
4808,"(2819, 22829)",1
4809,"(8384, 26694)",1
4810,"(5613, 65094)",1
4811,"(2681, 15318)",1
4812,"(3474, 15318)",1
4813,"(15862, 64785)",1
4814,"(10999, 63688)",1
4815,"(3512, 66330)",2
4816,"(5613, 66331)",1
4817,"(1439, 63831)",2
4818,"(4949, 63911)",1
4819,"(5935, 19185)",1
4820,"(3199, 15374)",1
4821,"(2681, 22839)",1
4822,"(9029, 64760)",1
4823,"(9778, 64738)",1
4824,"(9778, 64741)",1
4825,"(9778, 64760)",1
4826,"(14028, 64089)",1
4827,"(8699, 2531)",1
4828,"(6170, 4234)",1
4829,"(2681, 63590)",1
4830,"(2681, 63636)",1
4831,"(9653, 63688)",1
4832,"(10998, 63688)",1
4833,"(14128, 63687)",1
4834,"(12106, 19209)",1
4835,"(8732, 63685)",1
4836,"(11649, 63685)",1
4837,"(14123, 63685)",1
4838,"(6880, 63355)",1
4839,"(2681, 34698)",1
4840,"(6794, 65975)",1
4841,"(5450, 30546)",1
4842,"(5450, 26722)",1
4843,"(4763, 26703)",1
4844,"(11316, 66431)",1
4845,"(3009, 66353)",1
4846,"(2681, 22848)",6
4847,"(3474, 22848)",1
4848,"(7599, 56441)",3
4849,"(2353, 66308)",1
4850,"(6831, 15377)",1
4851,"(7224, 63020)",1
4852,"(928, 2794)",1
4853,"(2681, 2794)",3
4854,"(3474, 2744)",1
4855,"(3474, 2794)",2
4856,"(2681, 65914)",3
4857,"(634, 26740)",1
4858,"(5087, 26740)",1
4859,"(8982, 26740)",1
4860,"(211, 26745)",1
4861,"(2681, 65912)",7
4862,"(5608, 22867)",1
4863,"(5087, 26745)",2
4864,"(2681, 64511)",1
4865,"(5087, 26748)",1
4866,"(5301, 62962)",1
4867,"(5301, 63343)",1
4868,"(5881, 2807)",9
4869,"(2681, 26833)",5
4870,"(682, 26718)",1
4871,"(3474, 56438)",1
4872,"(11135, 2755)",1
4873,"(49, 66436)",1
4874,"(4889, 26789)",2
4875,"(11208, 34720)",1
4876,"(5351, 63708)",2
4877,"(2681, 64773)",3
4878,"(2667, 34720)",1
4879,"(399, 65282)",1
4880,"(4872, 26718)",1
4881,"(12872, 39991)",1
4882,"(12872, 56449)",2
4883,"(2681, 44277)",2
4884,"(2339, 64240)",1
4885,"(3199, 64240)",1
4886,"(2681, 30527)",1
4887,"(947, 66318)",1
4888,"(399, 66419)",1
4889,"(399, 66420)",1
4890,"(7757, 66325)",1
4891,"(11306, 26846)",1
4892,"(1263, 63354)",1
4893,"(211, 64248)",1
4894,"(9118, 4258)",1
4895,"(11099, 56432)",3
4896,"(3474, 66302)",3
4897,"(399, 26802)",2
4898,"(399, 67874)",1
4899,"(7432, 34748)",1
4900,"(399, 66412)",1
4901,"(3260, 64662)",1
4902,"(2235, 56421)",1
4903,"(2681, 56421)",1
4904,"(11227, 34727)",1
4905,"(414, 65988)",1
4906,"(5243, 65988)",1
4907,"(8240, 65988)",1
4908,"(11290, 65988)",1
4909,"(15396, 65988)",1
4910,"(5613, 63354)",1
4911,"(3474, 65551)",1
4912,"(2681, 52377)",6
4913,"(11122, 30497)",1
4914,"(4267, 65759)",1
4915,"(2681, 66420)",7
4916,"(6324, 19216)",1
4917,"(984, 63358)",1
4918,"(908, 65986)",3
4919,"(2681, 2792)",1
4920,"(3474, 62954)",1
4921,"(2681, 26777)",3
4922,"(11231, 64196)",1
4923,"(5087, 66359)",1
4924,"(878, 63019)",1
4925,"(3474, 56395)",1
4926,"(2681, 63849)",1
4927,"(3474, 63849)",1
4928,"(5301, 8703)",2
4929,"(2681, 63438)",1
4930,"(152, 30497)",1
4931,"(861, 30497)",1
4932,"(5121, 2286)",1
4933,"(5300, 30497)",1
4934,"(5542, 30497)",1
4935,"(11294, 65988)",1
4936,"(2353, 66411)",1
4937,"(3627, 66411)",1
4938,"(2650, 26789)",1
4939,"(6600, 26789)",1
4940,"(11269, 26789)",1
4941,"(11270, 26789)",1
4942,"(9875, 65904)",1
4943,"(1318, 66328)",1
4944,"(14287, 30529)",1
4945,"(1839, 56440)",1
4946,"(6752, 56399)",1
4947,"(6519, 2795)",1
4948,"(3652, 62821)",1
4949,"(5146, 62821)",1
4950,"(11098, 62821)",1
4951,"(9565, 26812)",1
4952,"(9565, 64928)",2
4953,"(890, 19217)",1
4954,"(332, 63344)",1
4955,"(77, 26816)",7
4956,"(984, 64372)",1
4957,"(1867, 64372)",1
4958,"(2787, 64372)",1
4959,"(2834, 64372)",1
4960,"(3627, 64372)",1
4961,"(5941, 64372)",2
4962,"(6740, 64372)",1
4963,"(14117, 64372)",1
4964,"(3072, 56398)",1
4965,"(1548, 2748)",1
4966,"(11128, 2748)",1
4967,"(11129, 2748)",1
4968,"(14266, 44277)",1
4969,"(8649, 62828)",1
4970,"(77, 64572)",3
4971,"(98, 26745)",1
4972,"(2814, 26745)",1
4973,"(3474, 63847)",3
4974,"(2681, 66340)",1
4975,"(3474, 66340)",1
4976,"(2412, 4267)",1
4977,"(1309, 26839)",1
4978,"(3627, 67500)",1
4979,"(3506, 26812)",1
4980,"(6170, 30529)",3
4981,"(6880, 26716)",1
4982,"(10487, 26778)",1
4983,"(6170, 26834)",1
4984,"(984, 26834)",3
4985,"(1096, 63357)",1
4986,"(3101, 67226)",1
4987,"(4460, 65910)",1
4988,"(399, 2789)",1
4989,"(4460, 52398)",1
4990,"(2026, 62821)",2
4991,"(2305, 62821)",1
4992,"(3474, 26706)",1
4993,"(4268, 63354)",1
4994,"(4933, 4258)",1
4995,"(4460, 26811)",1
4996,"(2681, 56425)",2
4997,"(5301, 62959)",1
4998,"(984, 56395)",1
4999,"(399, 56405)",1
5000,"(2681, 66302)",1
5001,"(4889, 26762)",1
5002,"(216, 64490)",2
5003,"(10113, 63774)",1
5004,"(10113, 66434)",1
5005,"(98, 64494)",1
5006,"(861, 64494)",1
5007,"(2814, 64494)",1
5008,"(6519, 26834)",1
5009,"(11264, 26783)",1
5010,"(3506, 30545)",1
5011,"(4780, 30545)",1
5012,"(7318, 30545)",1
5013,"(7738, 30545)",1
5014,"(7846, 30545)",1
5015,"(11940, 30545)",1
5016,"(14305, 30545)",1
5017,"(14306, 30545)",1
5018,"(14307, 30545)",1
5019,"(14308, 30545)",1
5020,"(5940, 26825)",1
5021,"(744, 44264)",1
5022,"(3268, 65027)",1
5023,"(9853, 19213)",1
5024,"(6720, 66369)",1
5025,"(778, 30511)",1
5026,"(6187, 63354)",1
5027,"(1045, 26836)",1
5028,"(1994, 2786)",1
5029,"(5301, 30534)",1
5030,"(928, 67500)",1
5031,"(3474, 66419)",5
5032,"(4887, 30534)",1
5033,"(4949, 65759)",1
5034,"(6411, 65759)",1
5035,"(11245, 26756)",1
5036,"(332, 63856)",1
5037,"(2681, 62953)",3
5038,"(1309, 62954)",1
5039,"(1960, 30502)",2
5040,"(2681, 30529)",2
5041,"(3352, 64572)",1
5042,"(2681, 44235)",3
5043,"(7493, 52377)",1
5044,"(3474, 2792)",3
5045,"(7944, 22848)",1
5046,"(3474, 66420)",1
5047,"(5301, 65910)",1
5048,"(1045, 26825)",1
5049,"(399, 26811)",5
5050,"(1994, 66351)",1
5051,"(2681, 66351)",2
5052,"(9853, 66426)",1
5053,"(2531, 56432)",1
5054,"(3195, 26789)",2
5055,"(77, 64533)",1
5056,"(2026, 64555)",1
5057,"(1045, 65111)",1
5058,"(2681, 65111)",1
5059,"(14284, 26789)",1
5060,"(2945, 63355)",1
5061,"(399, 67875)",1
5062,"(3523, 64569)",1
5063,"(11100, 66449)",1
5064,"(399, 65910)",4
5065,"(6468, 64567)",1
5066,"(6468, 64568)",1
5067,"(6468, 64569)",1
5068,"(11354, 64567)",1
5069,"(11354, 64568)",1
5070,"(11354, 64569)",1
5071,"(14327, 64560)",1
5072,"(3445, 26816)",1
5073,"(11075, 66332)",1
5074,"(9512, 66330)",2
5075,"(11074, 66331)",2
5076,"(2681, 66419)",8
5077,"(5745, 26825)",1
5078,"(2401, 63703)",1
5079,"(11186, 26708)",1
5080,"(11187, 26708)",2
5081,"(830, 66442)",1
5082,"(399, 44442)",1
5083,"(14205, 44442)",1
5084,"(2026, 26834)",1
5085,"(1045, 64511)",1
5086,"(2604, 56409)",1
5087,"(2681, 63909)",2
5088,"(3474, 52385)",2
5089,"(1096, 64196)",1
5090,"(5238, 52386)",1
5091,"(7431, 26703)",1
5092,"(77, 30527)",1
5093,"(2051, 30537)",1
5094,"(2681, 26778)",3
5095,"(2681, 64277)",2
5096,"(5941, 26775)",1
5097,"(5941, 26776)",1
5098,"(6500, 26811)",2
5099,"(2681, 65913)",3
5100,"(5941, 65913)",1
5101,"(1306, 30537)",2
5102,"(6519, 65282)",1
5103,"(2526, 66344)",1
5104,"(12335, 66344)",1
5105,"(2681, 26774)",2
5106,"(14296, 30538)",1
5107,"(8881, 66227)",1
5108,"(211, 26824)",1
5109,"(13327, 19216)",1
5110,"(1749, 26824)",1
5111,"(11107, 65916)",1
5112,"(5301, 65916)",2
5113,"(14295, 67874)",1
5114,"(1306, 30538)",1
5115,"(9247, 3107)",1
5116,"(11342, 3107)",1
5117,"(6732, 65978)",2
5118,"(8394, 34713)",1
5119,"(5087, 2753)",2
5120,"(6880, 16695)",1
5121,"(6880, 44442)",1
5122,"(11317, 66431)",1
5123,"(5613, 64189)",1
5124,"(399, 44129)",1
5125,"(221, 2767)",1
5126,"(1544, 2767)",1
5127,"(2428, 2767)",1
5128,"(4855, 2767)",1
5129,"(6937, 2767)",1
5130,"(7864, 2767)",1
5131,"(8258, 2767)",1
5132,"(9184, 2767)",1
5133,"(11074, 2767)",1
5134,"(14235, 2767)",1
5135,"(5301, 30529)",2
5136,"(908, 26774)",1
5137,"(3474, 26774)",1
5138,"(6170, 26774)",1
5139,"(4268, 2749)",1
5140,"(5087, 26771)",1
5141,"(399, 63856)",3
5142,"(9511, 66442)",1
5143,"(98, 30502)",1
5144,"(98, 64925)",1
5145,"(928, 26778)",1
5146,"(928, 64277)",1
5147,"(211, 26776)",1
5148,"(2681, 66414)",5
5149,"(5301, 26728)",1
5150,"(3474, 56458)",1
5151,"(10594, 56409)",1
5152,"(2681, 26728)",1
5153,"(2863, 26774)",1
5154,"(658, 34746)",1
5155,"(211, 26811)",1
5156,"(11243, 26755)",1
5157,"(2681, 34728)",3
5158,"(11251, 26772)",1
5159,"(11281, 34754)",1
5160,"(2949, 56460)",1
5161,"(2681, 52385)",1
5162,"(1994, 64189)",1
5163,"(3243, 22850)",1
5164,"(11172, 30502)",1
5165,"(6725, 66420)",1
5166,"(2681, 26802)",2
5167,"(6708, 34754)",1
5168,"(5301, 52401)",2
5169,"(6837, 65986)",1
5170,"(1306, 56427)",1
5171,"(4515, 973)",2
5172,"(4515, 986)",2
5173,"(4515, 34670)",2
5174,"(5917, 26824)",1
5175,"(3352, 64955)",1
5176,"(8685, 64572)",2
5177,"(8685, 64955)",2
5178,"(4889, 63856)",1
5179,"(6741, 34754)",1
5180,"(2825, 26747)",1
5181,"(2681, 4265)",2
5182,"(11172, 26716)",1
5183,"(10161, 30537)",1
5184,"(14201, 52376)",1
5185,"(3474, 30537)",1
5186,"(1084, 64143)",1
5187,"(1084, 64144)",1
5188,"(2035, 2778)",1
5189,"(3474, 67506)",2
5190,"(11235, 26745)",1
5191,"(2681, 26762)",1
5192,"(10273, 26708)",1
5193,"(11179, 26708)",1
5194,"(11180, 26708)",1
5195,"(11181, 26708)",1
5196,"(11182, 26708)",1
5197,"(11183, 26708)",1
5198,"(11184, 26708)",1
5199,"(11191, 26708)",1
5200,"(11192, 26708)",1
5201,"(11193, 26708)",1
5202,"(11194, 26708)",1
5203,"(11195, 26708)",1
5204,"(9073, 65843)",1
5205,"(2895, 26708)",1
5206,"(5648, 30538)",1
5207,"(3474, 63862)",2
5208,"(332, 56767)",1
5209,"(332, 66424)",1
5210,"(9963, 30545)",1
5211,"(5087, 22848)",1
5212,"(5713, 56432)",1
5213,"(2529, 30501)",3
5214,"(6626, 30501)",1
5215,"(10970, 34754)",1
5216,"(77, 63703)",1
5217,"(669, 26703)",1
5218,"(399, 63704)",1
5219,"(1972, 63704)",1
5220,"(2588, 63704)",1
5221,"(2797, 63704)",1
5222,"(4608, 63704)",1
5223,"(5085, 63704)",1
5224,"(12487, 63704)",1
5225,"(13283, 63704)",1
5226,"(5940, 26839)",1
5227,"(2681, 65549)",1
5228,"(2945, 64575)",1
5229,"(2945, 64576)",1
5230,"(11348, 64558)",1
5231,"(11348, 64559)",1
5232,"(5301, 22848)",1
5233,"(2945, 64555)",1
5234,"(1309, 63344)",1
5235,"(8580, 34748)",1
5236,"(14225, 63342)",1
5237,"(77, 63355)",4
5238,"(4891, 56398)",2
5239,"(4894, 56398)",1
5240,"(2026, 22843)",1
5241,"(1318, 30539)",1
5242,"(3474, 26824)",1
5243,"(5301, 26824)",1
5244,"(11515, 56639)",1
5245,"(11579, 66572)",1
5246,"(231, 67810)",1
5247,"(257, 67810)",1
5248,"(77, 64915)",1
5249,"(4374, 56645)",1
5250,"(8357, 64963)",1
5251,"(4894, 52391)",1
5252,"(2038, 66517)",1
5253,"(77, 65484)",2
5254,"(5087, 64050)",1
5255,"(6324, 65789)",1
5256,"(11442, 56496)",1
5257,"(4889, 56809)",1
5258,"(5301, 56600)",1
5259,"(9150, 62991)",1
5260,"(2681, 64903)",2
5261,"(4632, 56552)",2
5262,"(11388, 66106)",1
5263,"(5518, 56636)",3
5264,"(9401, 65716)",2
5265,"(11383, 65716)",2
5266,"(11656, 44272)",1
5267,"(928, 56601)",1
5268,"(2026, 56808)",1
5269,"(6524, 56639)",1
5270,"(2351, 44272)",1
5271,"(5932, 65061)",1
5272,"(5932, 65062)",1
5273,"(3260, 62757)",1
5274,"(5518, 66568)",1
5275,"(1994, 56628)",1
5276,"(1218, 67810)",1
5277,"(3512, 34344)",1
5278,"(3512, 52261)",1
5279,"(2681, 64578)",1
5280,"(6500, 44254)",1
5281,"(2047, 64050)",2
5282,"(14416, 64050)",2
5283,"(2681, 56628)",2
5284,"(2280, 56591)",1
5285,"(11646, 44272)",1
5286,"(1055, 44272)",1
5287,"(1055, 44274)",1
5288,"(2681, 56651)",1
5289,"(928, 66687)",2
5290,"(10442, 66521)",1
5291,"(7555, 62878)",1
5292,"(11408, 34452)",1
5293,"(10810, 65807)",1
5294,"(6815, 34636)",1
5295,"(11417, 56595)",1
5296,"(11408, 34368)",1
5297,"(11409, 34368)",1
5298,"(2864, 16695)",1
5299,"(11666, 63712)",1
5300,"(14376, 66521)",1
5301,"(744, 44272)",3
5302,"(6626, 62890)",1
5303,"(9118, 66510)",1
5304,"(11410, 34368)",1
5305,"(5768, 65069)",2
5306,"(11669, 44272)",1
5307,"(2999, 56799)",1
5308,"(5757, 62790)",1
5309,"(6602, 56646)",2
5310,"(6765, 67717)",1
5311,"(11411, 34368)",1
5312,"(1306, 34370)",1
5313,"(1306, 56626)",1
5314,"(2489, 56501)",1
5315,"(3474, 56610)",2
5316,"(11587, 62927)",1
5317,"(77, 56586)",2
5318,"(11517, 67810)",1
5319,"(1493, 56496)",1
5320,"(11528, 56671)",1
5321,"(2681, 56798)",2
5322,"(3474, 66514)",1
5323,"(399, 62904)",1
5324,"(2483, 63948)",1
5325,"(399, 64718)",1
5326,"(399, 64724)",1
5327,"(951, 64718)",1
5328,"(2435, 64718)",1
5329,"(6503, 64718)",1
5330,"(14398, 64718)",1
5331,"(14399, 64718)",1
5332,"(399, 64172)",3
5333,"(7749, 56735)",2
5334,"(2868, 64915)",1
5335,"(11432, 64915)",1
5336,"(2464, 16695)",1
5337,"(10831, 16695)",1
5338,"(2681, 56802)",1
5339,"(2681, 62775)",1
5340,"(3474, 62775)",1
5341,"(4268, 63971)",1
5342,"(4460, 63914)",1
5343,"(2681, 65016)",1
5344,"(2681, 63032)",2
5345,"(2681, 65309)",2
5346,"(2681, 64718)",7
5347,"(6725, 56763)",1
5348,"(2681, 56600)",7
5349,"(2026, 56597)",1
5350,"(4268, 64724)",1
5351,"(77, 56653)",2
5352,"(2305, 56645)",2
5353,"(3474, 56576)",3
5354,"(10179, 56569)",1
5355,"(5397, 66481)",1
5356,"(5397, 66482)",1
5357,"(10259, 66481)",1
5358,"(10259, 66482)",1
5359,"(5261, 62939)",1
5360,"(11492, 64090)",1
5361,"(14492, 44272)",1
5362,"(3250, 65204)",1
5363,"(14401, 65204)",1
5364,"(9171, 62903)",1
5365,"(6170, 39996)",1
5366,"(6170, 62916)",1
5367,"(14369, 62916)",1
5368,"(14370, 39996)",1
5369,"(14370, 62916)",1
5370,"(14919, 39996)",1
5371,"(11541, 56767)",1
5372,"(399, 56767)",1
5373,"(6752, 56735)",2
5374,"(3103, 65912)",1
5375,"(2687, 56735)",2
5376,"(2600, 56672)",1
5377,"(9169, 56672)",1
5378,"(3167, 56801)",1
5379,"(6671, 56569)",1
5380,"(399, 62903)",1
5381,"(830, 62903)",1
5382,"(830, 62904)",1
5383,"(857, 56763)",2
5384,"(2681, 56610)",2
5385,"(77, 56501)",1
5386,"(5301, 56501)",1
5387,"(2681, 62946)",2
5388,"(2681, 62912)",2
5389,"(623, 34368)",2
5390,"(10128, 65319)",1
5391,"(2681, 56739)",5
5392,"(2681, 56740)",5
5393,"(3474, 56739)",2
5394,"(3474, 56740)",2
5395,"(3474, 65916)",2
5396,"(984, 56704)",1
5397,"(4267, 56607)",1
5398,"(6992, 56673)",1
5399,"(2681, 56759)",4
5400,"(2681, 62824)",1
5401,"(2681, 63038)",1
5402,"(861, 66571)",2
5403,"(4399, 66520)",1
5404,"(10040, 56558)",1
5405,"(830, 56698)",1
5406,"(4460, 56818)",1
5407,"(830, 62864)",2
5408,"(830, 62938)",1
5409,"(4995, 56628)",1
5410,"(1084, 56801)",1
5411,"(5768, 34350)",3
5412,"(5768, 44074)",2
5413,"(5768, 56796)",1
5414,"(3474, 56607)",1
5415,"(2950, 56639)",1
5416,"(822, 64908)",1
5417,"(10434, 56684)",1
5418,"(1793, 52261)",1
5419,"(1153, 56628)",1
5420,"(5941, 56625)",1
5421,"(11456, 64736)",1
5422,"(5570, 66474)",1
5423,"(1925, 56544)",2
5424,"(44, 16695)",2
5425,"(10487, 44083)",1
5426,"(2351, 56497)",1
5427,"(11389, 56813)",1
5428,"(5412, 65802)",1
5429,"(517, 56669)",1
5430,"(1122, 56669)",1
5431,"(3042, 56669)",1
5432,"(3474, 56669)",1
5433,"(5424, 56669)",1
5434,"(2681, 56511)",2
5435,"(2681, 64910)",1
5436,"(2681, 66581)",1
5437,"(404, 56637)",2
5438,"(11506, 65069)",1
5439,"(13067, 56637)",1
5440,"(6170, 56797)",2
5441,"(6384, 65917)",1
5442,"(1498, 62886)",1
5443,"(4460, 64918)",1
5444,"(14452, 56658)",1
5445,"(278, 56671)",1
5446,"(1196, 64956)",1
5447,"(2400, 64956)",1
5448,"(7275, 64956)",2
5449,"(908, 56808)",2
5450,"(11540, 56756)",1
5451,"(2681, 64724)",2
5452,"(3474, 62937)",1
5453,"(11421, 66456)",1
5454,"(11421, 66457)",1
5455,"(11422, 66458)",1
5456,"(1162, 66523)",1
5457,"(2681, 56583)",5
5458,"(5613, 66687)",1
5459,"(3614, 64963)",1
5460,"(2681, 56585)",3
5461,"(1452, 56631)",1
5462,"(5747, 62822)",1
5463,"(77, 64466)",1
5464,"(2681, 52391)",2
5465,"(11479, 64721)",1
5466,"(2681, 66557)",15
5467,"(6187, 64904)",2
5468,"(1939, 64724)",1
5469,"(5613, 64724)",2
5470,"(77, 65948)",1
5471,"(3025, 64722)",1
5472,"(2681, 56655)",2
5473,"(2681, 64053)",1
5474,"(2681, 56811)",1
5475,"(2681, 56626)",2
5476,"(9118, 63449)",1
5477,"(1994, 64515)",2
5478,"(4969, 56639)",2
5479,"(10363, 65718)",1
5480,"(10363, 65921)",1
5481,"(1449, 56631)",1
5482,"(77, 56692)",1
5483,"(3342, 56742)",1
5484,"(4697, 62779)",1
5485,"(4460, 65309)",1
5486,"(399, 56533)",1
5487,"(10980, 56533)",1
5488,"(7703, 56673)",1
5489,"(10418, 62779)",1
5490,"(10418, 65719)",2
5491,"(399, 66455)",2
5492,"(944, 66455)",2
5493,"(1196, 56561)",1
5494,"(1196, 66455)",1
5495,"(1204, 66455)",2
5496,"(1679, 66455)",1
5497,"(14440, 66455)",1
5498,"(6116, 64170)",1
5499,"(11447, 64170)",1
5500,"(2681, 52397)",1
5501,"(1994, 62854)",1
5502,"(5613, 64902)",1
5503,"(2681, 64904)",5
5504,"(9074, 62928)",1
5505,"(10183, 65312)",1
5506,"(11545, 56771)",1
5507,"(9408, 44252)",1
5508,"(13228, 56615)",1
5509,"(14464, 56693)",1
5510,"(2026, 62902)",1
5511,"(2026, 64466)",1
5512,"(12393, 64912)",1
5513,"(7744, 62779)",4
5514,"(3474, 52383)",1
5515,"(4515, 165)",2
5516,"(4515, 1171)",2
5517,"(11558, 44272)",1
5518,"(6752, 62790)",1
5519,"(3474, 56558)",4
5520,"(3593, 62883)",1
5521,"(14344, 56698)",1
5522,"(2681, 66170)",1
5523,"(5998, 66170)",1
5524,"(10919, 44272)",1
5525,"(2681, 62905)",3
5526,"(3199, 56646)",1
5527,"(3474, 56616)",1
5528,"(91, 44272)",1
5529,"(11559, 44272)",1
5530,"(211, 63253)",2
5531,"(10128, 34677)",2
5532,"(2681, 66514)",3
5533,"(928, 56597)",1
5534,"(2681, 56597)",4
5535,"(10090, 62901)",1
5536,"(744, 62851)",1
5537,"(2080, 56569)",1
5538,"(211, 62914)",1
5539,"(658, 65789)",1
5540,"(5940, 66688)",1
5541,"(404, 56558)",1
5542,"(6170, 62885)",1
5543,"(830, 65686)",1
5544,"(3474, 65016)",2
5545,"(4933, 62911)",1
5546,"(14352, 64956)",1
5547,"(14353, 64956)",1
5548,"(14354, 64956)",1
5549,"(14355, 64956)",1
5550,"(14356, 64956)",1
5551,"(14357, 64956)",1
5552,"(14360, 65923)",1
5553,"(3474, 62916)",1
5554,"(3988, 56771)",1
5555,"(265, 65705)",1
5556,"(5301, 56591)",1
5557,"(211, 62885)",1
5558,"(399, 62790)",1
5559,"(5998, 56625)",1
5560,"(5836, 56783)",1
5561,"(11500, 65801)",1
5562,"(1225, 56646)",1
5563,"(6812, 66576)",1
5564,"(11676, 66575)",1
5565,"(2856, 62886)",1
5566,"(4889, 56808)",1
5567,"(10602, 34368)",1
5568,"(785, 63914)",1
5569,"(2681, 56649)",2
5570,"(2875, 66499)",1
5571,"(11887, 66499)",1
5572,"(11887, 66644)",1
5573,"(399, 56558)",3
5574,"(11499, 56558)",1
5575,"(941, 56658)",2
5576,"(6411, 56588)",1
5577,"(3045, 65403)",1
5578,"(508, 62901)",1
5579,"(11457, 65712)",1
5580,"(2681, 62900)",1
5581,"(10222, 64530)",1
5582,"(4270, 44367)",1
5583,"(984, 64915)",1
5584,"(77, 64721)",2
5585,"(11581, 56645)",1
5586,"(11523, 65311)",1
5587,"(11523, 65417)",1
5588,"(861, 64090)",1
5589,"(399, 64050)",1
5590,"(7703, 64050)",1
5591,"(11440, 56489)",1
5592,"(4559, 64048)",1
5593,"(4559, 64050)",1
5594,"(8897, 65912)",1
5595,"(2608, 63978)",1
5596,"(3454, 56568)",1
5597,"(890, 56546)",1
5598,"(2681, 62885)",2
5599,"(11448, 64170)",1
5600,"(658, 56649)",1
5601,"(14430, 56590)",1
5602,"(3399, 52206)",1
5603,"(6732, 52206)",1
5604,"(2483, 62903)",1
5605,"(508, 65391)",1
5606,"(5087, 56816)",1
5607,"(6626, 56816)",1
5608,"(1514, 66105)",2
5609,"(1306, 62912)",1
5610,"(211, 66719)",1
5611,"(9512, 66719)",1
5612,"(5412, 66617)",1
5613,"(6765, 66617)",1
5614,"(7158, 66641)",1
5615,"(9882, 66641)",1
5616,"(2681, 34554)",5
5617,"(2681, 63253)",3
5618,"(6519, 63253)",1
5619,"(11948, 63253)",1
5620,"(10128, 65216)",2
5621,"(634, 63046)",1
5622,"(3352, 63046)",2
5623,"(4559, 63046)",1
5624,"(984, 62850)",1
5625,"(1096, 62850)",1
5626,"(5301, 62850)",1
5627,"(211, 63495)",1
5628,"(8016, 63495)",1
5629,"(11856, 56829)",2
5630,"(6128, 63271)",1
5631,"(4889, 63047)",1
5632,"(861, 62941)",1
5633,"(12023, 34713)",1
5634,"(2608, 63096)",1
5635,"(4912, 34713)",2
5636,"(11119, 8674)",1
5637,"(3474, 63096)",2
5638,"(11867, 62761)",1
5639,"(984, 62888)",2
5640,"(5246, 62888)",1
5641,"(8881, 3087)",1
5642,"(8881, 30511)",1
5643,"(11853, 62888)",1
5644,"(1306, 34373)",1
5645,"(2681, 62969)",1
5646,"(332, 66540)",1
5647,"(1939, 63232)",1
5648,"(3474, 64056)",2
5649,"(4268, 63232)",1
5650,"(3352, 66539)",1
5651,"(2681, 64011)",3
5652,"(5941, 65176)",3
5653,"(1087, 62969)",1
5654,"(3593, 62969)",1
5655,"(5998, 65213)",1
5656,"(2026, 64060)",1
5657,"(2305, 64060)",1
5658,"(7091, 62847)",1
5659,"(10971, 62847)",1
5660,"(11760, 62847)",1
5661,"(11515, 65605)",1
5662,"(2681, 63268)",2
5663,"(2169, 62783)",2
5664,"(5648, 63102)",1
5665,"(508, 19157)",1
5666,"(2681, 65521)",3
5667,"(6459, 62842)",1
5668,"(2947, 63144)",1
5669,"(10583, 44366)",1
5670,"(10583, 63143)",1
5671,"(6451, 63460)",1
5672,"(6451, 67930)",1
5673,"(8948, 63256)",1
5674,"(540, 22827)",1
5675,"(2681, 63057)",1
5676,"(6452, 19157)",1
5677,"(2681, 56829)",1
5678,"(11905, 63240)",1
5679,"(2681, 63276)",1
5680,"(11905, 63468)",2
5681,"(6211, 64963)",1
5682,"(3614, 64026)",1
5683,"(270, 19167)",1
5684,"(270, 22827)",1
5685,"(270, 38403)",1
5686,"(270, 44272)",1
5687,"(530, 19167)",1
5688,"(530, 22827)",1
5689,"(530, 38403)",1
5690,"(530, 44272)",1
5691,"(580, 19167)",1
5692,"(580, 22827)",1
5693,"(580, 38403)",1
5694,"(580, 44272)",1
5695,"(1339, 19167)",1
5696,"(1339, 22827)",1
5697,"(1339, 38403)",1
5698,"(1339, 44272)",1
5699,"(1380, 19167)",1
5700,"(1380, 22827)",1
5701,"(1380, 38403)",1
5702,"(1380, 44272)",2
5703,"(1434, 19167)",1
5704,"(1434, 22827)",1
5705,"(1434, 38403)",1
5706,"(1434, 44272)",1
5707,"(2207, 19167)",1
5708,"(2207, 22827)",1
5709,"(2207, 38403)",1
5710,"(2207, 44272)",1
5711,"(2224, 19167)",1
5712,"(2224, 22827)",1
5713,"(2224, 38403)",1
5714,"(2224, 44272)",1
5715,"(2357, 19167)",1
5716,"(2357, 22827)",1
5717,"(2357, 38403)",1
5718,"(3627, 19167)",1
5719,"(3627, 22827)",1
5720,"(3627, 38403)",1
5721,"(3627, 44272)",1
5722,"(4765, 19167)",1
5723,"(4765, 22827)",1
5724,"(4765, 38403)",1
5725,"(4765, 44272)",1
5726,"(6451, 19167)",1
5727,"(6451, 22827)",1
5728,"(6451, 44272)",1
5729,"(6452, 19167)",1
5730,"(6452, 22827)",1
5731,"(6452, 38403)",1
5732,"(6452, 44272)",1
5733,"(13419, 19167)",1
5734,"(13419, 22827)",1
5735,"(13419, 38403)",1
5736,"(13419, 44272)",1
5737,"(14606, 19167)",1
5738,"(14606, 22827)",1
5739,"(14606, 38403)",1
5740,"(14606, 44272)",1
5741,"(14607, 19167)",1
5742,"(14607, 22827)",1
5743,"(14607, 38403)",1
5744,"(14607, 44272)",1
5745,"(14608, 19167)",1
5746,"(14608, 22827)",1
5747,"(14608, 38403)",1
5748,"(14608, 44272)",1
5749,"(14609, 19167)",1
5750,"(14609, 22827)",1
5751,"(14609, 38403)",1
5752,"(14609, 44272)",1
5753,"(14610, 19167)",1
5754,"(14610, 22827)",1
5755,"(14610, 38403)",1
5756,"(14610, 44272)",1
5757,"(14611, 19167)",1
5758,"(14611, 22827)",1
5759,"(14611, 38403)",1
5760,"(14611, 44272)",1
5761,"(14612, 19167)",1
5762,"(14612, 22827)",1
5763,"(14612, 38403)",1
5764,"(14612, 44272)",1
5765,"(14613, 19167)",1
5766,"(14613, 22827)",1
5767,"(14613, 38403)",1
5768,"(14613, 44272)",1
5769,"(14614, 19167)",1
5770,"(14614, 22827)",1
5771,"(14614, 38403)",1
5772,"(14614, 44272)",1
5773,"(14615, 19167)",1
5774,"(14615, 22827)",1
5775,"(14615, 38403)",1
5776,"(14615, 44272)",1
5777,"(8408, 22827)",1
5778,"(8408, 34713)",1
5779,"(12068, 63533)",1
5780,"(5611, 2332)",2
5781,"(6211, 2332)",1
5782,"(12022, 34713)",1
5783,"(12029, 22827)",1
5784,"(1452, 63211)",1
5785,"(2681, 63192)",2
5786,"(755, 66662)",1
5787,"(9473, 22827)",1
5788,"(3037, 63378)",1
5789,"(12080, 22827)",1
5790,"(2681, 63145)",5
5791,"(2080, 63496)",1
5792,"(2604, 66621)",1
5793,"(2489, 63210)",1
5794,"(11832, 62880)",1
5795,"(3445, 65020)",1
5796,"(530, 64665)",1
5797,"(6640, 64665)",1
5798,"(5301, 63076)",1
5799,"(5301, 63381)",1
5800,"(399, 63160)",1
5801,"(4707, 56844)",1
5802,"(399, 56844)",1
5803,"(151, 62879)",1
5804,"(151, 62944)",1
5805,"(5246, 62969)",1
5806,"(2235, 63096)",1
5807,"(1153, 63145)",1
5808,"(2681, 66607)",4
5809,"(2681, 63519)",6
5810,"(1031, 62781)",1
5811,"(8156, 62781)",1
5812,"(13363, 66550)",1
5813,"(2681, 64056)",1
5814,"(2681, 63482)",1
5815,"(98, 63235)",2
5816,"(5301, 63173)",4
5817,"(8956, 62834)",1
5818,"(11860, 62834)",1
5819,"(6467, 63233)",3
5820,"(332, 62880)",1
5821,"(14665, 66550)",1
5822,"(2681, 63260)",1
5823,"(8278, 66630)",2
5824,"(744, 66630)",2
5825,"(2026, 63198)",1
5826,"(9911, 65609)",1
5827,"(2239, 66121)",1
5828,"(2239, 63375)",1
5829,"(9525, 65608)",1
5830,"(5087, 63287)",1
5831,"(11907, 63468)",1
5832,"(8713, 63256)",1
5833,"(4460, 63107)",1
5834,"(4460, 63199)",1
5835,"(830, 62888)",2
5836,"(830, 63267)",1
5837,"(11862, 64296)",1
5838,"(5757, 56857)",3
5839,"(399, 63267)",1
5840,"(588, 63267)",1
5841,"(941, 63267)",1
5842,"(944, 63267)",1
5843,"(1084, 63267)",1
5844,"(2483, 63267)",2
5845,"(2687, 63267)",1
5846,"(2959, 63267)",1
5847,"(2978, 63267)",1
5848,"(3645, 63267)",1
5849,"(4460, 63267)",1
5850,"(6500, 63267)",1
5851,"(6752, 63267)",1
5852,"(7604, 63267)",1
5853,"(11661, 63267)",1
5854,"(13036, 63267)",1
5855,"(14788, 63267)",1
5856,"(830, 63129)",1
5857,"(830, 64057)",1
5858,"(11695, 66672)",1
5859,"(14577, 66686)",2
5860,"(15038, 66686)",1
5861,"(15039, 66686)",1
5862,"(14826, 65955)",1
5863,"(6194, 63275)",1
5864,"(9231, 63285)",1
5865,"(14805, 63285)",1
5866,"(14806, 63285)",1
5867,"(1045, 63498)",1
5868,"(1392, 63498)",1
5869,"(2681, 63498)",1
5870,"(14845, 63498)",1
5871,"(14846, 63498)",1
5872,"(14848, 63498)",1
5873,"(960, 65322)",1
5874,"(960, 65323)",1
5875,"(2681, 63491)",1
5876,"(9311, 63143)",1
5877,"(894, 63096)",1
5878,"(14807, 63285)",1
5879,"(890, 62880)",1
5880,"(14829, 44342)",1
5881,"(9458, 63152)",1
5882,"(14767, 63211)",2
5883,"(9073, 63503)",1
5884,"(2681, 62765)",5
5885,"(6170, 62814)",1
5886,"(12062, 63498)",1
5887,"(11804, 66540)",1
5888,"(11948, 62888)",1
5889,"(399, 64056)",2
5890,"(984, 65215)",1
5891,"(6557, 65728)",1
5892,"(9073, 64593)",1
5893,"(10279, 66635)",1
5894,"(12019, 66635)",1
5895,"(2677, 63273)",1
5896,"(5729, 63273)",1
5897,"(12051, 63285)",1
5898,"(10834, 66594)",1
5899,"(77, 63051)",1
5900,"(830, 62933)",1
5901,"(8948, 63253)",1
5902,"(11947, 63253)",1
5903,"(3101, 65949)",2
5904,"(1749, 64011)",1
5905,"(3474, 63121)",2
5906,"(498, 30456)",1
5907,"(12220, 67929)",1
5908,"(12220, 67930)",1
5909,"(2681, 63530)",1
5910,"(2681, 62816)",1
5911,"(12037, 66550)",1
5912,"(2681, 63133)",2
5913,"(4273, 63133)",1
5914,"(3474, 63161)",2
5915,"(11759, 62944)",1
5916,"(11759, 64597)",1
5917,"(278, 64197)",1
5918,"(5234, 64197)",1
5919,"(7005, 63241)",2
5920,"(11854, 62842)",1
5921,"(308, 62977)",1
5922,"(960, 62977)",1
5923,"(2026, 62977)",1
5924,"(6035, 62977)",1
5925,"(6114, 62977)",1
5926,"(10092, 62977)",1
5927,"(10867, 62977)",1
5928,"(11731, 62977)",1
5929,"(11732, 62977)",1
5930,"(12737, 62977)",1
5931,"(11486, 34368)",1
5932,"(11486, 44083)",1
5933,"(11717, 34368)",1
5934,"(11717, 44083)",1
5935,"(11804, 34368)",1
5936,"(2681, 62837)",8
5937,"(1330, 34506)",1
5938,"(4707, 34506)",1
5939,"(778, 63176)",1
5940,"(779, 63176)",1
5941,"(5612, 63268)",1
5942,"(6187, 63268)",1
5943,"(12332, 63268)",1
5944,"(1994, 63277)",4
5945,"(2681, 63173)",2
5946,"(4460, 34506)",1
5947,"(2681, 56822)",3
5948,"(4267, 56822)",1
5949,"(658, 56845)",1
5950,"(2026, 65955)",4
5951,"(2353, 64011)",1
5952,"(3442, 64011)",1
5953,"(2681, 65955)",6
5954,"(14576, 63895)",1
5955,"(9318, 30455)",1
5956,"(2681, 63166)",4
5957,"(4863, 66538)",1
5958,"(1994, 66611)",2
5959,"(77, 63104)",2
5960,"(3474, 63519)",2
5961,"(2683, 62773)",1
5962,"(3474, 63499)",1
5963,"(10279, 66636)",1
5964,"(2681, 63107)",5
5965,"(3474, 63510)",1
5966,"(830, 63277)",1
5967,"(2026, 64011)",1
5968,"(11953, 63272)",1
5969,"(2664, 63272)",1
5970,"(14824, 65523)",1
5971,"(8649, 64387)",1
5972,"(984, 64013)",1
5973,"(5941, 63249)",1
5974,"(1306, 63249)",1
5975,"(6854, 65408)",1
5976,"(9139, 66345)",2
5977,"(12053, 63285)",1
5978,"(5301, 66216)",2
5979,"(11573, 63204)",1
5980,"(11574, 63204)",1
5981,"(3474, 63075)",1
5982,"(14688, 62880)",1
5983,"(2080, 63161)",1
5984,"(2597, 62944)",1
5985,"(399, 66552)",2
5986,"(4802, 66552)",1
5987,"(11687, 66662)",1
5988,"(399, 56857)",2
5989,"(77, 56829)",1
5990,"(2095, 63162)",1
5991,"(2849, 63162)",1
5992,"(2903, 63162)",1
5993,"(5935, 63162)",1
5994,"(5941, 63162)",1
5995,"(1994, 63268)",3
5996,"(399, 63277)",1
5997,"(984, 63074)",1
5998,"(399, 44250)",1
5999,"(1449, 63219)",1
6000,"(1449, 63096)",1
6001,"(2950, 63145)",1
6002,"(4268, 44260)",1
6003,"(1318, 56820)",1
6004,"(6465, 63156)",3
6005,"(3445, 63148)",1
6006,"(2687, 62773)",2
6007,"(3474, 62773)",2
6008,"(5243, 62773)",1
6009,"(928, 64604)",1
6010,"(11930, 63173)",1
6011,"(2681, 65251)",3
6012,"(14452, 62941)",1
6013,"(996, 64296)",1
6014,"(540, 26669)",1
6015,"(9537, 65736)",1
6016,"(2327, 19141)",1
6017,"(2687, 63052)",1
6018,"(6519, 63218)",2
6019,"(4776, 62837)",1
6020,"(4894, 62837)",1
6021,"(7947, 65002)",1
6022,"(12755, 19155)",1
6023,"(7932, 56853)",1
6024,"(211, 62819)",1
6025,"(2773, 62944)",1
6026,"(14885, 22873)",1
6027,"(779, 56823)",1
6028,"(399, 63170)",1
6029,"(2681, 3173)",3
6030,"(3052, 63389)",1
6031,"(149, 63159)",1
6032,"(1096, 63495)",1
6033,"(6880, 62976)",1
6034,"(1503, 62890)",1
6035,"(3593, 63051)",1
6036,"(11928, 63173)",1
6037,"(11929, 63173)",1
6038,"(2687, 56857)",2
6039,"(1960, 63224)",1
6040,"(8948, 63295)",2
6041,"(3205, 63524)",1
6042,"(3442, 63203)",1
6043,"(2489, 63054)",1
6044,"(658, 63504)",1
6045,"(11217, 63275)",1
6046,"(5301, 63111)",2
6047,"(3474, 63102)",1
6048,"(399, 62773)",2
6049,"(3201, 62773)",2
6050,"(5619, 62773)",1
6051,"(5941, 62773)",1
6052,"(399, 62976)",1
6053,"(11869, 64054)",1
6054,"(10376, 66674)",1
6055,"(3101, 63245)",2
6056,"(3101, 63252)",1
6057,"(5757, 63245)",1
6058,"(11770, 34497)",1
6059,"(2401, 63209)",1
6060,"(6249, 66781)",1
6061,"(11993, 66781)",2
6062,"(2681, 44366)",3
6063,"(11889, 63218)",1
6064,"(11948, 63218)",1
6065,"(5301, 63500)",1
6066,"(6996, 56844)",1
6067,"(11984, 65176)",1
6068,"(387, 66550)",1
6069,"(2169, 63499)",1
6070,"(3059, 63253)",1
6071,"(2681, 56848)",1
6072,"(6356, 65608)",1
6073,"(3474, 34457)",2
6074,"(11494, 66632)",1
6075,"(908, 34457)",1
6076,"(3542, 63259)",1
6077,"(11091, 63267)",1
6078,"(5941, 63096)",1
6079,"(4540, 63275)",1
6080,"(5542, 62842)",1
6081,"(9118, 63275)",1
6082,"(2681, 44346)",4
6083,"(1045, 62842)",2
6084,"(11991, 65523)",1
6085,"(77, 62773)",1
6086,"(77, 63086)",1
6087,"(2026, 63256)",1
6088,"(4415, 66344)",1
6089,"(12085, 22872)",1
6090,"(6869, 64197)",1
6091,"(984, 63473)",1
6092,"(928, 63516)",1
6093,"(399, 63096)",1
6094,"(77, 63211)",2
6095,"(928, 62803)",1
6096,"(3474, 63111)",3
6097,"(11851, 62781)",1
6098,"(4889, 63248)",1
6099,"(908, 62862)",1
6100,"(908, 62946)",1
6101,"(2668, 62862)",1
6102,"(2668, 62946)",1
6103,"(77, 34554)",1
6104,"(11740, 62941)",1
6105,"(2529, 64478)",1
6106,"(2681, 63116)",2
6107,"(3474, 64012)",2
6108,"(9338, 62853)",1
6109,"(11951, 63272)",1
6110,"(6523, 44031)",1
6111,"(14191, 30455)",1
6112,"(1225, 62969)",1
6113,"(6163, 67303)",1
6114,"(3515, 65955)",1
6115,"(1045, 63249)",1
6116,"(2681, 63277)",5
6117,"(77, 63287)",3
6118,"(11819, 66541)",1
6119,"(12048, 64197)",1
6120,"(3474, 63500)",4
6121,"(960, 44032)",1
6122,"(2681, 63217)",2
6123,"(6708, 63531)",1
6124,"(2972, 63504)",1
6125,"(11829, 62941)",1
6126,"(2169, 64469)",1
6127,"(830, 64591)",1
6128,"(2681, 63375)",1
6129,"(8728, 65955)",1
6130,"(14827, 65955)",1
6131,"(211, 19141)",1
6132,"(396, 64296)",1
6133,"(2681, 63203)",3
6134,"(11883, 65216)",1
6135,"(984, 63236)",1
6136,"(2681, 63288)",2
6137,"(211, 62820)",1
6138,"(17, 62895)",1
6139,"(872, 34684)",1
6140,"(211, 62813)",1
6141,"(5243, 34541)",1
6142,"(5244, 34541)",1
6143,"(5244, 34544)",1
6144,"(5619, 34544)",1
6145,"(9938, 34541)",1
6146,"(9938, 34544)",1
6147,"(3474, 66611)",2
6148,"(5757, 63272)",1
6149,"(7507, 63122)",2
6150,"(7937, 65178)",1
6151,"(9040, 65178)",1
6152,"(11925, 63162)",1
6153,"(11996, 63495)",1
6154,"(7005, 63159)",1
6155,"(2428, 62888)",1
6156,"(658, 65608)",1
6157,"(11960, 64197)",1
6158,"(14647, 66605)",1
6159,"(11558, 38403)",1
6160,"(1175, 65955)",1
6161,"(5940, 30455)",1
6162,"(3068, 44034)",1
6163,"(11692, 64197)",3
6164,"(5941, 63275)",1
6165,"(317, 65667)",1
6166,"(8081, 65667)",1
6167,"(1548, 63520)",1
6168,"(8917, 62879)",1
6169,"(91, 34387)",1
6170,"(984, 65622)",1
6171,"(844, 34452)",1
6172,"(12055, 65955)",1
6173,"(6985, 63272)",1
6174,"(11952, 63272)",1
6175,"(11986, 66345)",1
6176,"(2635, 64013)",1
6177,"(861, 34370)",2
6178,"(3352, 44096)",1
6179,"(5941, 44015)",1
6180,"(11886, 39996)",1
6181,"(8438, 16695)",1
6182,"(2483, 34594)",1
6183,"(9604, 34501)",1
6184,"(145, 34494)",1
6185,"(861, 34494)",1
6186,"(11104, 34494)",1
6187,"(12226, 62975)",1
6188,"(4872, 63961)",1
6189,"(12171, 34574)",1
6190,"(2452, 66792)",1
6191,"(12276, 66792)",1
6192,"(8713, 64436)",1
6193,"(12127, 63876)",1
6194,"(841, 64708)",2
6195,"(4827, 56379)",2
6196,"(832, 65644)",1
6197,"(14936, 26567)",1
6198,"(12280, 52190)",1
6199,"(5648, 34464)",1
6200,"(6116, 66853)",1
6201,"(11988, 66858)",1
6202,"(12419, 66859)",2
6203,"(12333, 63271)",1
6204,"(3474, 34415)",5
6205,"(2681, 44202)",1
6206,"(5941, 44202)",1
6207,"(211, 34490)",1
6208,"(7700, 66713)",2
6209,"(8234, 64814)",2
6210,"(2681, 34542)",4
6211,"(6384, 66818)",1
6212,"(9311, 34508)",1
6213,"(179, 63415)",1
6214,"(185, 63415)",1
6215,"(2026, 64117)",1
6216,"(2026, 66711)",2
6217,"(2681, 66711)",1
6218,"(11393, 66792)",1
6219,"(9722, 64304)",3
6220,"(245, 66521)",1
6221,"(2821, 66522)",1
6222,"(3614, 66521)",1
6223,"(5690, 66521)",1
6224,"(6294, 66521)",2
6225,"(9763, 66522)",1
6226,"(10810, 66521)",2
6227,"(12192, 66521)",1
6228,"(1334, 64431)",1
6229,"(12196, 34369)",1
6230,"(12196, 64431)",1
6231,"(13804, 66521)",3
6232,"(1081, 40036)",1
6233,"(12368, 63426)",1
6234,"(13804, 66525)",2
6235,"(10090, 66523)",1
6236,"(12380, 44139)",1
6237,"(12412, 16695)",1
6238,"(1502, 44020)",1
6239,"(1503, 44020)",1
6240,"(2084, 44020)",1
6241,"(2356, 44020)",1
6242,"(2851, 44020)",1
6243,"(2852, 44020)",1
6244,"(6331, 44020)",1
6245,"(12203, 44020)",1
6246,"(12204, 44020)",1
6247,"(12110, 39996)",1
6248,"(12266, 320)",1
6249,"(12267, 320)",1
6250,"(1222, 34574)",1
6251,"(2681, 34422)",2
6252,"(3352, 66756)",1
6253,"(6356, 66818)",1
6254,"(6384, 66725)",1
6255,"(12136, 34501)",1
6256,"(6468, 44101)",2
6257,"(399, 44202)",1
6258,"(12099, 39991)",1
6259,"(399, 56851)",1
6260,"(2921, 34403)",1
6261,"(2681, 56851)",3
6262,"(2681, 60493)",8
6263,"(984, 34409)",2
6264,"(6313, 66876)",2
6265,"(12195, 34369)",1
6266,"(5301, 44132)",1
6267,"(8495, 66763)",1
6268,"(8495, 66766)",1
6269,"(1085, 34515)",1
6270,"(5649, 56850)",1
6271,"(12260, 34574)",1
6272,"(12215, 34491)",1
6273,"(205, 44039)",1
6274,"(12121, 34491)",1
6275,"(5261, 65623)",2
6276,"(7925, 64298)",1
6277,"(12399, 64018)",1
6278,"(861, 44148)",1
6279,"(1380, 34574)",2
6280,"(4460, 44202)",1
6281,"(984, 34379)",1
6282,"(3201, 44208)",1
6283,"(6192, 52414)",2
6284,"(12872, 64016)",1
6285,"(5768, 34475)",2
6286,"(3474, 34436)",1
6287,"(10128, 66810)",2
6288,"(940, 66736)",1
6289,"(940, 66807)",1
6290,"(8875, 63876)",2
6291,"(11959, 30454)",1
6292,"(3474, 52187)",2
6293,"(9450, 34508)",1
6294,"(12141, 66713)",1
6295,"(2026, 66718)",1
6296,"(12326, 52414)",1
6297,"(211, 66876)",2
6298,"(6558, 66876)",1
6299,"(9646, 65798)",1
6300,"(634, 39996)",2
6301,"(1087, 39996)",1
6302,"(1503, 39996)",1
6303,"(15862, 39996)",1
6304,"(2681, 66690)",2
6305,"(12316, 63113)",1
6306,"(6752, 34510)",1
6307,"(944, 64016)",1
6308,"(8073, 64016)",1
6309,"(399, 64018)",3
6310,"(399, 66765)",1
6311,"(6671, 34487)",1
6312,"(2681, 64016)",2
6313,"(91, 65305)",1
6314,"(4267, 56847)",1
6315,"(6863, 44282)",2
6316,"(6170, 64018)",1
6317,"(6459, 34636)",1
6318,"(332, 52414)",1
6319,"(9407, 34464)",1
6320,"(12113, 34464)",1
6321,"(12369, 63427)",1
6322,"(4735, 66771)",1
6323,"(2681, 64018)",1
6324,"(14191, 63426)",1
6325,"(15024, 44121)",1
6326,"(12237, 34542)",1
6327,"(278, 34455)",1
6328,"(621, 34455)",1
6329,"(11988, 34455)",1
6330,"(12205, 34455)",1
6331,"(12206, 34455)",1
6332,"(12172, 44063)",1
6333,"(12351, 64677)",1
6334,"(3464, 34461)",1
6335,"(9026, 44064)",1
6336,"(14910, 39988)",1
6337,"(2875, 39988)",1
6338,"(1352, 64400)",4
6339,"(1972, 65460)",1
6340,"(9007, 34574)",1
6341,"(4127, 34503)",1
6342,"(4161, 34503)",1
6343,"(6725, 63117)",1
6344,"(12282, 64714)",1
6345,"(11948, 63268)",1
6346,"(5955, 34404)",1
6347,"(77, 40081)",1
6348,"(12213, 34487)",1
6349,"(947, 66695)",1
6350,"(10746, 66735)",1
6351,"(12251, 62978)",1
6352,"(6524, 34515)",1
6353,"(2681, 34510)",4
6354,"(9868, 66522)",1
6355,"(5139, 66805)",1
6356,"(517, 66523)",1
6357,"(11074, 34574)",2
6358,"(2681, 65630)",2
6359,"(2124, 34436)",1
6360,"(2681, 34436)",1
6361,"(6006, 34436)",1
6362,"(12420, 66826)",1
6363,"(12383, 64677)",1
6364,"(5301, 52187)",3
6365,"(6192, 52187)",1
6366,"(6194, 66758)",2
6367,"(12356, 66771)",1
6368,"(2681, 66758)",4
6369,"(9118, 66758)",1
6370,"(3250, 66822)",1
6371,"(77, 66711)",2
6372,"(5941, 63135)",1
6373,"(9548, 66711)",1
6374,"(6194, 66759)",1
6375,"(6194, 66760)",1
6376,"(2681, 56854)",2
6377,"(2681, 66691)",4
6378,"(5491, 34409)",1
6379,"(8252, 34409)",1
6380,"(8253, 34409)",1
6381,"(2681, 40070)",2
6382,"(3474, 66687)",1
6383,"(5649, 44029)",1
6384,"(11696, 44282)",1
6385,"(2681, 64298)",2
6386,"(2681, 40094)",1
6387,"(1627, 44039)",5
6388,"(9758, 52414)",1
6389,"(12330, 52414)",1
6390,"(5613, 63454)",1
6391,"(1045, 66684)",1
6392,"(861, 52414)",1
6393,"(1606, 66796)",1
6394,"(9646, 39996)",1
6395,"(10159, 39996)",1
6396,"(12105, 39996)",1
6397,"(12106, 39996)",1
6398,"(12112, 39996)",1
6399,"(12207, 39996)",1
6400,"(12209, 39996)",1
6401,"(4374, 65292)",1
6402,"(2668, 56851)",1
6403,"(9766, 63876)",1
6404,"(12318, 56851)",1
6405,"(211, 34503)",1
6406,"(2021, 52414)",1
6407,"(10017, 34507)",1
6408,"(12319, 56851)",1
6409,"(3680, 62742)",2
6410,"(399, 65286)",1
6411,"(3474, 34529)",1
6412,"(6004, 64677)",1
6413,"(211, 39996)",2
6414,"(12124, 34494)",1
6415,"(12315, 63113)",1
6416,"(13001, 40002)",1
6417,"(6170, 34492)",1
6418,"(8081, 65473)",1
6419,"(12156, 56379)",1
6420,"(77, 34515)",1
6421,"(4707, 44282)",1
6422,"(12212, 40003)",1
6423,"(13001, 65141)",1
6424,"(12366, 64524)",1
6425,"(2681, 44008)",2
6426,"(5941, 66727)",1
6427,"(43, 34578)",1
6428,"(1939, 34578)",1
6429,"(1941, 34578)",1
6430,"(1944, 34578)",1
6431,"(4956, 34578)",1
6432,"(6252, 34578)",1
6433,"(8943, 34578)",1
6434,"(12173, 34578)",1
6435,"(12174, 34578)",1
6436,"(12175, 34578)",1
6437,"(12176, 34578)",1
6438,"(12177, 34578)",1
6439,"(12264, 34578)",1
6440,"(12265, 34578)",1
6441,"(14990, 34578)",1
6442,"(8050, 66728)",2
6443,"(12314, 66750)",1
6444,"(11890, 66697)",1
6445,"(14504, 66697)",1
6446,"(6752, 64016)",1
6447,"(3000, 64434)",1
6448,"(2018, 34542)",1
6449,"(2689, 34542)",1
6450,"(5648, 63123)",1
6451,"(1590, 44029)",1
6452,"(11590, 64018)",2
6453,"(399, 34606)",1
6454,"(1100, 34606)",1
6455,"(2684, 34606)",1
6456,"(5757, 34606)",1
6457,"(6917, 34606)",1
6458,"(2435, 40003)",1
6459,"(9175, 39997)",1
6460,"(3474, 65251)",1
6461,"(4460, 34633)",2
6462,"(2773, 40003)",1
6463,"(3352, 52414)",2
6464,"(399, 66684)",1
6465,"(2305, 34503)",1
6466,"(1907, 63430)",1
6467,"(1735, 39991)",1
6468,"(6917, 34594)",1
6469,"(12217, 34494)",1
6470,"(4559, 34490)",1
6471,"(10092, 52414)",1
6472,"(2681, 66706)",1
6473,"(2320, 40003)",1
6474,"(2322, 40003)",1
6475,"(5934, 44101)",1
6476,"(10281, 44101)",1
6477,"(10558, 44101)",1
6478,"(11039, 44101)",1
6479,"(12286, 44101)",1
6480,"(12360, 44101)",1
6481,"(12361, 44101)",1
6482,"(12362, 44101)",1
6483,"(984, 34542)",1
6484,"(5940, 34542)",1
6485,"(8253, 34542)",1
6486,"(12238, 34542)",1
6487,"(77, 64524)",1
6488,"(1749, 34542)",1
6489,"(4268, 64298)",1
6490,"(5648, 64298)",1
6491,"(89, 66728)",1
6492,"(5586, 66728)",1
6493,"(8495, 66728)",1
6494,"(10969, 66728)",1
6495,"(12183, 66728)",2
6496,"(14995, 66728)",1
6497,"(12161, 44057)",1
6498,"(1045, 34501)",1
6499,"(2681, 34501)",1
6500,"(2681, 63123)",1
6501,"(2561, 34404)",1
6502,"(2921, 34533)",1
6503,"(2814, 62742)",1
6504,"(211, 66696)",1
6505,"(4460, 44282)",1
6506,"(2305, 66711)",1
6507,"(6298, 66711)",1
6508,"(11926, 34494)",1
6509,"(2681, 34507)",6
6510,"(7951, 30454)",1
6511,"(14925, 40003)",2
6512,"(77, 34487)",2
6513,"(12165, 40034)",1
6514,"(1854, 64524)",1
6515,"(11062, 34507)",1
6516,"(12145, 34507)",1
6517,"(12146, 34507)",1
6518,"(12147, 34507)",1
6519,"(1994, 63135)",1
6520,"(10424, 40065)",1
6521,"(518, 34461)",2
6522,"(4306, 56850)",1
6523,"(4268, 63117)",1
6524,"(2681, 66688)",2
6525,"(1528, 34510)",1
6526,"(1528, 65460)",1
6527,"(12241, 44063)",1
6528,"(12241, 66795)",2
6529,"(6331, 65460)",1
6530,"(10953, 64304)",2
6531,"(2026, 34490)",1
6532,"(1994, 66690)",1
6533,"(3515, 34483)",1
6534,"(4325, 63000)",1
6535,"(12122, 63000)",1
6536,"(7967, 34578)",1
6537,"(2681, 65295)",1
6538,"(211, 44148)",3
6539,"(399, 34510)",1
6540,"(77, 44013)",1
6541,"(9990, 44096)",1
6542,"(12248, 34559)",1
6543,"(4073, 52280)",1
6544,"(4076, 52280)",1
6545,"(8648, 52280)",1
6546,"(12457, 52280)",1
6547,"(12458, 52280)",1
6548,"(12459, 52280)",1
6549,"(12460, 52280)",1
6550,"(12461, 52280)",1
6551,"(12462, 52280)",1
6552,"(12569, 52280)",1
6553,"(12570, 52280)",1
6554,"(12571, 52280)",1
6555,"(12572, 52280)",1
6556,"(12573, 52280)",1
6557,"(12574, 52280)",1
6558,"(12575, 52280)",1
6559,"(12576, 52280)",1
6560,"(12577, 52280)",1
6561,"(12578, 52280)",1
6562,"(15171, 52280)",1
6563,"(5243, 66832)",1
6564,"(700, 52296)",1
6565,"(6211, 38403)",1
6566,"(984, 65464)",1
6567,"(12081, 64657)",2
6568,"(3474, 44338)",1
6569,"(908, 44456)",5
6570,"(15191, 34594)",1
6571,"(15192, 34594)",1
6572,"(2681, 44248)",4
6573,"(1045, 64023)",1
6574,"(5301, 64023)",2
6575,"(12589, 65462)",1
6576,"(9562, 65815)",1
6577,"(12615, 44183)",1
6578,"(12440, 64679)",1
6579,"(2681, 44233)",1
6580,"(3474, 44233)",1
6581,"(482, 52257)",1
6582,"(12749, 52257)",1
6583,"(3101, 64833)",1
6584,"(5755, 64833)",1
6585,"(1384, 64833)",1
6586,"(2910, 64833)",1
6587,"(2937, 64244)",2
6588,"(15377, 52257)",1
6589,"(841, 64268)",1
6590,"(5301, 44059)",1
6591,"(12355, 66854)",1
6592,"(12355, 66860)",1
6593,"(2681, 44247)",2
6594,"(414, 64896)",1
6595,"(12259, 64679)",2
6596,"(2681, 56391)",1
6597,"(6170, 56391)",1
6598,"(12626, 44213)",1
6599,"(3341, 44531)",1
6600,"(9472, 34337)",1
6601,"(12443, 64833)",1
6602,"(2084, 64895)",2
6603,"(5749, 64892)",2
6604,"(211, 66898)",1
6605,"(2681, 44456)",1
6606,"(3474, 44456)",1
6607,"(3101, 52324)",1
6608,"(12658, 64022)",1
6609,"(5980, 26583)",1
6610,"(191, 44192)",1
6611,"(198, 44192)",1
6612,"(910, 44192)",2
6613,"(911, 44192)",1
6614,"(912, 44192)",1
6615,"(1026, 44192)",1
6616,"(2842, 44192)",1
6617,"(3560, 44192)",1
6618,"(4419, 44192)",2
6619,"(5485, 44192)",1
6620,"(6665, 44192)",1
6621,"(6825, 44192)",1
6622,"(8187, 44192)",1
6623,"(8188, 44192)",1
6624,"(8193, 44192)",1
6625,"(8594, 44192)",1
6626,"(9397, 44192)",1
6627,"(10579, 44192)",1
6628,"(10585, 44192)",1
6629,"(12690, 44192)",1
6630,"(15250, 44192)",1
6631,"(15121, 52320)",1
6632,"(4460, 44458)",1
6633,"(4460, 64548)",1
6634,"(8948, 64548)",1
6635,"(12478, 44037)",1
6636,"(15122, 52320)",1
6637,"(12783, 19164)",1
6638,"(5301, 52327)",2
6639,"(91, 64088)",1
6640,"(9795, 67035)",2
6641,"(10044, 44219)",1
6642,"(1045, 19062)",1
6643,"(4952, 44291)",1
6644,"(5301, 56845)",1
6645,"(12629, 65678)",1
6646,"(6294, 44272)",1
6647,"(12475, 64789)",1
6648,"(11080, 52323)",1
6649,"(12196, 66842)",1
6650,"(8606, 64789)",1
6651,"(5636, 64993)",1
6652,"(9857, 64993)",1
6653,"(12680, 64993)",2
6654,"(12738, 64994)",1
6655,"(14461, 64993)",1
6656,"(15369, 40043)",1
6657,"(15369, 44454)",1
6658,"(4912, 44057)",1
6659,"(4912, 66159)",1
6660,"(12482, 66159)",1
6661,"(77, 64994)",1
6662,"(518, 34713)",1
6663,"(673, 19139)",1
6664,"(5611, 63591)",2
6665,"(12215, 65678)",3
6666,"(12591, 64789)",1
6667,"(12609, 63933)",1
6668,"(12484, 44058)",1
6669,"(12777, 44272)",1
6670,"(5194, 64994)",1
6671,"(9857, 64994)",1
6672,"(15140, 52307)",1
6673,"(12676, 66948)",2
6674,"(399, 66914)",1
6675,"(12480, 34567)",1
6676,"(387, 44248)",1
6677,"(399, 44248)",1
6678,"(928, 44248)",1
6679,"(931, 44248)",1
6680,"(1306, 44248)",1
6681,"(1994, 44248)",1
6682,"(3474, 44248)",2
6683,"(6519, 44248)",1
6684,"(7767, 44248)",1
6685,"(8483, 44248)",1
6686,"(9844, 44248)",1
6687,"(10611, 44248)",1
6688,"(12656, 44248)",1
6689,"(13579, 44248)",1
6690,"(13642, 44248)",1
6691,"(13847, 44248)",1
6692,"(149, 62755)",1
6693,"(12453, 64045)",1
6694,"(5347, 44377)",1
6695,"(10183, 44337)",1
6696,"(12601, 34567)",1
6697,"(2814, 44305)",1
6698,"(5768, 52258)",2
6699,"(11433, 34620)",1
6700,"(2681, 66555)",2
6701,"(12636, 44237)",1
6702,"(2773, 44292)",1
6703,"(12773, 19135)",1
6704,"(12774, 19135)",1
6705,"(12766, 22827)",1
6706,"(12766, 38403)",1
6707,"(12766, 44272)",1
6708,"(12778, 22827)",1
6709,"(12778, 44272)",1
6710,"(518, 19139)",1
6711,"(15395, 22831)",1
6712,"(900, 34567)",1
6713,"(3474, 62981)",3
6714,"(1031, 64833)",1
6715,"(5974, 44484)",1
6716,"(652, 44299)",1
6717,"(5301, 52310)",1
6718,"(77, 52314)",1
6719,"(4531, 44316)",1
6720,"(5158, 44316)",1
6721,"(12445, 64680)",1
6722,"(15264, 65889)",1
6723,"(2681, 44227)",3
6724,"(12638, 64821)",1
6725,"(2681, 40053)",3
6726,"(3474, 40053)",1
6727,"(10567, 817)",1
6728,"(6192, 52317)",2
6729,"(2399, 44479)",1
6730,"(3474, 44186)",2
6731,"(12629, 852)",1
6732,"(77, 44365)",1
6733,"(12664, 65070)",1
6734,"(2681, 44229)",2
6735,"(103, 52257)",2
6736,"(15251, 44192)",1
6737,"(15251, 52347)",2
6738,"(611, 3275)",1
6739,"(611, 44201)",1
6740,"(861, 44210)",1
6741,"(2434, 44201)",1
6742,"(399, 64831)",3
6743,"(2681, 44194)",4
6744,"(9863, 52317)",1
6745,"(414, 66296)",1
6746,"(12728, 66296)",1
6747,"(8113, 44341)",1
6748,"(9628, 64045)",1
6749,"(7932, 65381)",1
6750,"(15285, 34658)",2
6751,"(8713, 52255)",1
6752,"(1749, 62755)",1
6753,"(399, 44341)",7
6754,"(399, 64365)",1
6755,"(2320, 34607)",1
6756,"(399, 44456)",1
6757,"(3645, 40003)",1
6758,"(4700, 40003)",1
6759,"(4700, 63928)",1
6760,"(5068, 63928)",1
6761,"(15177, 40003)",1
6762,"(15177, 63928)",1
6763,"(12447, 52307)",1
6764,"(399, 66890)",1
6765,"(399, 40053)",1
6766,"(399, 66883)",1
6767,"(6863, 64829)",1
6768,"(5768, 67358)",2
6769,"(12463, 52258)",1
6770,"(12463, 67358)",1
6771,"(12678, 67358)",1
6772,"(399, 66921)",1
6773,"(399, 66922)",1
6774,"(5472, 34341)",1
6775,"(399, 64368)",1
6776,"(399, 64369)",1
6777,"(7871, 64368)",1
6778,"(4872, 63886)",1
6779,"(399, 52326)",1
6780,"(2483, 52326)",1
6781,"(4460, 52326)",1
6782,"(5768, 52326)",1
6783,"(6752, 52326)",1
6784,"(12631, 44301)",1
6785,"(399, 67053)",1
6786,"(928, 67053)",2
6787,"(984, 67053)",1
6788,"(1994, 67053)",1
6789,"(3474, 67053)",7
6790,"(77, 65864)",6
6791,"(91, 65864)",1
6792,"(5384, 65864)",1
6793,"(5418, 65864)",1
6794,"(10042, 65864)",1
6795,"(12429, 65864)",1
6796,"(15086, 65864)",1
6797,"(15087, 65864)",1
6798,"(3164, 44458)",1
6799,"(3164, 64548)",1
6800,"(3164, 64549)",1
6801,"(3045, 64832)",1
6802,"(3045, 64830)",1
6803,"(8258, 63933)",1
6804,"(211, 44084)",1
6805,"(211, 40124)",2
6806,"(8948, 52258)",1
6807,"(1084, 52258)",1
6808,"(2499, 52326)",2
6809,"(12616, 40128)",1
6810,"(4556, 66884)",1
6811,"(5486, 52271)",1
6812,"(49, 34660)",1
6813,"(49, 52339)",9
6814,"(77, 64791)",2
6815,"(77, 64435)",1
6816,"(463, 44236)",1
6817,"(8121, 44236)",1
6818,"(10971, 44236)",1
6819,"(10092, 66876)",1
6820,"(8910, 26538)",1
6821,"(2681, 66876)",1
6822,"(5998, 66876)",1
6823,"(12550, 52319)",1
6824,"(2681, 65890)",6
6825,"(2681, 64692)",5
6826,"(2949, 44336)",2
6827,"(399, 66885)",2
6828,"(399, 66886)",2
6829,"(15338, 64976)",1
6830,"(15338, 65234)",1
6831,"(15338, 65274)",1
6832,"(15338, 65275)",1
6833,"(15338, 66928)",1
6834,"(4872, 44237)",1
6835,"(15072, 66917)",1
6836,"(12220, 30456)",1
6837,"(5835, 34657)",1
6838,"(15227, 65295)",1
6839,"(12558, 44481)",1
6840,"(658, 65469)",1
6841,"(2137, 64842)",2
6842,"(7813, 65469)",1
6843,"(8113, 65469)",1
6844,"(15355, 65469)",1
6845,"(15355, 67243)",1
6846,"(15357, 65469)",2
6847,"(15357, 67243)",2
6848,"(15358, 65469)",1
6849,"(15358, 67243)",2
6850,"(15774, 67243)",2
6851,"(9512, 44158)",2
6852,"(5555, 65864)",1
6853,"(9852, 44456)",1
6854,"(12668, 66908)",1
6855,"(7224, 63011)",1
6856,"(7224, 66960)",1
6857,"(7224, 66961)",2
6858,"(13876, 65822)",1
6859,"(861, 52272)",1
6860,"(5941, 44181)",2
6861,"(5941, 44183)",2
6862,"(8103, 34607)",1
6863,"(399, 34657)",1
6864,"(834, 52357)",1
6865,"(4515, 44283)",1
6866,"(9013, 974)",1
6867,"(9013, 44261)",1
6868,"(6192, 64994)",1
6869,"(12508, 44166)",1
6870,"(7915, 44322)",1
6871,"(13746, 44158)",1
6872,"(6897, 44183)",1
6873,"(12614, 44183)",1
6874,"(744, 66544)",1
6875,"(2825, 44183)",1
6876,"(12452, 64045)",1
6877,"(6519, 44236)",1
6878,"(12743, 44457)",1
6879,"(77, 65811)",2
6880,"(77, 65812)",2
6881,"(861, 65811)",1
6882,"(5935, 34591)",1
6883,"(4889, 66831)",1
6884,"(14594, 34337)",2
6885,"(6170, 44389)",1
6886,"(15368, 40043)",1
6887,"(6395, 16691)",2
6888,"(11504, 16691)",1
6889,"(16418, 16691)",1
6890,"(2428, 44058)",1
6891,"(5184, 44090)",1
6892,"(4342, 66895)",1
6893,"(915, 67368)",1
6894,"(15470, 65414)",1
6895,"(7622, 64829)",1
6896,"(2681, 40054)",8
6897,"(5121, 40054)",2
6898,"(15185, 66892)",1
6899,"(77, 67033)",1
6900,"(12735, 66829)",1
6901,"(1994, 44301)",1
6902,"(4567, 56444)",1
6903,"(2681, 67053)",8
6904,"(5301, 44091)",1
6905,"(2681, 52279)",11
6906,"(6609, 44456)",1
6907,"(2681, 52327)",2
6908,"(80, 52311)",1
6909,"(99, 52311)",1
6910,"(648, 52311)",1
6911,"(5087, 52311)",1
6912,"(10725, 66332)",2
6913,"(10810, 66947)",1
6914,"(11074, 66947)",1
6915,"(11668, 38403)",1
6916,"(11696, 64690)",1
6917,"(7983, 34589)",1
6918,"(8568, 804)",1
6919,"(8568, 810)",1
6920,"(8568, 816)",1
6921,"(5768, 34607)",1
6922,"(15084, 3100)",1
6923,"(15084, 64831)",1
6924,"(3101, 44247)",1
6925,"(15332, 56698)",1
6926,"(12604, 34589)",1
6927,"(2681, 44304)",2
6928,"(12642, 44304)",1
6929,"(6991, 44213)",1
6930,"(6991, 56438)",1
6931,"(7005, 4286)",1
6932,"(6520, 44336)",1
6933,"(1045, 62755)",1
6934,"(4515, 44284)",1
6935,"(4515, 64442)",1
6936,"(12037, 44217)",1
6937,"(12037, 44529)",1
6938,"(2681, 34610)",3
6939,"(5301, 34610)",1
6940,"(15093, 44479)",1
6941,"(5146, 63437)",1
6942,"(12657, 64023)",1
6943,"(11590, 64889)",2
6944,"(3474, 64439)",3
6945,"(7029, 34657)",1
6946,"(5940, 44194)",1
6947,"(15210, 34567)",1
6948,"(12567, 65053)",1
6949,"(200, 804)",1
6950,"(621, 44207)",1
6951,"(5261, 66953)",1
6952,"(12094, 66953)",1
6953,"(3474, 34657)",1
6954,"(8170, 44301)",1
6955,"(4910, 64041)",1
6956,"(4993, 44177)",1
6957,"(14164, 34341)",1
6958,"(4991, 64830)",1
6959,"(12479, 44056)",1
6960,"(399, 44292)",2
6961,"(4815, 44292)",1
6962,"(4861, 44292)",1
6963,"(4982, 44292)",1
6964,"(6752, 44292)",1
6965,"(9844, 44292)",1
6966,"(12872, 44292)",1
6967,"(4329, 44181)",1
6968,"(15208, 34566)",1
6969,"(15136, 44458)",1
6970,"(14342, 52324)",1
6971,"(13249, 34657)",1
6972,"(4460, 44237)",1
6973,"(1733, 52326)",1
6974,"(15196, 65287)",1
6975,"(2681, 44228)",1
6976,"(5917, 34589)",1
6977,"(2044, 66655)",1
6978,"(5070, 52313)",1
6979,"(12523, 44479)",1
6980,"(15342, 65337)",1
6981,"(15342, 66934)",1
6982,"(12681, 65584)",1
6983,"(994, 66897)",1
6984,"(2950, 64023)",1
6985,"(8948, 52324)",2
6986,"(12467, 66892)",1
6987,"(1045, 44335)",1
6988,"(1590, 65636)",1
6989,"(77, 64022)",1
6990,"(5301, 44456)",2
6991,"(7005, 44233)",1
6992,"(5812, 34589)",1
6993,"(3445, 34567)",1
6994,"(2687, 34656)",2
6995,"(648, 52359)",1
6996,"(12483, 44058)",1
6997,"(518, 44183)",1
6998,"(518, 44056)",3
6999,"(3474, 44301)",1
7000,"(13746, 44337)",1
7001,"(12439, 64679)",1
7002,"(12433, 44479)",1
7003,"(5812, 64829)",1
7004,"(9592, 44303)",1
7005,"(9592, 44305)",1
7006,"(5238, 44341)",1
7007,"(11692, 44290)",1
7008,"(6752, 34656)",1
7009,"(13345, 44479)",1
7010,"(4735, 872)",1
7011,"(12490, 44091)",1
7012,"(12524, 44479)",1
7013,"(6187, 66331)",1
7014,"(6187, 66947)",1
7015,"(621, 64836)",1
7016,"(1728, 64836)",1
7017,"(9157, 64836)",1
7018,"(9231, 64836)",1
7019,"(12679, 64836)",1
7020,"(12737, 64836)",1
7021,"(1211, 66867)",1
7022,"(1211, 66887)",1
7023,"(12485, 44058)",1
7024,"(2681, 44291)",3
7025,"(15120, 52320)",1
7026,"(3238, 62755)",1
7027,"(4273, 34589)",1
7028,"(77, 66909)",1
7029,"(11523, 65350)",1
7030,"(4341, 64830)",1
7031,"(4341, 65864)",1
7032,"(5301, 44236)",1
7033,"(15372, 44070)",1
7034,"(3512, 66947)",1
7035,"(14925, 63928)",1
7036,"(15156, 44069)",1
7037,"(15277, 34657)",1
7038,"(744, 52311)",1
7039,"(8206, 34657)",1
7040,"(2489, 26583)",1
7041,"(12543, 64679)",1
7042,"(8948, 44292)",1
7043,"(399, 63933)",2
7044,"(12451, 44227)",1
7045,"(972, 44453)",1
7046,"(4460, 44199)",1
7047,"(1211, 3097)",1
7048,"(1211, 52319)",1
7049,"(1211, 52341)",1
7050,"(1211, 56472)",1
7051,"(1211, 56510)",1
7052,"(1211, 64874)",4
7053,"(1211, 65922)",1
7054,"(960, 34661)",2
7055,"(4273, 62981)",1
7056,"(8234, 34510)",1
7057,"(5092, 52303)",1
7058,"(8948, 44237)",1
7059,"(399, 34593)",1
7060,"(2681, 44392)",3
7061,"(12520, 65864)",1
7062,"(12730, 66113)",1
7063,"(15155, 34334)",1
7064,"(15155, 65053)",1
7065,"(6170, 44193)",3
7066,"(3078, 44388)",1
7067,"(6170, 44301)",1
7068,"(15222, 34624)",1
7069,"(6903, 44233)",1
7070,"(15224, 26583)",1
7071,"(2681, 44186)",1
7072,"(15142, 52311)",1
7073,"(5639, 63928)",1
7074,"(1128, 34594)",1
7075,"(12477, 40013)",1
7076,"(7048, 34607)",1
7077,"(12691, 44192)",1
7078,"(6294, 44265)",1
7079,"(15388, 44269)",1
7080,"(11079, 66389)",1
7081,"(2681, 67057)",2
7082,"(2681, 67498)",8
7083,"(465, 66167)",1
7084,"(10179, 66167)",1
7085,"(12981, 66167)",1
7086,"(9803, 67050)",1
7087,"(4952, 3500)",2
7088,"(2947, 3495)",1
7089,"(2681, 64886)",2
7090,"(5092, 67237)",1
7091,"(5349, 67237)",3
7092,"(3164, 62746)",1
7093,"(14452, 62991)",1
7094,"(7838, 34355)",1
7095,"(5766, 65057)",1
7096,"(5600, 19139)",1
7097,"(399, 3528)",1
7098,"(12823, 62986)",1
7099,"(623, 22818)",1
7100,"(5690, 66522)",2
7101,"(6732, 65568)",3
7102,"(9517, 19139)",1
7103,"(2681, 3560)",1
7104,"(908, 52231)",2
7105,"(2681, 52231)",7
7106,"(518, 44272)",1
7107,"(630, 44272)",1
7108,"(6448, 44272)",1
7109,"(9277, 62746)",3
7110,"(3222, 64246)",1
7111,"(5309, 52344)",1
7112,"(6481, 65012)",1
7113,"(211, 65149)",1
7114,"(5787, 65149)",1
7115,"(8713, 65149)",1
7116,"(8714, 65149)",1
7117,"(12942, 65149)",1
7118,"(12023, 38403)",1
7119,"(5577, 34585)",3
7120,"(1381, 66521)",1
7121,"(11305, 64424)",1
7122,"(2681, 67496)",18
7123,"(2821, 66955)",1
7124,"(3551, 44153)",1
7125,"(5749, 63007)",1
7126,"(6192, 66540)",1
7127,"(3474, 3543)",1
7128,"(3474, 3544)",2
7129,"(2351, 38403)",1
7130,"(5301, 52226)",2
7131,"(6880, 65256)",1
7132,"(2681, 66301)",2
7133,"(77, 3511)",3
7134,"(4142, 64843)",6
7135,"(1370, 52232)",1
7136,"(13117, 3608)",1
7137,"(5087, 52205)",1
7138,"(2681, 44081)",3
7139,"(5301, 52232)",2
7140,"(1502, 52339)",2
7141,"(2814, 52339)",1
7142,"(9512, 65148)",1
7143,"(5933, 65875)",1
7144,"(13173, 3543)",1
7145,"(77, 34367)",1
7146,"(2681, 67038)",2
7147,"(1159, 65388)",4
7148,"(5812, 34341)",1
7149,"(13640, 52333)",1
7150,"(908, 52168)",1
7151,"(9298, 34367)",1
7152,"(15633, 40129)",1
7153,"(12972, 52199)",1
7154,"(2681, 34650)",4
7155,"(77, 3502)",2
7156,"(11372, 3599)",1
7157,"(178, 44321)",1
7158,"(1380, 44321)",4
7159,"(13128, 38403)",1
7160,"(6451, 66521)",2
7161,"(3627, 66521)",7
7162,"(3627, 66525)",4
7163,"(830, 3566)",1
7164,"(12928, 65375)",1
7165,"(77, 67027)",2
7166,"(13037, 38403)",1
7167,"(5941, 64093)",1
7168,"(5941, 64148)",1
7169,"(5941, 67498)",1
7170,"(14052, 67057)",1
7171,"(4872, 52206)",1
7172,"(12852, 66417)",1
7173,"(465, 3239)",1
7174,"(4979, 3239)",1
7175,"(13057, 3239)",1
7176,"(16026, 3239)",1
7177,"(2681, 3509)",2
7178,"(3474, 3495)",1
7179,"(2483, 65012)",2
7180,"(15494, 52227)",1
7181,"(1211, 52186)",1
7182,"(1677, 52206)",1
7183,"(6277, 34341)",1
7184,"(7275, 65372)",1
7185,"(7275, 65374)",1
7186,"(1196, 52273)",1
7187,"(399, 52224)",1
7188,"(6752, 52224)",1
7189,"(1428, 64847)",1
7190,"(13073, 66242)",2
7191,"(2711, 19139)",1
7192,"(2681, 3516)",3
7193,"(2681, 435)",1
7194,"(414, 44082)",1
7195,"(1914, 44082)",1
7196,"(7765, 44082)",1
7197,"(8649, 44082)",1
7198,"(9661, 44082)",1
7199,"(9690, 44082)",1
7200,"(11264, 44082)",1
7201,"(11266, 44082)",1
7202,"(12871, 44082)",1
7203,"(12872, 44082)",1
7204,"(12873, 44082)",1
7205,"(12874, 44082)",1
7206,"(603, 64443)",1
7207,"(5096, 52243)",1
7208,"(12882, 66080)",1
7209,"(12882, 66081)",1
7210,"(12798, 52285)",1
7211,"(10090, 52354)",2
7212,"(3445, 65591)",1
7213,"(13073, 3558)",2
7214,"(2681, 872)",5
7215,"(12800, 52278)",1
7216,"(77, 52196)",2
7217,"(2681, 66972)",13
7218,"(2681, 3511)",1
7219,"(5619, 22814)",1
7220,"(2681, 62746)",3
7221,"(2681, 4286)",2
7222,"(5301, 52231)",2
7223,"(2681, 3569)",2
7224,"(6732, 62888)",1
7225,"(648, 67064)",1
7226,"(7930, 67064)",1
7227,"(399, 3509)",1
7228,"(2681, 62863)",2
7229,"(2681, 3512)",6
7230,"(14647, 67095)",1
7231,"(4161, 52254)",2
7232,"(984, 65296)",1
7233,"(12875, 52205)",1
7234,"(1452, 16695)",1
7235,"(2681, 3513)",4
7236,"(6753, 64020)",1
7237,"(15399, 64020)",1
7238,"(13376, 66960)",1
7239,"(841, 64784)",2
7240,"(12910, 65678)",1
7241,"(9766, 3607)",1
7242,"(12993, 3581)",1
7243,"(12993, 34427)",1
7244,"(8113, 3515)",1
7245,"(851, 52195)",1
7246,"(12978, 52196)",1
7247,"(861, 63495)",1
7248,"(5087, 3528)",1
7249,"(6632, 3528)",1
7250,"(6271, 3533)",1
7251,"(15634, 40129)",1
7252,"(13034, 26669)",1
7253,"(7504, 65663)",1
7254,"(928, 67038)",1
7255,"(984, 3608)",1
7256,"(15446, 66258)",1
7257,"(376, 62746)",1
7258,"(376, 63431)",2
7259,"(836, 62746)",1
7260,"(3627, 63431)",1
7261,"(8039, 62746)",1
7262,"(8039, 65387)",1
7263,"(15496, 62746)",1
7264,"(399, 52211)",1
7265,"(830, 64148)",1
7266,"(2483, 44140)",1
7267,"(6277, 52224)",1
7268,"(3164, 62747)",1
7269,"(3164, 63934)",1
7270,"(12973, 62747)",1
7271,"(12973, 63934)",1
7272,"(14899, 62747)",1
7273,"(14899, 63934)",1
7274,"(15163, 62747)",1
7275,"(15163, 63934)",1
7276,"(15403, 64844)",1
7277,"(15713, 19141)",1
7278,"(3037, 65476)",1
7279,"(3037, 65477)",1
7280,"(944, 66412)",1
7281,"(6192, 62745)",1
7282,"(14452, 52350)",1
7283,"(399, 67030)",1
7284,"(4398, 66794)",2
7285,"(3101, 66257)",1
7286,"(3101, 67006)",1
7287,"(6500, 3606)",2
7288,"(15750, 3519)",1
7289,"(3101, 62988)",3
7290,"(12951, 66411)",1
7291,"(3600, 34353)",1
7292,"(4460, 416)",1
7293,"(7150, 62991)",1
7294,"(1045, 3515)",1
7295,"(15448, 52254)",1
7296,"(2681, 52196)",4
7297,"(2681, 52226)",2
7298,"(3474, 67496)",7
7299,"(4268, 64147)",1
7300,"(908, 3510)",1
7301,"(994, 3509)",1
7302,"(3474, 52168)",4
7303,"(15485, 34355)",1
7304,"(7579, 52206)",1
7305,"(11936, 34352)",1
7306,"(2811, 52339)",1
7307,"(15623, 52339)",1
7308,"(15624, 52339)",1
7309,"(15625, 52339)",1
7310,"(12817, 52254)",3
7311,"(13065, 3572)",2
7312,"(77, 953)",3
7313,"(11988, 65376)",1
7314,"(77, 3513)",3
7315,"(5998, 3610)",1
7316,"(12901, 63007)",1
7317,"(12901, 66540)",1
7318,"(5301, 52340)",1
7319,"(399, 44283)",2
7320,"(1994, 52226)",1
7321,"(3474, 52226)",1
7322,"(5956, 66167)",2
7323,"(396, 3499)",1
7324,"(6035, 3511)",1
7325,"(13065, 3511)",1
7326,"(15004, 66521)",2
7327,"(15004, 66525)",3
7328,"(2681, 3496)",4
7329,"(77, 3495)",1
7330,"(2681, 3593)",1
7331,"(15521, 66322)",1
7332,"(15522, 66322)",1
7333,"(399, 4286)",1
7334,"(8948, 64046)",1
7335,"(8948, 52363)",1
7336,"(399, 65372)",1
7337,"(6020, 64580)",1
7338,"(15673, 64580)",1
7339,"(7005, 34352)",2
7340,"(6170, 62989)",2
7341,"(12851, 66413)",1
7342,"(11299, 64842)",1
7343,"(7037, 4287)",1
7344,"(15685, 19124)",1
7345,"(3445, 3553)",1
7346,"(3512, 3553)",1
7347,"(13074, 3511)",1
7348,"(11621, 3592)",1
7349,"(3352, 67026)",1
7350,"(3512, 66228)",1
7351,"(411, 64388)",1
7352,"(414, 64187)",1
7353,"(713, 64388)",1
7354,"(3262, 64187)",1
7355,"(15740, 64187)",1
7356,"(15741, 64187)",1
7357,"(15742, 64187)",1
7358,"(2105, 3495)",1
7359,"(10438, 34368)",1
7360,"(2623, 64782)",1
7361,"(7897, 65149)",1
7362,"(656, 64446)",2
7363,"(12790, 64510)",1
7364,"(1530, 38403)",1
7365,"(8519, 52223)",1
7366,"(12849, 52223)",1
7367,"(5092, 52347)",2
7368,"(5337, 22851)",2
7369,"(5337, 52347)",1
7370,"(683, 52339)",1
7371,"(6918, 67028)",1
7372,"(4741, 66995)",1
7373,"(13023, 63439)",1
7374,"(4142, 52254)",1
7375,"(12817, 64843)",1
7376,"(9118, 63786)",1
7377,"(3474, 62836)",1
7378,"(3474, 62862)",1
7379,"(2681, 52206)",3
7380,"(2681, 3587)",1
7381,"(77, 67019)",1
7382,"(2734, 64147)",1
7383,"(2734, 67498)",1
7384,"(10090, 64147)",1
7385,"(10090, 67498)",1
7386,"(14407, 64147)",1
7387,"(14407, 67498)",1
7388,"(14408, 64147)",1
7389,"(14408, 67498)",1
7390,"(14409, 64147)",1
7391,"(14409, 67498)",1
7392,"(4268, 44044)",1
7393,"(13073, 4286)",1
7394,"(2026, 3591)",1
7395,"(2529, 3591)",1
7396,"(3352, 3591)",1
7397,"(13081, 66063)",1
7398,"(7150, 65258)",5
7399,"(8061, 64847)",1
7400,"(15443, 65872)",1
7401,"(1084, 62747)",2
7402,"(13073, 3577)",1
7403,"(14789, 34367)",1
7404,"(12815, 67091)",1
7405,"(399, 3497)",1
7406,"(12953, 67050)",1
7407,"(12953, 67052)",1
7408,"(15493, 52228)",1
7409,"(12859, 67060)",1
7410,"(12859, 67061)",1
7411,"(13061, 67062)",1
7412,"(15736, 67062)",1
7413,"(49, 67102)",3
7414,"(15616, 34569)",1
7415,"(3814, 66988)",1
7416,"(13223, 3356)",1
7417,"(928, 52231)",1
7418,"(1153, 52231)",1
7419,"(1225, 52231)",1
7420,"(1306, 52231)",1
7421,"(2235, 52231)",1
7422,"(2374, 52231)",1
7423,"(2496, 52231)",1
7424,"(3199, 52231)",1
7425,"(3210, 52231)",1
7426,"(3474, 52231)",2
7427,"(6209, 52231)",1
7428,"(8078, 52231)",1
7429,"(8483, 52231)",1
7430,"(9017, 52231)",1
7431,"(9613, 52231)",1
7432,"(10168, 52231)",1
7433,"(12163, 52231)",1
7434,"(15488, 52231)",1
7435,"(5121, 3612)",1
7436,"(11692, 3611)",1
7437,"(11692, 3612)",1
7438,"(5941, 4287)",2
7439,"(12921, 67025)",1
7440,"(399, 64189)",1
7441,"(5087, 3608)",1
7442,"(13118, 3608)",1
7443,"(9850, 66037)",1
7444,"(12982, 66037)",2
7445,"(12982, 67002)",1
7446,"(12982, 67003)",1
7447,"(13767, 66037)",2
7448,"(13767, 67002)",1
7449,"(13767, 67003)",1
7450,"(15442, 67003)",1
7451,"(1282, 66521)",1
7452,"(1282, 66525)",1
7453,"(1282, 66792)",1
7454,"(15004, 66792)",2
7455,"(77, 3501)",1
7456,"(2681, 3501)",1
7457,"(3474, 3501)",1
7458,"(3052, 64188)",1
7459,"(3260, 64187)",1
7460,"(77, 3577)",1
7461,"(2681, 66973)",6
7462,"(5941, 67067)",1
7463,"(4127, 34649)",1
7464,"(3474, 3516)",3
7465,"(5301, 34650)",1
7466,"(830, 416)",1
7467,"(5242, 67263)",2
7468,"(13065, 3509)",1
7469,"(77, 3509)",1
7470,"(3627, 52275)",1
7471,"(12870, 3507)",1
7472,"(2681, 3494)",2
7473,"(4541, 65408)",1
7474,"(6324, 65408)",1
7475,"(623, 67027)",1
7476,"(3474, 3593)",1
7477,"(13120, 26669)",1
7478,"(2681, 52340)",2
7479,"(3474, 52340)",1
7480,"(2681, 3579)",1
7481,"(2681, 66312)",4
7482,"(3474, 52222)",1
7483,"(4949, 64059)",1
7484,"(15510, 66259)",1
7485,"(7947, 44272)",1
7486,"(9565, 52192)",1
7487,"(5812, 64020)",3
7488,"(2242, 34367)",1
7489,"(399, 44153)",1
7490,"(6752, 3566)",1
7491,"(830, 44149)",1
7492,"(7275, 64844)",1
7493,"(399, 63004)",2
7494,"(2681, 63241)",1
7495,"(4541, 30526)",1
7496,"(3474, 52274)",2
7497,"(2681, 3508)",1
7498,"(12801, 52276)",1
7499,"(13116, 3606)",1
7500,"(6992, 3557)",1
7501,"(7005, 3557)",1
7502,"(13098, 3557)",1
7503,"(790, 3543)",1
7504,"(790, 3544)",1
7505,"(12331, 3495)",1
7506,"(1410, 65670)",1
7507,"(3645, 44283)",2
7508,"(3101, 66977)",1
7509,"(915, 52207)",1
7510,"(4163, 64324)",1
7511,"(12805, 64324)",1
7512,"(12806, 64324)",1
7513,"(15427, 64324)",1
7514,"(15428, 64324)",1
7515,"(15429, 64324)",1
7516,"(12164, 52229)",1
7517,"(6331, 52195)",1
7518,"(6752, 64847)",1
7519,"(13188, 64847)",1
7520,"(15416, 26862)",1
7521,"(15416, 40003)",1
7522,"(15416, 52258)",1
7523,"(15416, 67041)",1
7524,"(12796, 416)",1
7525,"(3537, 44154)",3
7526,"(997, 3508)",1
7527,"(77, 44119)",1
7528,"(3504, 3501)",1
7529,"(3512, 3501)",1
7530,"(13063, 3500)",1
7531,"(13063, 3501)",1
7532,"(13063, 3512)",1
7533,"(2681, 66322)",1
7534,"(3201, 3547)",1
7535,"(4402, 66322)",1
7536,"(13090, 66242)",1
7537,"(77, 3582)",1
7538,"(13141, 22824)",1
7539,"(13891, 22824)",1
7540,"(77, 3524)",1
7541,"(1352, 64414)",1
7542,"(13062, 3495)",1
7543,"(12846, 66320)",1
7544,"(4775, 56365)",5
7545,"(12821, 34352)",1
7546,"(8948, 62745)",1
7547,"(861, 34367)",1
7548,"(1577, 44151)",1
7549,"(4268, 66312)",1
7550,"(4460, 62745)",1
7551,"(908, 52340)",1
7552,"(12936, 52210)",1
7553,"(13111, 3579)",1
7554,"(14075, 66521)",1
7555,"(14075, 66525)",1
7556,"(6732, 34713)",1
7557,"(6651, 22827)",1
7558,"(5619, 52316)",1
7559,"(2681, 62836)",2
7560,"(358, 66983)",1
7561,"(1744, 66983)",1
7562,"(1994, 66983)",1
7563,"(8923, 66997)",2
7564,"(6357, 67026)",1
7565,"(830, 34650)",1
7566,"(861, 34427)",1
7567,"(8948, 64348)",2
7568,"(2483, 3538)",2
7569,"(399, 3566)",1
7570,"(744, 65254)",1
7571,"(8892, 65304)",1
7572,"(12943, 34355)",1
7573,"(4782, 40056)",4
7574,"(12811, 65871)",2
7575,"(12812, 65871)",1
7576,"(1876, 52334)",1
7577,"(211, 3497)",2
7578,"(3512, 3497)",1
7579,"(5919, 52291)",1
7580,"(2931, 66417)",1
7581,"(13152, 3501)",1
7582,"(2271, 63007)",1
7583,"(12902, 63007)",1
7584,"(15528, 66417)",1
7585,"(7150, 65248)",2
7586,"(15224, 64835)",1
7587,"(1133, 66415)",1
7588,"(12840, 66308)",1
7589,"(12840, 66415)",1
7590,"(399, 3499)",1
7591,"(984, 3499)",1
7592,"(2305, 3499)",1
7593,"(8948, 64148)",1
7594,"(404, 63966)",1
7595,"(13096, 3557)",1
7596,"(13097, 3557)",1
7597,"(15407, 64695)",1
7598,"(2169, 3516)",1
7599,"(6052, 3516)",1
7600,"(12794, 52291)",1
7601,"(9647, 67054)",1
7602,"(49, 52338)",2
7603,"(1169, 44149)",1
7604,"(2849, 66988)",1
7605,"(2849, 67118)",1
7606,"(3474, 3598)",1
7607,"(12793, 52347)",1
7608,"(12841, 66314)",1
7609,"(5835, 52231)",1
7610,"(7224, 3516)",1
7611,"(7224, 3520)",1
7612,"(8948, 64878)",1
7613,"(5383, 63007)",1
7614,"(4528, 66332)",1
7615,"(6140, 66332)",1
7616,"(2173, 44403)",1
7617,"(2173, 44404)",1
7618,"(9850, 52350)",1
7619,"(9850, 56885)",1
7620,"(2024, 3516)",1
7621,"(2428, 52211)",1
7622,"(399, 3505)",1
7623,"(908, 3505)",1
7624,"(928, 3505)",1
7625,"(6684, 52288)",1
7626,"(12822, 34352)",1
7627,"(161, 270)",1
7628,"(15491, 52231)",1
7629,"(211, 3656)",1
7630,"(211, 44119)",1
7631,"(12793, 22851)",1
7632,"(322, 3656)",1
7633,"(7770, 44119)",1
7634,"(984, 64148)",1
7635,"(3101, 63988)",1
7636,"(13039, 19139)",1
7637,"(13078, 3528)",1
7638,"(13078, 56592)",1
7639,"(13258, 3135)",1
7640,"(6170, 52207)",1
7641,"(5121, 64166)",3
7642,"(15447, 66258)",1
7643,"(890, 3494)",1
7644,"(890, 3496)",1
7645,"(13155, 3511)",1
7646,"(6467, 953)",1
7647,"(6467, 56595)",1
7648,"(3474, 52276)",1
7649,"(2258, 52339)",1
7650,"(12944, 34355)",1
7651,"(15442, 66037)",1
7652,"(15442, 67002)",1
7653,"(7183, 65806)",1
7654,"(9548, 65806)",1
7655,"(1278, 44272)",1
7656,"(6294, 66525)",1
7657,"(6500, 44149)",1
7658,"(13334, 62747)",1
7659,"(13334, 63934)",1
7660,"(9785, 65149)",1
7661,"(4982, 3516)",1
7662,"(12375, 63364)",1
7663,"(2026, 3457)",1
7664,"(13065, 3092)",4
7665,"(6555, 64080)",1
7666,"(91, 3349)",2
7667,"(6557, 52330)",1
7668,"(8948, 64213)",2
7669,"(8948, 65169)",1
7670,"(11590, 65169)",1
7671,"(7811, 63721)",3
7672,"(2379, 3340)",1
7673,"(16198, 3613)",1
7674,"(1856, 3471)",1
7675,"(6411, 3641)",1
7676,"(13266, 3154)",1
7677,"(98, 3340)",1
7678,"(399, 3463)",1
7679,"(10634, 3225)",1
7680,"(13368, 63767)",2
7681,"(744, 16695)",1
7682,"(13352, 3225)",1
7683,"(3400, 3478)",1
7684,"(3400, 56820)",1
7685,"(348, 3485)",1
7686,"(4429, 3485)",1
7687,"(9604, 3644)",2
7688,"(77, 3216)",1
7689,"(91, 3216)",1
7690,"(9073, 3216)",1
7691,"(10516, 3216)",1
7692,"(11351, 3216)",1
7693,"(11435, 3216)",1
7694,"(12668, 3216)",1
7695,"(13308, 3216)",1
7696,"(13309, 3216)",1
7697,"(13310, 3216)",1
7698,"(13311, 3216)",1
7699,"(13312, 3216)",1
7700,"(13313, 3216)",1
7701,"(13314, 3216)",1
7702,"(13315, 3216)",1
7703,"(13316, 3216)",1
7704,"(13317, 3216)",1
7705,"(13319, 3216)",1
7706,"(13320, 3216)",1
7707,"(13321, 3216)",1
7708,"(13322, 3216)",1
7709,"(13323, 3216)",1
7710,"(13822, 3216)",1
7711,"(15989, 3216)",1
7712,"(15991, 3216)",1
7713,"(15996, 3216)",1
7714,"(839, 3164)",1
7715,"(839, 4280)",1
7716,"(842, 3164)",1
7717,"(842, 4280)",1
7718,"(845, 3164)",2
7719,"(845, 4280)",1
7720,"(1452, 3164)",1
7721,"(1452, 4280)",1
7722,"(2849, 3164)",1
7723,"(2849, 4280)",1
7724,"(6813, 3164)",1
7725,"(6813, 4280)",1
7726,"(13236, 3083)",1
7727,"(3474, 3344)",1
7728,"(5940, 30531)",1
7729,"(13139, 3083)",1
7730,"(13957, 65618)",1
7731,"(7770, 64234)",1
7732,"(2814, 26825)",1
7733,"(13738, 26825)",1
7734,"(91, 3340)",1
7735,"(13073, 3340)",1
7736,"(13073, 3349)",1
7737,"(16048, 3667)",2
7738,"(16048, 63742)",1
7739,"(13675, 67278)",2
7740,"(13676, 67278)",1
7741,"(13739, 67040)",1
7742,"(13739, 67278)",1
7743,"(14861, 67040)",1
7744,"(15404, 67278)",4
7745,"(15406, 67040)",1
7746,"(16236, 67040)",3
7747,"(16237, 67040)",1
7748,"(16238, 67278)",1
7749,"(3250, 67364)",1
7750,"(8728, 67364)",2
7751,"(13190, 67239)",2
7752,"(13485, 67239)",1
7753,"(2681, 3422)",1
7754,"(6331, 16695)",1
7755,"(3474, 3696)",1
7756,"(3474, 63056)",1
7757,"(7763, 63370)",1
7758,"(1045, 3244)",1
7759,"(1045, 3366)",1
7760,"(1045, 63254)",1
7761,"(1045, 63288)",1
7762,"(399, 56893)",1
7763,"(830, 66638)",1
7764,"(2681, 64413)",1
7765,"(1306, 3397)",1
7766,"(2195, 3278)",1
7767,"(13197, 66840)",1
7768,"(2290, 3278)",1
7769,"(12794, 66360)",1
7770,"(3352, 3154)",1
7771,"(6366, 3154)",1
7772,"(3445, 3479)",1
7773,"(6524, 3479)",2
7774,"(6259, 3276)",3
7775,"(77, 3395)",1
7776,"(6500, 3395)",1
7777,"(77, 3167)",2
7778,"(16273, 63766)",1
7779,"(2681, 3389)",1
7780,"(399, 3492)",1
7781,"(13723, 30536)",1
7782,"(997, 65628)",2
7783,"(99, 3621)",1
7784,"(1096, 3621)",1
7785,"(1204, 3621)",1
7786,"(2026, 3621)",1
7787,"(3152, 3621)",1
7788,"(3445, 3621)",1
7789,"(3627, 3621)",1
7790,"(5130, 3621)",1
7791,"(13659, 64945)",1
7792,"(6725, 64255)",1
7793,"(5037, 26808)",1
7794,"(16121, 66141)",1
7795,"(77, 3614)",3
7796,"(1960, 3614)",1
7797,"(2529, 3614)",2
7798,"(3352, 3614)",1
7799,"(3445, 3614)",1
7800,"(3534, 3614)",1
7801,"(77, 40133)",1
7802,"(91, 30555)",1
7803,"(91, 40133)",1
7804,"(15588, 40133)",1
7805,"(2026, 65449)",1
7806,"(2992, 63721)",3
7807,"(12472, 66435)",1
7808,"(3474, 3149)",1
7809,"(984, 3397)",2
7810,"(13587, 64776)",1
7811,"(16003, 64857)",1
7812,"(10487, 3395)",1
7813,"(11921, 3417)",1
7814,"(6192, 63721)",2
7815,"(16234, 65236)",1
7816,"(16242, 64081)",1
7817,"(4329, 67103)",1
7818,"(77, 4281)",1
7819,"(13267, 3154)",1
7820,"(15537, 3154)",1
7821,"(13422, 3340)",1
7822,"(13376, 63736)",1
7823,"(13597, 63736)",1
7824,"(11494, 3297)",1
7825,"(11530, 3656)",1
7826,"(91, 67296)",1
7827,"(91, 67297)",1
7828,"(2026, 67296)",1
7829,"(2681, 3087)",2
7830,"(1169, 63985)",1
7831,"(3201, 65450)",1
7832,"(6500, 3437)",1
7833,"(1425, 64807)",1
7834,"(399, 3630)",2
7835,"(3101, 3697)",1
7836,"(399, 3437)",2
7837,"(16243, 64139)",1
7838,"(13250, 3088)",1
7839,"(2943, 3079)",1
7840,"(5636, 3079)",1
7841,"(13064, 3079)",1
7842,"(13091, 3079)",1
7843,"(13218, 3079)",1
7844,"(13219, 3079)",1
7845,"(13220, 3079)",1
7846,"(13221, 3079)",1
7847,"(13224, 3079)",1
7848,"(13225, 3079)",1
7849,"(13226, 3079)",1
7850,"(13516, 3079)",1
7851,"(7186, 26858)",1
7852,"(9929, 3615)",1
7853,"(2681, 3419)",2
7854,"(5998, 64288)",1
7855,"(77, 3183)",1
7856,"(2681, 3372)",1
7857,"(13281, 64255)",1
7858,"(2497, 63748)",1
7859,"(4694, 64234)",1
7860,"(227, 3146)",2
7861,"(2169, 3686)",1
7862,"(13406, 65278)",1
7863,"(1426, 62965)",2
7864,"(2681, 63763)",1
7865,"(658, 3646)",1
7866,"(6192, 63370)",1
7867,"(12892, 65341)",2
7868,"(2105, 3472)",1
7869,"(8948, 3437)",1
7870,"(13229, 3083)",1
7871,"(16172, 64237)",1
7872,"(10667, 64968)",1
7873,"(13724, 30536)",1
7874,"(9666, 3641)",1
7875,"(77, 64111)",1
7876,"(928, 3223)",1
7877,"(91, 64336)",1
7878,"(10692, 64354)",1
7879,"(10692, 65127)",1
7880,"(5301, 3097)",1
7881,"(10741, 66059)",1
7882,"(13663, 3475)",1
7883,"(77, 3630)",1
7884,"(16069, 3667)",1
7885,"(5429, 64235)",1
7886,"(7886, 65997)",1
7887,"(8340, 67270)",1
7888,"(13335, 65997)",1
7889,"(468, 3128)",1
7890,"(2821, 26747)",1
7891,"(13249, 3094)",1
7892,"(16271, 65565)",1
7893,"(5408, 34328)",1
7894,"(918, 3437)",1
7895,"(77, 66235)",1
7896,"(91, 66235)",1
7897,"(13437, 67391)",1
7898,"(13437, 67412)",1
7899,"(13736, 30530)",1
7900,"(649, 65271)",1
7901,"(13683, 65271)",1
7902,"(13407, 3341)",1
7903,"(13407, 3696)",1
7904,"(2664, 26866)",1
7905,"(4515, 3094)",1
7906,"(8649, 67233)",1
7907,"(13341, 3640)",1
7908,"(14287, 3640)",2
7909,"(399, 65828)",2
7910,"(16241, 64078)",1
7911,"(399, 30531)",1
7912,"(12872, 64640)",1
7913,"(13658, 64640)",1
7914,"(4813, 3437)",1
7915,"(830, 64292)",1
7916,"(399, 56885)",1
7917,"(3182, 64213)",1
7918,"(4802, 56885)",1
7919,"(4802, 64213)",1
7920,"(4816, 56885)",1
7921,"(8948, 56885)",1
7922,"(9844, 56885)",1
7923,"(16078, 56885)",1
7924,"(399, 3397)",1
7925,"(399, 67226)",3
7926,"(7150, 26861)",1
7927,"(7150, 65227)",1
7928,"(7150, 65235)",1
7929,"(7150, 65236)",1
7930,"(4982, 4282)",1
7931,"(399, 64943)",1
7932,"(1426, 65032)",1
7933,"(1426, 65275)",1
7934,"(1426, 65339)",1
7935,"(7703, 3375)",1
7936,"(399, 30536)",6
7937,"(399, 34747)",1
7938,"(12010, 26836)",2
7939,"(16250, 64703)",1
7940,"(16250, 65032)",1
7941,"(13391, 4282)",1
7942,"(6752, 64981)",1
7943,"(13047, 65238)",1
7944,"(13047, 65239)",1
7945,"(13047, 65240)",1
7946,"(13047, 65241)",1
7947,"(13463, 3373)",1
7948,"(2483, 63370)",1
7949,"(984, 30528)",2
7950,"(9724, 64804)",2
7951,"(13632, 26871)",1
7952,"(4920, 3704)",1
7953,"(5837, 3704)",1
7954,"(16263, 3704)",1
7955,"(16264, 3704)",1
7956,"(16265, 3704)",1
7957,"(16266, 3704)",1
7958,"(16267, 3704)",1
7959,"(928, 3117)",1
7960,"(7967, 30531)",1
7961,"(3645, 64981)",1
7962,"(8080, 3641)",1
7963,"(908, 3640)",1
7964,"(1398, 3640)",1
7965,"(3281, 3640)",1
7966,"(5244, 3640)",1
7967,"(13342, 3640)",1
7968,"(13343, 3640)",1
7969,"(13344, 3640)",1
7970,"(13345, 3640)",1
7971,"(13346, 3640)",1
7972,"(13918, 3640)",1
7973,"(16009, 3640)",1
7974,"(16011, 3640)",1
7975,"(12094, 3621)",1
7976,"(3645, 64982)",1
7977,"(2665, 3697)",1
7978,"(6271, 26848)",1
7979,"(13979, 3478)",1
7980,"(121, 16695)",1
7981,"(13266, 3692)",1
7982,"(3101, 63738)",1
7983,"(6298, 67407)",1
7984,"(13418, 3340)",2
7985,"(16041, 3667)",1
7986,"(16041, 63742)",1
7987,"(5092, 3425)",3
7988,"(3052, 67252)",1
7989,"(3052, 67253)",1
7990,"(11105, 3221)",1
7991,"(13480, 3397)",2
7992,"(91, 65278)",1
7993,"(3052, 65805)",1
7994,"(4268, 3098)",1
7995,"(2668, 3087)",1
7996,"(13239, 3085)",1
7997,"(12879, 65237)",2
7998,"(4952, 67230)",1
7999,"(2681, 3454)",3
8000,"(2681, 64943)",2
8001,"(6192, 3707)",1
8002,"(4815, 52332)",1
8003,"(4815, 64356)",1
8004,"(3819, 3088)",1
8005,"(5301, 4285)",1
8006,"(3474, 65627)",1
8007,"(3445, 10316)",1
8008,"(3545, 3640)",2
8009,"(387, 3640)",1
8010,"(13203, 67105)",1
8011,"(1318, 67244)",2
8012,"(2522, 67243)",1
8013,"(13010, 67244)",1
8014,"(1413, 3087)",1
8015,"(3645, 3087)",1
8016,"(12816, 3087)",1
8017,"(4460, 3443)",1
8018,"(399, 3487)",1
8019,"(399, 3663)",1
8020,"(2687, 3107)",1
8021,"(15894, 3107)",1
8022,"(1426, 64807)",1
8023,"(399, 63738)",1
8024,"(4460, 3448)",1
8025,"(6671, 64935)",1
8026,"(6671, 65030)",1
8027,"(830, 63737)",1
8028,"(830, 67279)",1
8029,"(4872, 30531)",1
8030,"(2073, 3169)",1
8031,"(10128, 44148)",1
8032,"(10128, 67274)",1
8033,"(13356, 3374)",1
8034,"(16257, 3694)",1
8035,"(12800, 64982)",1
8036,"(15941, 3155)",1
8037,"(13382, 3667)",1
8038,"(13382, 63742)",1
8039,"(13330, 65336)",1
8040,"(3535, 3631)",1
8041,"(1315, 3353)",1
8042,"(1315, 3349)",1
8043,"(5998, 4287)",1
8044,"(5998, 56627)",1
8045,"(13257, 3133)",1
8046,"(13301, 63721)",2
8047,"(15982, 63721)",1
8048,"(656, 66231)",1
8049,"(15405, 67278)",1
8050,"(15776, 3397)",1
8051,"(15776, 3641)",1
8052,"(15776, 34368)",1
8053,"(15776, 34589)",1
8054,"(15776, 34636)",1
8055,"(15776, 44083)",1
8056,"(15776, 56621)",1
8057,"(15776, 62742)",1
8058,"(15776, 63152)",1
8059,"(15776, 63162)",1
8060,"(15776, 63210)",1
8061,"(15776, 65627)",1
8062,"(13419, 65440)",1
8063,"(13233, 3083)",1
8064,"(6587, 3434)",1
8065,"(6587, 67344)",1
8066,"(1853, 3421)",1
8067,"(13279, 3129)",1
8068,"(2814, 3650)",1
8069,"(9401, 3650)",1
8070,"(13254, 3122)",1
8071,"(2893, 3417)",1
8072,"(9810, 65440)",1
8073,"(1326, 65436)",1
8074,"(13332, 65436)",2
8075,"(7150, 64703)",1
8076,"(13958, 67241)",1
8077,"(13958, 67242)",1
8078,"(77, 64156)",1
8079,"(3052, 64156)",1
8080,"(13470, 3382)",1
8081,"(13282, 66142)",1
8082,"(13442, 3364)",1
8083,"(8948, 63931)",1
8084,"(2435, 64215)",1
8085,"(984, 3429)",1
8086,"(13484, 64842)",1
8087,"(13484, 67243)",1
8088,"(6869, 34510)",1
8089,"(3260, 64156)",2
8090,"(3593, 3154)",1
8091,"(8816, 65616)",2
8092,"(5029, 26858)",1
8093,"(908, 30528)",2
8094,"(2026, 3421)",1
8095,"(1939, 3485)",1
8096,"(13747, 64668)",1
8097,"(4995, 3395)",1
8098,"(11268, 64542)",1
8099,"(13259, 3135)",1
8100,"(1914, 66136)",1
8101,"(13514, 66136)",1
8102,"(6170, 3708)",1
8103,"(14576, 64159)",1
8104,"(2681, 3091)",1
8105,"(1561, 64234)",1
8106,"(9850, 3429)",1
8107,"(16087, 3378)",1
8108,"(11011, 66273)",1
8109,"(10277, 3417)",1
8110,"(9889, 3478)",1
8111,"(211, 3614)",1
8112,"(1413, 66981)",1
8113,"(1426, 66981)",1
8114,"(8916, 66981)",1
8115,"(16174, 65039)",2
8116,"(12870, 3471)",1
8117,"(6752, 64936)",1
8118,"(2681, 3450)",1
8119,"(399, 67279)",1
8120,"(399, 67291)",1
8121,"(1211, 67282)",2
8122,"(6598, 67539)",2
8123,"(149, 30531)",1
8124,"(77, 67110)",1
8125,"(4515, 67290)",1
8126,"(4515, 67354)",1
8127,"(4515, 67361)",1
8128,"(77, 67103)",4
8129,"(5087, 67103)",1
8130,"(861, 64279)",1
8131,"(11692, 64279)",1
8132,"(3260, 3154)",1
8133,"(13703, 3453)",1
8134,"(873, 3708)",1
8135,"(13408, 3707)",1
8136,"(13408, 3708)",1
8137,"(3814, 67118)",1
8138,"(13306, 26852)",1
8139,"(15985, 26852)",1
8140,"(399, 67292)",1
8141,"(2681, 3154)",1
8142,"(3474, 3154)",1
8143,"(3164, 64237)",1
8144,"(3164, 64238)",1
8145,"(3164, 64865)",1
8146,"(3164, 64940)",1
8147,"(3164, 66257)",1
8148,"(7703, 67226)",1
8149,"(5244, 3615)",1
8150,"(13714, 3493)",1
8151,"(658, 3613)",1
8152,"(5087, 3613)",1
8153,"(11944, 3615)",1
8154,"(1096, 66711)",1
8155,"(77, 64631)",1
8156,"(77, 64632)",1
8157,"(1749, 3442)",1
8158,"(3474, 63769)",1
8159,"(2681, 26807)",4
8160,"(1749, 3397)",1
8161,"(6520, 3397)",2
8162,"(211, 3216)",1
8163,"(10183, 3216)",1
8164,"(4460, 64231)",1
8165,"(1449, 26825)",1
8166,"(6459, 3618)",1
8167,"(2945, 30531)",1
8168,"(2946, 30531)",1
8169,"(2947, 30531)",1
8170,"(2949, 30531)",1
8171,"(2950, 30531)",1
8172,"(2951, 30531)",1
8173,"(2957, 30531)",1
8174,"(15260, 30531)",1
8175,"(16213, 30531)",1
8176,"(16214, 30531)",1
8177,"(16215, 30531)",1
8178,"(6926, 3183)",1
8179,"(7005, 3350)",1
8180,"(8334, 3350)",1
8181,"(13428, 3350)",1
8182,"(13429, 3350)",1
8183,"(13430, 3350)",1
8184,"(13431, 3350)",1
8185,"(13432, 3350)",1
8186,"(13434, 3350)",1
8187,"(13435, 3350)",1
8188,"(13436, 3350)",1
8189,"(13619, 3350)",1
8190,"(13620, 3350)",1
8191,"(16107, 3350)",1
8192,"(2026, 3712)",1
8193,"(399, 3449)",1
8194,"(928, 3640)",1
8195,"(2487, 64238)",1
8196,"(960, 64416)",1
8197,"(2483, 64392)",1
8198,"(7703, 64803)",1
8199,"(399, 3443)",1
8200,"(9690, 3598)",1
8201,"(2945, 22867)",1
8202,"(13733, 30531)",1
8203,"(1045, 65628)",1
8204,"(399, 3422)",1
8205,"(13737, 30528)",1
8206,"(928, 3372)",1
8207,"(1994, 26836)",1
8208,"(238, 63866)",1
8209,"(12982, 65337)",1
8210,"(9538, 30531)",1
8211,"(12872, 3094)",1
8212,"(11007, 3699)",1
8213,"(1299, 3421)",1
8214,"(13082, 65224)",1
8215,"(2108, 3340)",1
8216,"(399, 3395)",1
8217,"(7186, 63958)",1
8218,"(5121, 64630)",1
8219,"(4272, 3085)",1
8220,"(14964, 64255)",1
8221,"(6459, 3397)",1
8222,"(3341, 63959)",1
8223,"(77, 3646)",1
8224,"(2964, 3646)",1
8225,"(13354, 3646)",1
8226,"(13356, 3232)",1
8227,"(13356, 3646)",1
8228,"(13590, 3646)",1
8229,"(13591, 3232)",1
8230,"(13481, 3397)",1
8231,"(184, 3169)",1
8232,"(13642, 3466)",1
8233,"(9175, 3478)",1
8234,"(2947, 3419)",1
8235,"(13339, 66549)",1
8236,"(13307, 64082)",1
8237,"(5649, 3091)",1
8238,"(4889, 3119)",1
8239,"(3101, 64982)",1
8240,"(3102, 64982)",1
8241,"(3104, 64982)",1
8242,"(10046, 64982)",1
8243,"(13742, 64982)",1
8244,"(16180, 64982)",1
8245,"(16182, 64982)",1
8246,"(77, 3163)",1
8247,"(13237, 3083)",1
8248,"(16183, 65139)",1
8249,"(6170, 3101)",1
8250,"(6752, 65828)",1
8251,"(13540, 3154)",1
8252,"(13541, 3154)",1
8253,"(13542, 3154)",1
8254,"(13543, 3154)",1
8255,"(13544, 3154)",1
8256,"(13545, 3154)",1
8257,"(13546, 3154)",1
8258,"(13547, 3154)",1
8259,"(13548, 3154)",1
8260,"(13549, 3154)",1
8261,"(13550, 3154)",1
8262,"(13551, 3154)",1
8263,"(13552, 3154)",1
8264,"(13554, 3154)",1
8265,"(13555, 3154)",1
8266,"(13556, 3154)",1
8267,"(13557, 3154)",1
8268,"(13558, 3154)",1
8269,"(13559, 3154)",1
8270,"(13560, 3154)",1
8271,"(13561, 3154)",1
8272,"(15763, 3154)",1
8273,"(399, 65336)",1
8274,"(984, 65336)",1
8275,"(2124, 3105)",1
8276,"(13355, 3646)",1
8277,"(5276, 3624)",1
8278,"(16179, 3478)",1
8279,"(5668, 4278)",2
8280,"(2030, 3349)",1
8281,"(843, 3164)",1
8282,"(844, 3164)",1
8283,"(851, 3164)",1
8284,"(851, 4280)",1
8285,"(15955, 3164)",1
8286,"(2305, 67114)",1
8287,"(4531, 67249)",1
8288,"(1159, 65225)",1
8289,"(1159, 67400)",1
8290,"(7226, 3437)",1
8291,"(211, 3373)",1
8292,"(5105, 63765)",1
8293,"(1995, 63730)",1
8294,"(2681, 3448)",1
8295,"(5301, 34747)",1
8296,"(77, 3277)",1
8297,"(91, 3277)",1
8298,"(13224, 3277)",1
8299,"(13326, 3434)",1
8300,"(13326, 64415)",1
8301,"(13326, 67271)",1
8302,"(1752, 34745)",1
8303,"(399, 64238)",1
8304,"(399, 64862)",1
8305,"(399, 65042)",1
8306,"(3076, 3443)",1
8307,"(6725, 3372)",1
8308,"(5639, 56893)",1
8309,"(7870, 3487)",1
8310,"(2361, 63741)",1
8311,"(13378, 63741)",1
8312,"(12251, 65237)",1
8313,"(11319, 3417)",1
8314,"(13547, 64969)",1
8315,"(13685, 63753)",1
8316,"(6468, 67110)",1
8317,"(13288, 67231)",1
8318,"(3614, 64255)",1
8319,"(984, 3227)",1
8320,"(2821, 3216)",1
8321,"(13331, 65336)",1
8322,"(984, 3223)",1
8323,"(1994, 3223)",1
8324,"(15534, 3154)",1
8325,"(3645, 3478)",1
8326,"(7703, 3478)",1
8327,"(9118, 64943)",1
8328,"(3474, 3087)",1
8329,"(13064, 3087)",1
8330,"(399, 3448)",1
8331,"(91, 63739)",1
8332,"(91, 65437)",1
8333,"(13629, 3437)",1
8334,"(13630, 3437)",1
8335,"(13433, 3350)",1
8336,"(13665, 3479)",1
8337,"(6711, 3649)",1
8338,"(15971, 65844)",1
8339,"(8948, 3373)",1
8340,"(8656, 3631)",1
8341,"(13280, 3631)",1
8342,"(13457, 3366)",1
8343,"(9407, 67112)",1
8344,"(6519, 26807)",1
8345,"(2716, 3487)",1
8346,"(5941, 3437)",1
8347,"(3555, 3615)",1
8348,"(508, 66711)",1
8349,"(13671, 66711)",1
8350,"(1045, 64943)",1
8351,"(3474, 64943)",1
8352,"(5940, 64943)",1
8353,"(6187, 64943)",1
8354,"(8483, 64943)",1
8355,"(13711, 64943)",1
8356,"(6411, 64943)",1
8357,"(231, 3700)",1
8358,"(13397, 56885)",1
8359,"(5574, 64315)",1
8360,"(5574, 64626)",1
8361,"(890, 3079)",1
8362,"(3445, 67247)",1
8363,"(3512, 67247)",1
8364,"(15810, 67247)",1
8365,"(2710, 3437)",1
8366,"(16058, 26858)",1
8367,"(2197, 3707)",1
8368,"(8143, 66053)",1
8369,"(2026, 26856)",1
8370,"(2489, 3631)",1
8371,"(2681, 65428)",2
8372,"(13327, 64292)",1
8373,"(77, 4278)",2
8374,"(2026, 4278)",1
8375,"(16246, 64218)",1
8376,"(2986, 64156)",1
8377,"(7676, 64156)",1
8378,"(8948, 3421)",1
8379,"(11583, 3421)",1
8380,"(3600, 3276)",1
8381,"(2949, 3419)",1
8382,"(3474, 3692)",2
8383,"(2851, 3094)",1
8384,"(12876, 64237)",1
8385,"(3164, 67108)",1
8386,"(1153, 3641)",1
8387,"(4515, 3276)",1
8388,"(15933, 3276)",1
8389,"(16031, 3276)",1
8390,"(6324, 67116)",1
8391,"(6326, 67116)",1
8392,"(7518, 67116)",1
8393,"(16052, 3667)",1
8394,"(16052, 63742)",1
8395,"(322, 64234)",1
8396,"(667, 64234)",1
8397,"(1939, 64234)",1
8398,"(3303, 64234)",1
8399,"(6084, 64234)",1
8400,"(13402, 64234)",1
8401,"(2681, 34747)",2
8402,"(13735, 30530)",1
8403,"(3474, 26836)",1
8404,"(6379, 65341)",1
8405,"(6192, 3362)",1
8406,"(16211, 67226)",1
8407,"(77, 3158)",1
8408,"(77, 3160)",1
8409,"(3474, 3223)",1
8410,"(536, 3129)",1
8411,"(5301, 3646)",1
8412,"(14452, 64539)",1
8413,"(6192, 3100)",1
8414,"(8113, 3100)",1
8415,"(13729, 26808)",1
8416,"(13091, 3353)",1
8417,"(5941, 66431)",1
8418,"(16027, 34626)",1
8419,"(3474, 3654)",1
8420,"(11662, 3392)",1
8421,"(7946, 3418)",1
8422,"(15932, 4279)",1
8423,"(861, 3454)",1
8424,"(1683, 3098)",1
8425,"(91, 3475)",1
8426,"(91, 63051)",1
8427,"(4460, 63757)",1
8428,"(4952, 64394)",1
8429,"(1177, 16695)",1
8430,"(12875, 64414)",1
8431,"(6192, 67296)",1
8432,"(6465, 26825)",2
8433,"(2681, 3135)",1
8434,"(2945, 66060)",1
8435,"(5941, 3649)",1
8436,"(9539, 3205)",1
8437,"(13424, 3340)",1
8438,"(3368, 3694)",1
8439,"(399, 3220)",1
8440,"(1122, 34500)",1
8441,"(4710, 62879)",1
8442,"(4710, 62944)",1
8443,"(4710, 64982)",1
8444,"(2681, 3113)",1
8445,"(4613, 26671)",1
8446,"(107, 22817)",1
8447,"(14112, 64210)",1
8448,"(273, 26696)",1
8449,"(447, 26696)",1
8450,"(9575, 26696)",1
8451,"(9827, 26696)",1
8452,"(14108, 19129)",1
8453,"(77, 66637)",1
8454,"(200, 66637)",1
8455,"(2681, 64761)",1
8456,"(5087, 19104)",1
8457,"(14161, 19147)",1
8458,"(2681, 67467)",2
8459,"(518, 44265)",1
8460,"(9512, 16693)",1
8461,"(9512, 22806)",1
8462,"(1284, 66794)",1
8463,"(334, 22815)",2
8464,"(3445, 22806)",1
8465,"(10128, 22806)",1
8466,"(13868, 22827)",1
8467,"(14230, 22827)",1
8468,"(2421, 44272)",1
8469,"(10602, 44272)",1
8470,"(13770, 44272)",1
8471,"(13771, 44272)",1
8472,"(13772, 44272)",1
8473,"(13773, 44272)",1
8474,"(13259, 38404)",1
8475,"(5611, 16693)",1
8476,"(1994, 66216)",1
8477,"(928, 63554)",1
8478,"(2681, 63554)",1
8479,"(14202, 19167)",1
8480,"(13811, 15301)",2
8481,"(13814, 15301)",1
8482,"(16801, 64250)",1
8483,"(2849, 15301)",1
8484,"(15843, 15301)",1
8485,"(14325, 34713)",1
8486,"(16712, 44272)",1
8487,"(399, 8625)",1
8488,"(1503, 22816)",2
8489,"(6298, 66630)",1
8490,"(6312, 26670)",1
8491,"(6312, 66630)",1
8492,"(11351, 66630)",1
8493,"(12709, 26670)",2
8494,"(12709, 66630)",2
8495,"(14077, 26670)",1
8496,"(14077, 66630)",1
8497,"(14869, 66630)",1
8498,"(16310, 66630)",1
8499,"(2096, 19059)",1
8500,"(11715, 67782)",2
8501,"(13867, 67782)",2
8502,"(13875, 67782)",2
8503,"(15801, 67782)",1
8504,"(15802, 67782)",1
8505,"(16450, 67782)",1
8506,"(17949, 67782)",1
8507,"(13816, 15305)",1
8508,"(14138, 19139)",1
8509,"(14138, 22827)",1
8510,"(6326, 65982)",1
8511,"(3474, 63954)",3
8512,"(4634, 4196)",1
8513,"(77, 67348)",2
8514,"(3399, 34754)",1
8515,"(14387, 67447)",1
8516,"(984, 15340)",1
8517,"(13764, 67306)",1
8518,"(13765, 67306)",1
8519,"(2681, 44273)",2
8520,"(6129, 19104)",1
8521,"(4460, 19056)",2
8522,"(669, 19178)",1
8523,"(14235, 19178)",1
8524,"(16836, 30537)",1
8525,"(14002, 19135)",1
8526,"(13979, 67491)",1
8527,"(908, 52327)",1
8528,"(77, 34755)",2
8529,"(3757, 26818)",1
8530,"(6170, 22806)",2
8531,"(3162, 26670)",1
8532,"(14115, 64963)",1
8533,"(8864, 67782)",3
8534,"(13987, 63591)",1
8535,"(14742, 2065)",1
8536,"(518, 2065)",1
8537,"(1530, 2065)",1
8538,"(6211, 2065)",1
8539,"(6451, 2065)",1
8540,"(10636, 2065)",1
8541,"(6747, 19083)",1
8542,"(6747, 22806)",1
8543,"(10649, 22806)",1
8544,"(16389, 15307)",1
8545,"(14148, 19135)",1
8546,"(13992, 44270)",1
8547,"(3020, 52406)",1
8548,"(901, 63541)",1
8549,"(13849, 63541)",1
8550,"(3474, 19095)",2
8551,"(14349, 26694)",1
8552,"(2674, 22815)",1
8553,"(1749, 26833)",3
8554,"(16409, 26669)",1
8555,"(6450, 44269)",1
8556,"(6770, 44273)",1
8557,"(6486, 19066)",1
8558,"(14064, 19066)",1
8559,"(1318, 34755)",1
8560,"(14181, 26690)",1
8561,"(7264, 2065)",1
8562,"(16665, 19134)",1
8563,"(14110, 19129)",1
8564,"(536, 19142)",1
8565,"(6160, 63570)",1
8566,"(6163, 63570)",3
8567,"(14180, 22827)",1
8568,"(14180, 44272)",1
8569,"(1651, 19106)",2
8570,"(1658, 19106)",3
8571,"(8287, 19106)",2
8572,"(8288, 19106)",1
8573,"(10588, 19106)",2
8574,"(10594, 19106)",1
8575,"(10595, 19106)",1
8576,"(10596, 19106)",1
8577,"(10597, 19106)",1
8578,"(10598, 19106)",1
8579,"(10599, 19106)",2
8580,"(10600, 19106)",1
8581,"(10601, 19106)",1
8582,"(10603, 19106)",1
8583,"(10606, 19106)",1
8584,"(10610, 19106)",1
8585,"(10611, 19106)",1
8586,"(12576, 19106)",1
8587,"(16534, 19106)",1
8588,"(16535, 19106)",1
8589,"(16536, 19106)",1
8590,"(16537, 19106)",1
8591,"(16538, 19106)",1
8592,"(16539, 19106)",1
8593,"(16540, 19106)",1
8594,"(16541, 19106)",1
8595,"(5607, 19062)",1
8596,"(4952, 19080)",1
8597,"(399, 4196)",1
8598,"(2499, 19100)",1
8599,"(960, 67369)",1
8600,"(13920, 19080)",1
8601,"(13921, 19080)",1
8602,"(13922, 19080)",1
8603,"(14114, 64607)",1
8604,"(2489, 22807)",1
8605,"(9073, 22807)",1
8606,"(13912, 22807)",1
8607,"(13913, 22807)",1
8608,"(13914, 22807)",1
8609,"(3474, 30529)",1
8610,"(16780, 19169)",1
8611,"(16780, 64250)",1
8612,"(2681, 63562)",2
8613,"(3474, 65973)",1
8614,"(2681, 19056)",1
8615,"(9853, 64198)",1
8616,"(6558, 67428)",1
8617,"(6558, 67435)",1
8618,"(10843, 63590)",2
8619,"(2681, 44067)",1
8620,"(2681, 19089)",1
8621,"(6725, 19183)",1
8622,"(890, 15340)",1
8623,"(77, 15323)",1
8624,"(77, 34746)",1
8625,"(77, 19047)",2
8626,"(984, 19067)",2
8627,"(2026, 65964)",1
8628,"(1994, 65759)",1
8629,"(2681, 65025)",3
8630,"(2681, 65973)",3
8631,"(11926, 26816)",1
8632,"(12125, 26816)",1
8633,"(14267, 26816)",1
8634,"(14268, 26816)",1
8635,"(14269, 26816)",1
8636,"(5613, 66216)",1
8637,"(77, 64198)",1
8638,"(2681, 67603)",1
8639,"(1994, 19099)",1
8640,"(16415, 26671)",1
8641,"(387, 19043)",1
8642,"(3474, 15336)",1
8643,"(6324, 34755)",1
8644,"(11985, 67365)",1
8645,"(12190, 67365)",4
8646,"(2681, 26690)",1
8647,"(16399, 15344)",1
8648,"(16399, 19191)",1
8649,"(3474, 65021)",3
8650,"(16427, 64089)",1
8651,"(1096, 4199)",1
8652,"(1133, 4199)",1
8653,"(579, 19164)",1
8654,"(4268, 22814)",1
8655,"(7507, 65016)",1
8656,"(7507, 15302)",1
8657,"(199, 2094)",1
8658,"(11692, 64091)",2
8659,"(5301, 15318)",1
8660,"(2681, 63551)",1
8661,"(4099, 63551)",1
8662,"(5941, 63551)",1
8663,"(8741, 63551)",1
8664,"(9118, 63551)",1
8665,"(9661, 63551)",1
8666,"(11290, 63551)",1
8667,"(12871, 63551)",1
8668,"(14246, 63551)",1
8669,"(14247, 63551)",1
8670,"(16828, 63551)",1
8671,"(6272, 19066)",1
8672,"(14284, 38403)",1
8673,"(8984, 22817)",1
8674,"(14398, 34754)",1
8675,"(211, 19079)",2
8676,"(14393, 67327)",1
8677,"(14394, 67327)",1
8678,"(200, 64091)",1
8679,"(995, 64091)",1
8680,"(1856, 64091)",1
8681,"(2821, 64091)",1
8682,"(5087, 64091)",1
8683,"(5636, 64091)",1
8684,"(5708, 64091)",1
8685,"(8113, 64091)",1
8686,"(9330, 64091)",1
8687,"(14378, 64091)",1
8688,"(14379, 64091)",1
8689,"(14380, 64091)",1
8690,"(14381, 64091)",1
8691,"(14382, 64091)",1
8692,"(16814, 64091)",1
8693,"(16816, 64091)",1
8694,"(16818, 64091)",1
8695,"(16820, 64091)",1
8696,"(16821, 64091)",1
8697,"(6192, 22808)",2
8698,"(7186, 19059)",1
8699,"(14069, 26696)",1
8700,"(77, 19067)",2
8701,"(3474, 19067)",1
8702,"(744, 64089)",2
8703,"(16789, 19173)",1
8704,"(16790, 19173)",1
8705,"(6732, 64089)",1
8706,"(6557, 19066)",1
8707,"(6558, 19066)",1
8708,"(10092, 19066)",1
8709,"(707, 44269)",1
8710,"(16611, 44269)",1
8711,"(5712, 26807)",1
8712,"(11745, 19185)",2
8713,"(14242, 19185)",1
8714,"(77, 19119)",2
8715,"(77, 63240)",2
8716,"(861, 63352)",1
8717,"(5087, 63352)",1
8718,"(9853, 63352)",1
8719,"(11692, 63352)",1
8720,"(13882, 63352)",1
8721,"(13883, 63352)",1
8722,"(13884, 63352)",1
8723,"(13885, 63352)",1
8724,"(13886, 63352)",1
8725,"(3474, 67467)",1
8726,"(11668, 22827)",1
8727,"(12754, 22827)",1
8728,"(13971, 22827)",1
8729,"(16707, 44272)",1
8730,"(8520, 19068)",1
8731,"(6442, 19062)",1
8732,"(16791, 19173)",1
8733,"(91, 26815)",1
8734,"(14273, 26815)",1
8735,"(658, 52407)",1
8736,"(960, 52407)",1
8737,"(10263, 67530)",1
8738,"(12794, 67530)",1
8739,"(1390, 8654)",1
8740,"(9375, 67536)",1
8741,"(11902, 22818)",1
8742,"(1135, 19133)",1
8743,"(5843, 44056)",1
8744,"(7488, 15323)",1
8745,"(7488, 19133)",1
8746,"(13941, 15323)",1
8747,"(16287, 44056)",1
8748,"(16288, 44056)",1
8749,"(16289, 15323)",1
8750,"(16289, 19133)",1
8751,"(16289, 44056)",1
8752,"(16290, 44056)",1
8753,"(16495, 15323)",1
8754,"(16497, 15323)",1
8755,"(12448, 8636)",1
8756,"(5301, 64103)",1
8757,"(3474, 26802)",1
8758,"(5301, 15341)",1
8759,"(399, 16693)",1
8760,"(399, 22807)",1
8761,"(3068, 26695)",1
8762,"(6562, 2094)",1
8763,"(5941, 2201)",1
8764,"(15525, 67458)",1
8765,"(15525, 67459)",1
8766,"(9850, 67376)",1
8767,"(7604, 30535)",1
8768,"(13089, 30535)",1
8769,"(3201, 19056)",1
8770,"(4872, 8625)",1
8771,"(6192, 4199)",1
8772,"(399, 8663)",1
8773,"(1211, 62941)",1
8774,"(1211, 65219)",1
8775,"(1113, 66511)",1
8776,"(14376, 64329)",1
8777,"(5941, 66216)",1
8778,"(9661, 66216)",1
8779,"(2681, 19149)",1
8780,"(2681, 63574)",3
8781,"(12190, 64832)",1
8782,"(12190, 65864)",1
8783,"(9512, 67439)",1
8784,"(9512, 67440)",1
8785,"(5619, 63563)",1
8786,"(2668, 15311)",1
8787,"(2681, 26826)",4
8788,"(944, 19056)",1
8789,"(4745, 19056)",1
8790,"(6500, 19056)",1
8791,"(6637, 19104)",1
8792,"(11332, 8634)",1
8793,"(77, 15340)",1
8794,"(77, 19080)",1
8795,"(91, 8663)",1
8796,"(91, 19080)",1
8797,"(211, 19080)",1
8798,"(634, 19080)",1
8799,"(861, 15340)",1
8800,"(861, 19080)",1
8801,"(1960, 19080)",1
8802,"(2096, 19080)",1
8803,"(3352, 19080)",1
8804,"(5087, 19080)",1
8805,"(5917, 19080)",1
8806,"(5941, 19080)",1
8807,"(6192, 19080)",1
8808,"(8129, 19080)",1
8809,"(9102, 19080)",1
8810,"(9853, 15340)",1
8811,"(9853, 19080)",1
8812,"(11263, 19080)",1
8813,"(11692, 15340)",1
8814,"(11692, 19080)",1
8815,"(12190, 19080)",1
8816,"(13764, 19080)",1
8817,"(13882, 15340)",1
8818,"(13882, 19080)",1
8819,"(13883, 15340)",1
8820,"(13883, 19080)",1
8821,"(13884, 15340)",1
8822,"(13884, 19080)",1
8823,"(13885, 15340)",1
8824,"(13885, 19080)",1
8825,"(13886, 15340)",1
8826,"(13886, 19080)",1
8827,"(13923, 19080)",1
8828,"(13924, 19080)",1
8829,"(13925, 19080)",1
8830,"(13926, 19080)",1
8831,"(13927, 19080)",1
8832,"(13928, 19080)",1
8833,"(13929, 19080)",1
8834,"(13930, 19080)",1
8835,"(13932, 19080)",1
8836,"(13933, 19080)",1
8837,"(13934, 19080)",1
8838,"(13935, 19080)",1
8839,"(3101, 19083)",2
8840,"(2446, 44270)",1
8841,"(5301, 19103)",1
8842,"(16467, 19058)",1
8843,"(14184, 44273)",1
8844,"(14096, 19124)",1
8845,"(16682, 19139)",1
8846,"(14162, 44272)",1
8847,"(14163, 44272)",1
8848,"(14164, 44272)",1
8849,"(14165, 44272)",1
8850,"(14166, 44272)",1
8851,"(3474, 19134)",1
8852,"(14081, 16694)",1
8853,"(711, 19095)",1
8854,"(1749, 63570)",3
8855,"(3426, 19060)",1
8856,"(77, 19045)",1
8857,"(211, 67363)",2
8858,"(211, 67366)",2
8859,"(211, 67431)",1
8860,"(10128, 67510)",1
8861,"(3474, 26793)",1
8862,"(3352, 67439)",1
8863,"(3352, 67440)",1
8864,"(11931, 8672)",1
8865,"(11931, 67439)",1
8866,"(1866, 19168)",1
8867,"(5613, 3493)",1
8868,"(6187, 56845)",1
8869,"(3474, 65759)",1
8870,"(3474, 16693)",1
8871,"(3474, 64370)",1
8872,"(1045, 19082)",1
8873,"(2681, 19116)",5
8874,"(2681, 19101)",1
8875,"(9729, 67418)",2
8876,"(16462, 8654)",1
8877,"(16463, 8654)",2
8878,"(399, 16692)",2
8879,"(9834, 19081)",1
8880,"(399, 63954)",1
8881,"(399, 30535)",1
8882,"(2264, 4199)",1
8883,"(14080, 64854)",1
8884,"(2681, 19131)",1
8885,"(1877, 22815)",1
8886,"(2608, 19134)",2
8887,"(8976, 16691)",1
8888,"(522, 15307)",1
8889,"(6170, 19043)",1
8890,"(2950, 22806)",1
8891,"(6272, 19117)",2
8892,"(77, 67484)",2
8893,"(3474, 26833)",1
8894,"(16387, 19138)",1
8895,"(16484, 19067)",1
8896,"(11522, 44265)",1
8897,"(16392, 67489)",1
8898,"(15711, 67489)",1
8899,"(2681, 26688)",2
8900,"(14055, 64089)",1
8901,"(14098, 63592)",1
8902,"(3474, 26805)",1
8903,"(11985, 67439)",1
8904,"(1096, 19080)",1
8905,"(10950, 19185)",1
8906,"(2957, 19066)",1
8907,"(1941, 30532)",1
8908,"(5555, 34754)",1
8909,"(536, 26669)",1
8910,"(9547, 64757)",1
8911,"(13839, 2065)",1
8912,"(16689, 19135)",1
8913,"(744, 64757)",1
8914,"(14344, 26694)",1
8915,"(14050, 64089)",1
8916,"(2195, 63313)",1
8917,"(13368, 67560)",2
8918,"(6192, 44368)",2
8919,"(13326, 64830)",1
8920,"(16435, 64089)",1
8921,"(10967, 34754)",1
8922,"(864, 63541)",1
8923,"(463, 15328)",1
8924,"(463, 44013)",1
8925,"(2681, 67304)",1
8926,"(2169, 64149)",1
8927,"(13208, 64149)",2
8928,"(6519, 19082)",1
8929,"(6519, 65025)",1
8930,"(3474, 19089)",1
8931,"(1380, 67782)",1
8932,"(3614, 67782)",2
8933,"(11393, 67782)",1
8934,"(11668, 67782)",1
8935,"(12754, 67782)",1
8936,"(13866, 67782)",1
8937,"(13872, 67782)",1
8938,"(13971, 67782)",1
8939,"(14755, 67782)",1
8940,"(16784, 26696)",1
8941,"(2051, 16691)",1
8942,"(13804, 26669)",1
8943,"(16408, 26669)",1
8944,"(8741, 8663)",1
8945,"(6163, 64089)",3
8946,"(16567, 63592)",1
8947,"(6519, 19086)",1
8948,"(13259, 19066)",1
8949,"(6170, 30538)",1
8950,"(1994, 67420)",1
8951,"(2681, 67420)",2
8952,"(736, 19063)",1
8953,"(12277, 19063)",1
8954,"(8741, 3509)",1
8955,"(11266, 3509)",1
8956,"(13895, 3509)",1
8957,"(908, 26841)",1
8958,"(1306, 3493)",1
8959,"(1994, 63553)",1
8960,"(14263, 67348)",1
8961,"(5940, 19063)",1
8962,"(11342, 67437)",1
8963,"(70, 63592)",1
8964,"(11107, 63592)",1
8965,"(16576, 63592)",1
8966,"(12009, 66630)",2
8967,"(1178, 34755)",1
8968,"(4616, 64963)",1
8969,"(2681, 26841)",2
8970,"(8741, 26841)",1
8971,"(2681, 15302)",1
8972,"(14248, 26816)",1
8973,"(14248, 67527)",1
8974,"(8699, 67452)",1
8975,"(9686, 67443)",1
8976,"(16827, 67443)",1
8977,"(77, 34743)",1
8978,"(8649, 34701)",1
8979,"(2681, 15336)",1
8980,"(77, 26841)",1
8981,"(9118, 30539)",1
8982,"(5941, 63695)",1
8983,"(9118, 63695)",1
8984,"(2219, 16694)",1
8985,"(16514, 16694)",1
8986,"(16515, 16694)",1
8987,"(16516, 16694)",1
8988,"(16517, 16694)",1
8989,"(16518, 16694)",1
8990,"(16519, 16694)",1
8991,"(16520, 16694)",1
8992,"(16521, 16694)",1
8993,"(16522, 16694)",1
8994,"(16523, 16694)",1
8995,"(16524, 16694)",1
8996,"(16525, 16694)",1
8997,"(5619, 67304)",1
8998,"(13762, 67304)",1
8999,"(77, 67303)",4
9000,"(91, 67303)",3
9001,"(14824, 67304)",1
9002,"(16473, 19061)",1
9003,"(984, 65966)",1
9004,"(13895, 67263)",1
9005,"(11342, 67533)",1
9006,"(2113, 19061)",1
9007,"(623, 63603)",1
9008,"(13629, 19066)",1
9009,"(4341, 19067)",1
9010,"(9512, 19067)",1
9011,"(13901, 19066)",1
9012,"(14241, 64329)",1
9013,"(5941, 52408)",1
9014,"(10325, 19062)",1
9015,"(744, 19060)",1
9016,"(1548, 2130)",1
9017,"(1994, 2130)",1
9018,"(3474, 2130)",1
9019,"(5940, 2130)",1
9020,"(9868, 2130)",1
9021,"(14066, 2130)",1
9022,"(2863, 19066)",1
9023,"(11266, 66223)",2
9024,"(638, 19060)",2
9025,"(3474, 64329)",1
9026,"(2195, 19119)",1
9027,"(2681, 8652)",1
9028,"(3474, 8652)",1
9029,"(1449, 15311)",1
9030,"(5607, 19073)",1
9031,"(14133, 44265)",1
9032,"(16792, 19173)",1
9033,"(5301, 30538)",2
9034,"(2227, 66790)",1
9035,"(6500, 44269)",1
9036,"(3474, 8665)",1
9037,"(399, 19095)",1
9038,"(6437, 44270)",1
9039,"(3352, 19119)",1
9040,"(3352, 63240)",3
9041,"(3474, 63546)",1
9042,"(99, 19060)",1
9043,"(673, 19060)",1
9044,"(2273, 19060)",1
9045,"(13889, 19060)",1
9046,"(13890, 19060)",1
9047,"(14060, 19060)",1
9048,"(14061, 19060)",1
9049,"(14062, 19060)",1
9050,"(16468, 19060)",1
9051,"(77, 67477)",2
9052,"(2681, 63566)",1
9053,"(3474, 63566)",1
9054,"(11212, 16691)",1
9055,"(4460, 65971)",1
9056,"(3474, 26841)",1
9057,"(14237, 22829)",1
9058,"(16595, 22816)",2
9059,"(16596, 22816)",1
9060,"(91, 19162)",1
9061,"(2046, 19085)",1
9062,"(16501, 15332)",1
9063,"(16501, 16694)",1
9064,"(16501, 52406)",1
9065,"(744, 26690)",1
9066,"(77, 15342)",1
9067,"(5649, 15302)",1
9068,"(3622, 19081)",1
9069,"(6780, 63592)",1
9070,"(3474, 19111)",1
9071,"(5485, 19043)",1
9072,"(77, 19165)",1
9073,"(5091, 19165)",1
9074,"(8115, 19165)",1
9075,"(12441, 19165)",1
9076,"(77, 67326)",1
9077,"(14069, 15323)",1
9078,"(11960, 16690)",1
9079,"(13767, 16690)",1
9080,"(13768, 16690)",1
9081,"(462, 19100)",1
9082,"(16581, 44270)",1
9083,"(13852, 64089)",1
9084,"(91, 15341)",1
9085,"(2681, 66511)",1
9086,"(14155, 19143)",1
9087,"(13980, 63571)",1
9088,"(1120, 22806)",1
9089,"(14067, 22806)",1
9090,"(2608, 22814)",1
9091,"(4268, 15340)",1
9092,"(12285, 34743)",1
9093,"(2124, 15332)",1
9094,"(9997, 15332)",1
9095,"(2681, 30537)",3
9096,"(3407, 19139)",1
9097,"(4574, 15340)",1
9098,"(4574, 19080)",1
9099,"(11342, 15340)",1
9100,"(11342, 19080)",1
9101,"(13937, 15340)",1
9102,"(13937, 19080)",1
9103,"(14253, 65759)",1
9104,"(2351, 26669)",1
9105,"(518, 19166)",1
9106,"(918, 19166)",1
9107,"(2351, 19166)",1
9108,"(3139, 19166)",1
9109,"(4619, 19166)",1
9110,"(4635, 19166)",1
9111,"(5864, 19166)",1
9112,"(6773, 19166)",1
9113,"(8388, 19166)",1
9114,"(8413, 19166)",1
9115,"(10800, 19166)",1
9116,"(13813, 19166)",1
9117,"(14206, 19166)",1
9118,"(14207, 19166)",1
9119,"(14208, 19166)",1
9120,"(14209, 19166)",1
9121,"(15233, 19166)",1
9122,"(16768, 19166)",1
9123,"(16769, 19166)",1
9124,"(16770, 19166)",1
9125,"(16771, 19166)",1
9126,"(16772, 19166)",1
9127,"(16773, 19166)",1
9128,"(16774, 19166)",1
9129,"(14018, 67532)",2
9130,"(908, 19043)",1
9131,"(14059, 19060)",1
9132,"(16403, 2065)",1
9133,"(928, 26828)",1
9134,"(2681, 26689)",1
9135,"(12612, 44272)",1
9136,"(14169, 44272)",1
9137,"(14170, 44272)",1
9138,"(16709, 44272)",1
9139,"(16710, 44272)",1
9140,"(77, 67367)",1
9141,"(5935, 67439)",1
9142,"(5147, 67347)",1
9143,"(211, 67439)",1
9144,"(7703, 19104)",1
9145,"(10250, 26810)",1
9146,"(16810, 63602)",1
9147,"(2821, 26818)",1
9148,"(6357, 67439)",1
9149,"(9646, 67452)",2
9150,"(16446, 64758)",1
9151,"(2681, 26838)",1
9152,"(77, 67476)",1
9153,"(6732, 67304)",1
9154,"(3474, 19099)",1
9155,"(9661, 26841)",1
9156,"(16615, 44269)",1
9157,"(2943, 34754)",1
9158,"(15183, 34754)",1
9159,"(2811, 19142)",1
9160,"(4872, 22806)",1
9161,"(15862, 63695)",1
9162,"(1045, 19092)",1
9163,"(6732, 67303)",1
9164,"(77, 66343)",1
9165,"(14132, 67307)",1
9166,"(399, 67418)",1
9167,"(13892, 34701)",1
9168,"(13894, 34701)",1
9169,"(4273, 8636)",1
9170,"(10392, 64089)",1
9171,"(211, 15340)",1
9172,"(10128, 15340)",1
9173,"(12277, 67057)",1
9174,"(3474, 15344)",1
9175,"(3474, 15345)",1
9176,"(77, 64830)",1
9177,"(6521, 67467)",1
9178,"(7005, 67467)",1
9179,"(3474, 34701)",1
9180,"(3101, 26841)",1
9181,"(744, 63541)",1
9182,"(2681, 26816)",3
9183,"(2681, 16693)",1
9184,"(4460, 67057)",1
9185,"(2169, 34754)",1
9186,"(5712, 34754)",2
9187,"(3474, 4199)",1
9188,"(14239, 22830)",1
9189,"(12077, 19129)",1
9190,"(11095, 65864)",1
9191,"(4685, 16691)",1
9192,"(5742, 16691)",1
9193,"(1994, 2050)",1
9194,"(4952, 64370)",1
9195,"(341, 19079)",1
9196,"(5134, 19079)",1
9197,"(7595, 19079)",1
9198,"(2165, 64853)",1
9199,"(8015, 64853)",1
9200,"(5235, 63563)",1
9201,"(14083, 63563)",1
9202,"(13810, 22814)",1
9203,"(9145, 34746)",1
9204,"(6741, 16694)",1
9205,"(10304, 15332)",1
9206,"(6912, 64329)",1
9207,"(16794, 19173)",1
9208,"(16795, 19173)",1
9209,"(12331, 34701)",1
9210,"(12642, 34701)",1
9211,"(13853, 64089)",1
9212,"(16426, 64089)",1
9213,"(908, 63541)",1
9214,"(2681, 26668)",1
9215,"(2681, 8672)",1
9216,"(839, 67598)",1
9217,"(13876, 19045)",1
9218,"(13876, 64329)",1
9219,"(13876, 66223)",1
9220,"(14392, 26833)",1
9221,"(7146, 22829)",1
9222,"(13075, 22829)",1
9223,"(13111, 22829)",1
9224,"(5301, 16691)",1
9225,"(4514, 67353)",1
9226,"(4515, 67353)",1
9227,"(6366, 67452)",1
9228,"(14051, 64089)",1
9229,"(211, 15302)",1
9230,"(10128, 15302)",1
9231,"(2434, 19051)",1
9232,"(13881, 19051)",1
9233,"(13779, 64089)",1
9234,"(9868, 26670)",1
9235,"(13975, 19106)",1
9236,"(13976, 19106)",1
9237,"(1666, 19106)",1
9238,"(15864, 19106)",1
9239,"(3545, 16691)",1
9240,"(16421, 16691)",1
9241,"(16423, 16691)",1
9242,"(1473, 66124)",1
9243,"(1514, 66124)",1
9244,"(16447, 64758)",1
9245,"(13861, 19106)",1
9246,"(16793, 19173)",1
9247,"(16477, 64411)",1
9248,"(536, 2620)",1
9249,"(14790, 2704)",1
9250,"(5121, 26703)",1
9251,"(2681, 2477)",1
9252,"(623, 2754)",1
9253,"(1633, 64338)",1
9254,"(8977, 64762)",1
9255,"(8977, 64765)",1
9256,"(13304, 2642)",1
9257,"(77, 2609)",2
9258,"(6569, 22839)",1
9259,"(3474, 4249)",2
9260,"(2681, 67513)",1
9261,"(3474, 67513)",1
9262,"(2681, 8692)",3
9263,"(14610, 65743)",1
9264,"(14611, 65743)",1
9265,"(14612, 65743)",1
9266,"(14613, 65743)",1
9267,"(14614, 65743)",1
9268,"(14680, 2710)",1
9269,"(2077, 2709)",4
9270,"(5301, 2803)",1
9271,"(4993, 26750)",1
9272,"(8727, 63664)",1
9273,"(12629, 2609)",1
9274,"(5337, 34730)",1
9275,"(1153, 64029)",2
9276,"(6491, 64029)",1
9277,"(6725, 64029)",1
9278,"(16966, 64029)",3
9279,"(16967, 64029)",4
9280,"(16969, 64029)",1
9281,"(16970, 64029)",1
9282,"(14771, 26747)",1
9283,"(3352, 67365)",1
9284,"(8413, 2651)",1
9285,"(9853, 30512)",1
9286,"(2141, 26703)",1
9287,"(16978, 8690)",1
9288,"(10128, 65843)",1
9289,"(634, 65026)",1
9290,"(661, 65026)",1
9291,"(2604, 65026)",1
9292,"(2681, 65026)",1
9293,"(9118, 65026)",1
9294,"(11290, 65026)",1
9295,"(13208, 65026)",1
9296,"(14521, 65026)",1
9297,"(2681, 34717)",1
9298,"(2681, 44061)",1
9299,"(2681, 2615)",1
9300,"(3474, 2615)",1
9301,"(4985, 63648)",1
9302,"(928, 67552)",1
9303,"(1306, 67552)",1
9304,"(2681, 67552)",2
9305,"(3474, 67552)",2
9306,"(2681, 67507)",6
9307,"(5998, 63854)",1
9308,"(9647, 64972)",1
9309,"(3700, 26722)",1
9310,"(10339, 26722)",1
9311,"(11372, 26722)",1
9312,"(14757, 26722)",1
9313,"(14758, 26722)",1
9314,"(14759, 26722)",1
9315,"(1309, 63685)",1
9316,"(12654, 2754)",1
9317,"(2681, 67613)",13
9318,"(13798, 63814)",1
9319,"(861, 22858)",1
9320,"(9853, 22858)",1
9321,"(11692, 22858)",1
9322,"(13882, 22858)",1
9323,"(13883, 22858)",1
9324,"(13884, 22858)",1
9325,"(13885, 22858)",1
9326,"(13886, 22858)",1
9327,"(5643, 2720)",1
9328,"(2201, 19200)",1
9329,"(14808, 2799)",1
9330,"(2681, 67497)",8
9331,"(2681, 63819)",4
9332,"(3474, 8694)",1
9333,"(1994, 19196)",1
9334,"(6230, 19205)",1
9335,"(6437, 19205)",1
9336,"(6384, 19207)",1
9337,"(1191, 2674)",1
9338,"(1191, 2680)",1
9339,"(2946, 2764)",1
9340,"(2964, 67524)",1
9341,"(2190, 67627)",1
9342,"(16897, 63599)",1
9343,"(399, 30513)",1
9344,"(14590, 26686)",1
9345,"(14591, 26686)",1
9346,"(14592, 26686)",1
9347,"(14593, 26686)",1
9348,"(14597, 26686)",1
9349,"(14598, 26686)",1
9350,"(3474, 63810)",2
9351,"(2681, 66283)",1
9352,"(4952, 19195)",1
9353,"(3445, 66228)",1
9354,"(2681, 26767)",1
9355,"(6426, 63822)",1
9356,"(17103, 26713)",1
9357,"(5365, 2708)",1
9358,"(11549, 67597)",1
9359,"(6272, 19217)",2
9360,"(5015, 64289)",1
9361,"(14571, 64289)",1
9362,"(3474, 67501)",4
9363,"(2681, 67508)",4
9364,"(2681, 63820)",2
9365,"(2703, 63687)",2
9366,"(1994, 63853)",1
9367,"(3474, 67507)",2
9368,"(14701, 2750)",1
9369,"(14701, 2751)",1
9370,"(14701, 2763)",1
9371,"(1481, 8701)",2
9372,"(1526, 2799)",3
9373,"(3199, 63861)",1
9374,"(4329, 63610)",1
9375,"(3474, 63637)",1
9376,"(744, 67608)",2
9377,"(338, 2541)",1
9378,"(2681, 63634)",1
9379,"(2681, 2795)",2
9380,"(3474, 63817)",1
9381,"(2681, 2675)",1
9382,"(1045, 67508)",1
9383,"(4268, 67496)",1
9384,"(4268, 67499)",1
9385,"(1939, 63618)",1
9386,"(2681, 63826)",1
9387,"(12448, 63605)",1
9388,"(3474, 63842)",1
9389,"(1866, 26708)",1
9390,"(3474, 67497)",7
9391,"(3474, 63854)",1
9392,"(17074, 63684)",1
9393,"(1035, 67631)",1
9394,"(4746, 26703)",1
9395,"(2950, 67556)",2
9396,"(2681, 63638)",2
9397,"(16869, 63646)",15
9398,"(14520, 2520)",1
9399,"(1045, 4221)",1
9400,"(2681, 2789)",1
9401,"(2681, 63344)",2
9402,"(11440, 67545)",1
9403,"(5301, 4265)",1
9404,"(3474, 19199)",1
9405,"(2681, 64069)",1
9406,"(5360, 66591)",1
9407,"(14863, 22871)",1
9408,"(14863, 26765)",1
9409,"(8113, 64249)",1
9410,"(12795, 64249)",1
9411,"(13824, 64249)",1
9412,"(13825, 64249)",1
9413,"(14722, 64249)",1
9414,"(14723, 64249)",1
9415,"(2379, 63663)",1
9416,"(755, 2806)",2
9417,"(9239, 63688)",2
9418,"(10258, 63393)",1
9419,"(5301, 67613)",1
9420,"(3474, 67499)",3
9421,"(17018, 63687)",1
9422,"(6725, 2634)",1
9423,"(14823, 63856)",1
9424,"(634, 63817)",1
9425,"(1728, 2786)",1
9426,"(3543, 63817)",1
9427,"(832, 2609)",1
9428,"(2561, 19213)",1
9429,"(3524, 2609)",1
9430,"(4574, 2609)",1
9431,"(6163, 19213)",1
9432,"(6834, 2609)",1
9433,"(7937, 2609)",1
9434,"(8810, 2609)",1
9435,"(8881, 2609)",1
9436,"(9247, 2609)",1
9437,"(9407, 2609)",1
9438,"(9407, 65027)",1
9439,"(9661, 2609)",1
9440,"(9737, 2609)",1
9441,"(11290, 2609)",1
9442,"(13831, 2609)",1
9443,"(13832, 2609)",1
9444,"(13833, 2609)",1
9445,"(13834, 2609)",1
9446,"(14530, 2609)",1
9447,"(14531, 2609)",1
9448,"(14532, 2609)",1
9449,"(14533, 2609)",1
9450,"(14534, 2609)",1
9451,"(14535, 2609)",1
9452,"(14536, 2609)",1
9453,"(14537, 2609)",1
9454,"(14538, 2609)",1
9455,"(14539, 2609)",1
9456,"(8106, 2647)",1
9457,"(14554, 2647)",1
9458,"(14801, 2646)",1
9459,"(9889, 67501)",1
9460,"(14824, 63855)",1
9461,"(658, 64289)",1
9462,"(744, 30502)",1
9463,"(744, 64925)",1
9464,"(6569, 30502)",1
9465,"(14746, 26708)",1
9466,"(14741, 26708)",1
9467,"(14786, 63645)",1
9468,"(5087, 4221)",1
9469,"(14731, 26708)",1
9470,"(211, 8679)",1
9471,"(14756, 34719)",1
9472,"(4993, 2648)",1
9473,"(9846, 2648)",1
9474,"(14671, 63647)",1
9475,"(14844, 26708)",1
9476,"(16991, 2647)",1
9477,"(3474, 2654)",1
9478,"(3474, 63686)",1
9479,"(648, 2755)",1
9480,"(3474, 2629)",1
9481,"(8948, 34729)",1
9482,"(3068, 63902)",1
9483,"(3068, 63915)",1
9484,"(399, 4265)",1
9485,"(830, 22848)",1
9486,"(6500, 63902)",1
9487,"(6500, 63915)",1
9488,"(7744, 63599)",2
9489,"(3645, 19216)",1
9490,"(4460, 4238)",1
9491,"(16896, 26686)",1
9492,"(1045, 67506)",1
9493,"(5940, 67500)",1
9494,"(928, 62947)",1
9495,"(1166, 62948)",1
9496,"(12075, 4249)",1
9497,"(14497, 4220)",1
9498,"(585, 15356)",1
9499,"(2681, 63809)",1
9500,"(14793, 2707)",1
9501,"(1931, 19216)",1
9502,"(7095, 19216)",1
9503,"(2681, 26709)",1
9504,"(17095, 26709)",1
9505,"(2032, 15353)",1
9506,"(17042, 4253)",1
9507,"(2863, 22839)",1
9508,"(2681, 63686)",1
9509,"(4930, 19217)",1
9510,"(6626, 19217)",1
9511,"(6637, 19217)",1
9512,"(12795, 19217)",1
9513,"(14723, 19217)",1
9514,"(14754, 19217)",1
9515,"(17105, 19217)",2
9516,"(17106, 19217)",1
9517,"(928, 63847)",1
9518,"(2950, 63684)",1
9519,"(14666, 62952)",1
9520,"(3474, 64389)",1
9521,"(4268, 2794)",2
9522,"(928, 63810)",1
9523,"(5087, 63851)",1
9524,"(2681, 62948)",2
9525,"(5301, 62948)",1
9526,"(12448, 62948)",1
9527,"(2681, 19206)",1
9528,"(3631, 63648)",1
9529,"(2681, 67500)",2
9530,"(2681, 67614)",4
9531,"(14795, 2711)",1
9532,"(3506, 30503)",1
9533,"(3512, 30503)",1
9534,"(14798, 19213)",1
9535,"(10834, 67572)",1
9536,"(2681, 64926)",1
9537,"(3474, 67504)",2
9538,"(6955, 4232)",1
9539,"(3474, 63614)",1
9540,"(5301, 64389)",2
9541,"(6687, 2651)",2
9542,"(2949, 22867)",1
9543,"(399, 64923)",1
9544,"(1385, 63915)",1
9545,"(399, 65094)",1
9546,"(211, 67549)",2
9547,"(2681, 67550)",2
9548,"(3474, 67550)",2
9549,"(7599, 63648)",2
9550,"(948, 62779)",1
9551,"(4745, 62779)",1
9552,"(2120, 2688)",1
9553,"(14688, 62955)",2
9554,"(3474, 67613)",3
9555,"(2231, 63534)",1
9556,"(16910, 65750)",1
9557,"(9545, 65027)",1
9558,"(3474, 62953)",1
9559,"(6909, 4249)",1
9560,"(14817, 2804)",1
9561,"(5941, 19217)",1
9562,"(9118, 19217)",1
9563,"(5706, 63684)",1
9564,"(12793, 67495)",1
9565,"(3352, 63339)",1
9566,"(98, 64232)",1
9567,"(2026, 4232)",1
9568,"(14789, 2609)",1
9569,"(908, 4226)",1
9570,"(3474, 64772)",1
9571,"(3352, 2648)",1
9572,"(14695, 65282)",1
9573,"(14576, 67570)",1
9574,"(14576, 67594)",1
9575,"(10183, 22849)",1
9576,"(13218, 22849)",1
9577,"(908, 64029)",2
9578,"(1011, 64029)",1
9579,"(1166, 64029)",1
9580,"(1579, 64029)",1
9581,"(2235, 64029)",2
9582,"(2668, 64029)",1
9583,"(6170, 64029)",2
9584,"(16968, 64029)",3
9585,"(6511, 2648)",1
9586,"(10350, 67611)",1
9587,"(8747, 63535)",1
9588,"(984, 2795)",1
9589,"(3474, 2653)",2
9590,"(5003, 19208)",1
9591,"(2681, 63824)",3
9592,"(658, 2755)",1
9593,"(6170, 4253)",1
9594,"(14471, 65751)",1
9595,"(16923, 65744)",1
9596,"(9105, 63663)",1
9597,"(3172, 63657)",1
9598,"(2950, 15353)",1
9599,"(6520, 15353)",1
9600,"(16111, 15353)",1
9601,"(2897, 26708)",1
9602,"(14809, 2800)",1
9603,"(1133, 2711)",1
9604,"(14822, 63344)",1
9605,"(11879, 26682)",1
9606,"(12285, 26682)",1
9607,"(13196, 26682)",1
9608,"(14435, 26682)",1
9609,"(14436, 26682)",1
9610,"(14437, 26682)",1
9611,"(14438, 26682)",1
9612,"(14439, 26682)",1
9613,"(1994, 67630)",1
9614,"(2681, 67630)",4
9615,"(2681, 66759)",1
9616,"(2681, 66760)",1
9617,"(2681, 63670)",1
9618,"(2002, 62950)",1
9619,"(861, 2753)",1
9620,"(9645, 2651)",1
9621,"(928, 22856)",1
9622,"(2681, 22856)",1
9623,"(3474, 63846)",4
9624,"(2681, 63606)",1
9625,"(3474, 65099)",1
9626,"(3474, 65097)",2
9627,"(1994, 67501)",2
9628,"(77, 67495)",1
9629,"(77, 67544)",1
9630,"(17069, 2806)",1
9631,"(928, 67496)",1
9632,"(12277, 62950)",1
9633,"(1045, 67500)",1
9634,"(1045, 4249)",1
9635,"(399, 4249)",1
9636,"(1994, 64147)",2
9637,"(1994, 67499)",1
9638,"(11984, 2647)",1
9639,"(14555, 2647)",1
9640,"(1994, 67508)",1
9641,"(5613, 67501)",1
9642,"(2681, 56562)",1
9643,"(3474, 63820)",1
9644,"(2681, 4221)",2
9645,"(2681, 64396)",1
9646,"(2681, 64249)",1
9647,"(14828, 26703)",1
9648,"(14829, 26703)",1
9649,"(3474, 2722)",2
9650,"(2945, 2764)",1
9651,"(2948, 2764)",1
9652,"(2949, 2764)",1
9653,"(2950, 2764)",2
9654,"(2951, 2764)",1
9655,"(2957, 2764)",1
9656,"(8755, 2764)",1
9657,"(14705, 2764)",1
9658,"(1449, 4249)",1
9659,"(346, 63660)",1
9660,"(2230, 64321)",1
9661,"(17019, 63687)",1
9662,"(17020, 63687)",1
9663,"(6192, 63856)",1
9664,"(6863, 64104)",1
9665,"(861, 63851)",1
9666,"(399, 62950)",1
9667,"(1045, 62950)",2
9668,"(9118, 62950)",1
9669,"(1994, 62950)",1
9670,"(1792, 63857)",1
9671,"(1994, 63819)",1
9672,"(1994, 63840)",1
9673,"(1994, 15353)",1
9674,"(2428, 67502)",1
9675,"(2230, 63685)",2
9676,"(1710, 4261)",1
9677,"(2945, 2642)",1
9678,"(5608, 8690)",1
9679,"(14811, 2800)",1
9680,"(3546, 26703)",1
9681,"(3546, 26707)",1
9682,"(3606, 4254)",1
9683,"(17038, 4254)",1
9684,"(5966, 67506)",1
9685,"(3445, 2652)",1
9686,"(1890, 2334)",1
9687,"(3474, 65282)",1
9688,"(9657, 65282)",1
9689,"(15, 15353)",1
9690,"(2681, 63850)",2
9691,"(17100, 22849)",1
9692,"(2681, 4237)",1
9693,"(14442, 26685)",1
9694,"(14443, 26685)",1
9695,"(14444, 26685)",1
9696,"(14444, 34713)",1
9697,"(14445, 26685)",1
9698,"(14445, 34713)",1
9699,"(14446, 26685)",1
9700,"(14446, 34713)",1
9701,"(4952, 63677)",1
9702,"(4952, 63698)",1
9703,"(11262, 26686)",1
9704,"(4887, 63677)",1
9705,"(14665, 63660)",1
9706,"(12218, 4220)",1
9707,"(12218, 19195)",1
9708,"(14621, 4220)",1
9709,"(14621, 19195)",1
9710,"(4268, 2636)",1
9711,"(6128, 67629)",1
9712,"(7945, 2637)",1
9713,"(3260, 22845)",1
9714,"(11905, 22845)",1
9715,"(5301, 8691)",1
9716,"(2681, 63666)",1
9717,"(14687, 62955)",1
9718,"(17050, 62955)",1
9719,"(4887, 63344)",1
9720,"(9258, 66708)",1
9721,"(13208, 63830)",1
9722,"(12143, 26716)",1
9723,"(13359, 26716)",1
9724,"(5648, 4215)",1
9725,"(5648, 4220)",1
9726,"(17000, 8695)",1
9727,"(1764, 62779)",1
9728,"(14490, 19195)",1
9729,"(14491, 19195)",1
9730,"(14492, 19195)",1
9731,"(14493, 19195)",1
9732,"(6667, 2655)",1
9733,"(17083, 30502)",1
9734,"(13881, 63627)",1
9735,"(12421, 26709)",1
9736,"(13627, 26709)",1
9737,"(3474, 4220)",1
9738,"(10279, 4228)",1
9739,"(2681, 2541)",1
9740,"(756, 4228)",1
9741,"(6411, 63817)",1
9742,"(14787, 63644)",1
9743,"(14779, 3373)",1
9744,"(4268, 63618)",1
9745,"(14519, 4228)",1
9746,"(6519, 2789)",1
9747,"(14469, 65612)",1
9748,"(14469, 65839)",1
9749,"(14469, 67639)",1
9750,"(14470, 65612)",1
9751,"(14470, 65839)",1
9752,"(14470, 67639)",1
9753,"(4952, 64328)",1
9754,"(3239, 8691)",1
9755,"(7811, 63856)",1
9756,"(11010, 63856)",1
9757,"(91, 2619)",1
9758,"(9512, 66228)",1
9759,"(399, 67556)",2
9760,"(5613, 67496)",1
9761,"(6187, 67496)",1
9762,"(6194, 67496)",1
9763,"(6170, 67613)",1
9764,"(2681, 67576)",1
9765,"(3474, 67576)",1
9766,"(14776, 34326)",1
9767,"(211, 67548)",1
9768,"(14570, 15375)",1
9769,"(16984, 2630)",1
9770,"(3474, 34728)",1
9771,"(14797, 19213)",1
9772,"(6366, 3367)",1
9773,"(14777, 3367)",1
9774,"(3938, 63665)",1
9775,"(2681, 65100)",2
9776,"(14487, 15353)",1
9777,"(11745, 63821)",1
9778,"(14664, 63688)",1
9779,"(7599, 67691)",9
9780,"(17035, 63648)",1
9781,"(10765, 67506)",1
9782,"(16861, 67506)",1
9783,"(9959, 65282)",1
9784,"(10624, 65282)",1
9785,"(1306, 63693)",1
9786,"(91, 67601)",1
9787,"(673, 67601)",1
9788,"(1994, 2541)",1
9789,"(2002, 2541)",1
9790,"(15029, 67526)",1
9791,"(2412, 2799)",1
9792,"(7447, 63675)",1
9793,"(3474, 4216)",1
9794,"(3474, 63845)",1
9795,"(830, 26682)",1
9796,"(11217, 66248)",2
9797,"(14789, 66248)",1
9798,"(6626, 64249)",1
9799,"(14719, 64249)",1
9800,"(3260, 63344)",1
9801,"(10092, 4232)",1
9802,"(211, 30501)",1
9803,"(12549, 4253)",1
9804,"(3474, 67679)",6
9805,"(2681, 63692)",1
9806,"(14651, 2630)",1
9807,"(14652, 2630)",1
9808,"(14653, 2630)",1
9809,"(14654, 2630)",1
9810,"(14669, 63663)",1
9811,"(14838, 26703)",1
9812,"(6926, 19195)",1
9813,"(14494, 19195)",1
9814,"(14495, 19195)",1
9815,"(5940, 26703)",1
9816,"(14677, 66248)",1
9817,"(5301, 65097)",1
9818,"(830, 26686)",1
9819,"(4341, 22849)",1
9820,"(9512, 22849)",1
9821,"(1374, 4269)",1
9822,"(3474, 62959)",1
9823,"(77, 26703)",1
9824,"(2681, 63842)",1
9825,"(2734, 19217)",1
9826,"(10090, 19217)",1
9827,"(14407, 19217)",1
9828,"(14408, 19217)",1
9829,"(14409, 19217)",1
9830,"(928, 4235)",1
9831,"(5301, 63630)",1
9832,"(12502, 26703)",1
9833,"(14500, 66591)",1
9834,"(14500, 66592)",1
9835,"(155, 30508)",1
9836,"(17027, 15378)",1
9837,"(6356, 2807)",1
9838,"(5941, 2609)",1
9839,"(9118, 2609)",1
9840,"(3474, 67498)",3
9841,"(14412, 67570)",1
9842,"(14412, 67594)",1
9843,"(2608, 34715)",1
9844,"(17082, 34715)",1
9845,"(14625, 4232)",1
9846,"(11943, 63610)",1
9847,"(12037, 22848)",1
9848,"(861, 19189)",1
9849,"(9853, 19189)",2
9850,"(11692, 19189)",1
9851,"(13882, 19189)",1
9852,"(13883, 19189)",1
9853,"(13884, 19189)",1
9854,"(13885, 19189)",1
9855,"(13886, 19189)",1
9856,"(14616, 44456)",1
9857,"(17123, 67522)",1
9858,"(5636, 66183)",1
9859,"(14768, 66183)",1
9860,"(3474, 63694)",1
9861,"(14849, 19217)",1
9862,"(14090, 4229)",1
9863,"(77, 2652)",1
9864,"(2681, 63637)",1
9865,"(5301, 19199)",1
9866,"(3474, 63630)",1
9867,"(1318, 2766)",1
9868,"(3814, 26708)",1
9869,"(3819, 26708)",1
9870,"(3827, 26708)",1
9871,"(2026, 2609)",1
9872,"(17084, 30502)",1
9873,"(4993, 62949)",1
9874,"(2681, 67519)",1
9875,"(9606, 65552)",1
9876,"(928, 63859)",1
9877,"(5301, 63841)",1
9878,"(14806, 2799)",1
9879,"(14807, 2799)",1
9880,"(14813, 2800)",1
9881,"(14713, 2800)",1
9882,"(14714, 2800)",1
9883,"(14715, 2800)",1
9884,"(863, 2611)",1
9885,"(7985, 2800)",1
9886,"(17063, 2800)",1
9887,"(6667, 2788)",1
9888,"(77, 2646)",1
9889,"(6128, 2646)",1
9890,"(11105, 2646)",1
9891,"(14690, 2646)",1
9892,"(2844, 63664)",1
9893,"(11462, 63646)",1
9894,"(17012, 63687)",1
9895,"(17032, 63646)",1
9896,"(2235, 67613)",1
9897,"(8732, 63680)",1
9898,"(3574, 63687)",1
9899,"(3574, 63688)",1
9900,"(10415, 22849)",1
9901,"(17097, 22849)",1
9902,"(17098, 22849)",1
9903,"(14668, 63645)",1
9904,"(14785, 63645)",1
9905,"(17033, 67691)",2
9906,"(3260, 67670)",1
9907,"(2096, 66383)",1
9908,"(6073, 65697)",1
9909,"(15167, 26834)",1
9910,"(77, 67588)",2
9911,"(14594, 67673)",1
9912,"(2742, 65497)",1
9913,"(3164, 56615)",1
9914,"(12190, 26762)",1
9915,"(77, 56601)",2
9916,"(3445, 66383)",2
9917,"(16869, 67691)",26
9918,"(14452, 34671)",1
9919,"(9516, 56587)",1
9920,"(2351, 63707)",1
9921,"(5759, 63707)",1
9922,"(14012, 63707)",1
9923,"(17519, 63707)",1
9924,"(1994, 56425)",1
9925,"(3474, 56425)",1
9926,"(3256, 65512)",1
9927,"(846, 26743)",1
9928,"(4686, 56725)",1
9929,"(14913, 56496)",1
9930,"(17528, 67689)",1
9931,"(17528, 67690)",1
9932,"(1610, 34670)",1
9933,"(2681, 67623)",5
9934,"(3474, 67623)",3
9935,"(5301, 67623)",1
9936,"(744, 63704)",1
9937,"(17405, 26745)",1
9938,"(17405, 64091)",1
9939,"(14956, 56631)",1
9940,"(17232, 63022)",1
9941,"(11996, 67661)",2
9942,"(8080, 26776)",1
9943,"(15153, 26776)",1
9944,"(15154, 26776)",1
9945,"(15155, 26776)",1
9946,"(15156, 26776)",1
9947,"(4567, 26746)",1
9948,"(6720, 26746)",1
9949,"(6732, 26746)",1
9950,"(9183, 26746)",1
9951,"(11293, 26746)",1
9952,"(13877, 26746)",1
9953,"(14889, 26746)",1
9954,"(14890, 26746)",1
9955,"(14891, 26746)",1
9956,"(11605, 56771)",1
9957,"(2681, 56582)",1
9958,"(12285, 44425)",1
9959,"(8081, 65789)",1
9960,"(2681, 67669)",8
9961,"(14265, 34677)",2
9962,"(14265, 63253)",1
9963,"(15182, 67689)",1
9964,"(17529, 67690)",2
9965,"(3474, 56554)",1
9966,"(10128, 62757)",1
9967,"(861, 26743)",2
9968,"(9853, 26743)",2
9969,"(11692, 26743)",2
9970,"(13882, 26743)",2
9971,"(13883, 26743)",2
9972,"(13884, 26743)",2
9973,"(13885, 26743)",2
9974,"(13886, 26743)",2
9975,"(1081, 44251)",1
9976,"(6128, 67475)",1
9977,"(11105, 67475)",1
9978,"(14690, 67475)",1
9979,"(77, 67587)",2
9980,"(908, 56626)",1
9981,"(8948, 56628)",1
9982,"(11443, 56529)",1
9983,"(14981, 56671)",1
9984,"(3474, 64724)",2
9985,"(6187, 64724)",2
9986,"(6194, 64724)",2
9987,"(1960, 64905)",1
9988,"(2681, 64906)",2
9989,"(3352, 64905)",1
9990,"(5941, 64908)",2
9991,"(6194, 64904)",1
9992,"(6626, 64905)",1
9993,"(6720, 64906)",1
9994,"(9118, 64904)",2
9995,"(11293, 64906)",2
9996,"(11342, 64904)",1
9997,"(11342, 64906)",2
9998,"(13937, 64904)",1
9999,"(13937, 64906)",1
10000,"(14888, 64905)",1
10001,"(14889, 64906)",1
10002,"(14890, 64906)",1
10003,"(14891, 64906)",1
10004,"(77, 64903)",3
10005,"(3052, 64903)",2
10006,"(3506, 64903)",1
10007,"(3509, 64903)",1
10008,"(8741, 64903)",1
10009,"(8926, 64903)",1
10010,"(8958, 64903)",1
10011,"(9523, 64903)",2
10012,"(9930, 64903)",1
10013,"(13895, 64903)",4
10014,"(14483, 64903)",1
10015,"(14484, 64903)",1
10016,"(822, 64903)",1
10017,"(2529, 64903)",1
10018,"(1306, 26768)",1
10019,"(1749, 26768)",1
10020,"(5301, 26768)",1
10021,"(77, 26789)",2
10022,"(17296, 56615)",1
10023,"(399, 56628)",1
10024,"(6334, 63355)",2
10025,"(3474, 56772)",1
10026,"(13756, 56588)",1
10027,"(15051, 56588)",1
10028,"(399, 66695)",1
10029,"(12642, 26776)",1
10030,"(13259, 26775)",1
10031,"(984, 56496)",1
10032,"(1236, 62878)",1
10033,"(1520, 56770)",1
10034,"(14950, 56616)",1
10035,"(17274, 56558)",1
10036,"(17274, 56616)",1
10037,"(984, 56627)",2
10038,"(12414, 56497)",1
10039,"(12414, 56498)",1
10040,"(4707, 56558)",1
10041,"(5146, 56616)",1
10042,"(14951, 56616)",1
10043,"(399, 56399)",1
10044,"(10254, 62878)",1
10045,"(11655, 56770)",1
10046,"(518, 56669)",1
10047,"(3352, 56566)",1
10048,"(1530, 56770)",1
10049,"(8943, 56546)",1
10050,"(15193, 56725)",1
10051,"(5301, 56458)",1
10052,"(1994, 64372)",2
10053,"(211, 66383)",1
10054,"(6187, 67874)",2
10055,"(6194, 67874)",1
10056,"(448, 52391)",1
10057,"(9120, 26772)",1
10058,"(17414, 26772)",1
10059,"(5183, 66692)",1
10060,"(12853, 66692)",1
10061,"(14933, 66692)",1
10062,"(6796, 44442)",1
10063,"(211, 64925)",2
10064,"(10128, 64925)",2
10065,"(17180, 63523)",1
10066,"(2986, 26834)",2
10067,"(14254, 66383)",1
10068,"(1886, 34651)",2
10069,"(16339, 67960)",1
10070,"(5087, 62838)",1
10071,"(1939, 67874)",1
10072,"(5301, 56583)",1
10073,"(1169, 67656)",1
10074,"(17196, 56436)",1
10075,"(17196, 56457)",1
10076,"(17196, 65485)",1
10077,"(8918, 66419)",1
10078,"(2483, 64196)",1
10079,"(14925, 56558)",1
10080,"(6752, 56546)",1
10081,"(2499, 40130)",1
10082,"(12799, 56806)",1
10083,"(12799, 56496)",1
10084,"(2483, 56473)",1
10085,"(17501, 26789)",1
10086,"(14490, 66336)",1
10087,"(6754, 65495)",1
10088,"(2209, 56631)",1
10089,"(2681, 26771)",2
10090,"(2681, 44204)",2
10091,"(2681, 44215)",3
10092,"(3474, 56588)",2
10093,"(908, 56800)",1
10094,"(2420, 56770)",1
10095,"(3474, 56494)",1
10096,"(2681, 67655)",2
10097,"(3474, 67630)",3
10098,"(14490, 56562)",1
10099,"(77, 26834)",4
10100,"(2499, 56658)",1
10101,"(5389, 63878)",1
10102,"(175, 65916)",1
10103,"(77, 64224)",1
10104,"(77, 65201)",1
10105,"(1994, 65201)",1
10106,"(2681, 65896)",2
10107,"(5941, 65201)",1
10108,"(6912, 65201)",1
10109,"(9118, 65201)",1
10110,"(10487, 65201)",1
10111,"(14264, 65201)",1
10112,"(2681, 56752)",1
10113,"(2681, 56762)",3
10114,"(9938, 26772)",1
10115,"(2681, 63358)",1
10116,"(7628, 65702)",1
10117,"(14990, 67579)",2
10118,"(91, 56649)",1
10119,"(211, 62818)",1
10120,"(10128, 62818)",1
10121,"(13108, 62818)",1
10122,"(14265, 62818)",1
10123,"(4268, 66215)",1
10124,"(2681, 56558)",2
10125,"(4489, 56746)",1
10126,"(77, 65988)",1
10127,"(77, 66383)",2
10128,"(2681, 65989)",1
10129,"(12277, 64372)",1
10130,"(14178, 64372)",1
10131,"(14179, 64372)",1
10132,"(4102, 44264)",3
10133,"(7224, 67670)",1
10134,"(8728, 44264)",1
10135,"(9560, 44264)",3
10136,"(13876, 44264)",3
10137,"(15401, 44264)",3
10138,"(15741, 44264)",1
10139,"(4268, 64196)",1
10140,"(77, 26780)",1
10141,"(399, 26780)",1
10142,"(5301, 56465)",1
10143,"(2681, 56465)",3
10144,"(2195, 65789)",1
10145,"(211, 56574)",1
10146,"(10128, 56574)",1
10147,"(211, 67703)",1
10148,"(17508, 65613)",1
10149,"(5087, 26776)",1
10150,"(5087, 63468)",1
10151,"(3474, 66027)",1
10152,"(1195, 56600)",1
10153,"(399, 66687)",1
10154,"(1994, 66687)",1
10155,"(5941, 66687)",1
10156,"(6519, 66687)",1
10157,"(7493, 66687)",1
10158,"(9118, 66687)",1
10159,"(14935, 66687)",1
10160,"(1159, 65397)",1
10161,"(2681, 56560)",2
10162,"(2681, 65988)",2
10163,"(4541, 65988)",2
10164,"(7951, 65988)",1
10165,"(9548, 65988)",1
10166,"(14720, 65988)",1
10167,"(14721, 65988)",1
10168,"(13080, 56615)",1
10169,"(1306, 66419)",1
10170,"(1994, 26789)",1
10171,"(3445, 26834)",1
10172,"(6912, 26834)",2
10173,"(2681, 56561)",1
10174,"(15188, 56725)",1
10175,"(17360, 56725)",3
10176,"(199, 56761)",1
10177,"(4122, 56761)",1
10178,"(4127, 56761)",1
10179,"(8506, 56761)",2
10180,"(9028, 56761)",1
10181,"(11603, 56761)",1
10182,"(11879, 56761)",1
10183,"(15086, 56761)",1
10184,"(15088, 56761)",1
10185,"(15091, 56761)",1
10186,"(15092, 56761)",1
10187,"(15093, 56761)",1
10188,"(15094, 56761)",1
10189,"(248, 56649)",1
10190,"(252, 56649)",1
10191,"(4541, 62790)",1
10192,"(15079, 62790)",1
10193,"(17416, 26772)",1
10194,"(1437, 65681)",1
10195,"(1437, 65682)",1
10196,"(6106, 67583)",1
10197,"(9125, 65494)",1
10198,"(9125, 65495)",1
10199,"(6140, 66097)",1
10200,"(10312, 64913)",1
10201,"(11872, 64913)",1
10202,"(15041, 64090)",1
10203,"(15042, 64090)",1
10204,"(15063, 62757)",1
10205,"(5941, 64903)",1
10206,"(6128, 64903)",1
10207,"(9118, 64903)",1
10208,"(11105, 64903)",1
10209,"(14690, 64903)",1
10210,"(8948, 56735)",1
10211,"(928, 67669)",1
10212,"(3474, 67551)",2
10213,"(6192, 56409)",1
10214,"(13108, 63253)",1
10215,"(13196, 56409)",1
10216,"(15006, 65207)",1
10217,"(15006, 67806)",1
10218,"(15694, 67805)",1
10219,"(15822, 67646)",1
10220,"(17166, 67646)",1
10221,"(15096, 56771)",1
10222,"(3250, 56469)",1
10223,"(3270, 56469)",1
10224,"(10175, 56469)",1
10225,"(14401, 56469)",1
10226,"(9626, 65810)",1
10227,"(1087, 26789)",1
10228,"(11487, 26789)",1
10229,"(15245, 26789)",1
10230,"(14262, 56479)",1
10231,"(12238, 56625)",1
10232,"(15061, 56625)",1
10233,"(6411, 65789)",1
10234,"(8663, 56453)",1
10235,"(658, 26842)",1
10236,"(15013, 56458)",1
10237,"(9853, 66571)",1
10238,"(11692, 66571)",1
10239,"(13882, 66571)",1
10240,"(13883, 66571)",1
10241,"(13884, 66571)",1
10242,"(13885, 66571)",1
10243,"(13886, 66571)",1
10244,"(12662, 67579)",1
10245,"(17161, 67579)",2
10246,"(16392, 62789)",1
10247,"(1530, 56657)",1
10248,"(1530, 56664)",1
10249,"(9512, 64403)",1
10250,"(77, 62790)",1
10251,"(91, 62790)",1
10252,"(8064, 62790)",1
10253,"(10325, 62790)",1
10254,"(15075, 62790)",1
10255,"(1045, 26840)",1
10256,"(3172, 66514)",1
10257,"(3645, 56440)",1
10258,"(6671, 56649)",1
10259,"(8948, 56767)",1
10260,"(404, 64196)",1
10261,"(1385, 56672)",1
10262,"(1385, 56807)",1
10263,"(14919, 56546)",1
10264,"(11590, 56767)",1
10265,"(15750, 56450)",2
10266,"(5230, 67695)",1
10267,"(5230, 52393)",1
10268,"(8274, 56615)",1
10269,"(8274, 65497)",1
10270,"(830, 56546)",1
10271,"(830, 65047)",1
10272,"(9989, 56546)",1
10273,"(6752, 30527)",1
10274,"(11590, 56405)",1
10275,"(399, 56402)",1
10276,"(14903, 65681)",1
10277,"(17204, 65681)",1
10278,"(9118, 64172)",1
10279,"(399, 26772)",1
10280,"(3645, 40132)",1
10281,"(3645, 63032)",1
10282,"(785, 56735)",1
10283,"(6670, 56637)",1
10284,"(1169, 65910)",1
10285,"(2483, 56517)",1
10286,"(1772, 56678)",1
10287,"(17372, 56735)",1
10288,"(399, 56592)",1
10289,"(944, 56592)",1
10290,"(1122, 56592)",1
10291,"(2068, 56592)",1
10292,"(3431, 56592)",1
10293,"(14070, 56592)",1
10294,"(17288, 56592)",1
10295,"(8948, 30510)",1
10296,"(3201, 52391)",1
10297,"(10872, 986)",1
10298,"(17174, 974)",1
10299,"(17174, 986)",1
10300,"(17135, 67620)",1
10301,"(1100, 56498)",1
10302,"(15083, 56756)",1
10303,"(1045, 65916)",1
10304,"(15020, 63531)",1
10305,"(15020, 63882)",1
10306,"(5940, 56588)",2
10307,"(5941, 56588)",2
10308,"(984, 67620)",1
10309,"(1045, 66420)",1
10310,"(6752, 63940)",1
10311,"(5246, 64904)",1
10312,"(984, 64719)",1
10313,"(4541, 64718)",1
10314,"(7951, 64718)",1
10315,"(9548, 64718)",1
10316,"(14720, 64718)",1
10317,"(14721, 64718)",1
10318,"(17136, 67620)",1
10319,"(2681, 65911)",1
10320,"(2483, 56558)",2
10321,"(15111, 34725)",1
10322,"(15112, 34725)",1
10323,"(908, 56605)",1
10324,"(2235, 56605)",1
10325,"(2681, 56605)",1
10326,"(3474, 56605)",1
10327,"(9606, 56605)",1
10328,"(3474, 52398)",1
10329,"(2681, 67697)",2
10330,"(5941, 64462)",1
10331,"(2073, 67588)",1
10332,"(17345, 56698)",1
10333,"(4268, 66217)",1
10334,"(2681, 56489)",2
10335,"(14877, 67651)",1
10336,"(755, 64273)",1
10337,"(6708, 63883)",1
10338,"(2681, 65986)",2
10339,"(7937, 64725)",1
10340,"(9737, 64725)",1
10341,"(9737, 64902)",1
10342,"(11290, 64725)",1
10343,"(11290, 64902)",1
10344,"(14530, 64725)",1
10345,"(14530, 64902)",1
10346,"(14531, 64725)",1
10347,"(14531, 64902)",1
10348,"(3645, 56581)",1
10349,"(6752, 56615)",1
10350,"(77, 44277)",3
10351,"(1683, 56800)",1
10352,"(1683, 62824)",1
10353,"(15040, 66686)",1
10354,"(15251, 26834)",1
10355,"(5966, 63354)",1
10356,"(17351, 56713)",1
10357,"(4460, 56693)",1
10358,"(5301, 63909)",1
10359,"(6170, 63909)",1
10360,"(77, 56488)",1
10361,"(14979, 56671)",1
10362,"(2681, 26768)",1
10363,"(15216, 26772)",1
10364,"(107, 66681)",1
10365,"(5351, 66681)",1
10366,"(10323, 66681)",1
10367,"(17207, 66681)",1
10368,"(17208, 66681)",1
10369,"(17209, 66681)",1
10370,"(732, 56485)",1
10371,"(5301, 56425)",1
10372,"(3262, 65986)",1
10373,"(5941, 66455)",1
10374,"(9118, 66455)",1
10375,"(1793, 56583)",1
10376,"(9853, 65704)",1
10377,"(376, 67584)",1
10378,"(15084, 56758)",1
10379,"(17386, 63040)",1
10380,"(2681, 34756)",1
10381,"(15104, 63272)",2
10382,"(16869, 63272)",23
10383,"(984, 56562)",1
10384,"(1153, 56558)",1
10385,"(5301, 56558)",1
10386,"(10106, 65485)",1
10387,"(17197, 65485)",1
10388,"(4460, 56449)",1
10389,"(1084, 56757)",1
10390,"(9171, 56496)",1
10391,"(399, 56546)",1
10392,"(11507, 56637)",1
10393,"(4460, 56546)",1
10394,"(399, 62757)",1
10395,"(399, 56658)",1
10396,"(1045, 67692)",1
10397,"(8960, 64903)",1
10398,"(3352, 64903)",1
10399,"(3445, 64903)",1
10400,"(5087, 64903)",1
10401,"(4991, 56621)",1
10402,"(4991, 63204)",1
10403,"(7005, 66687)",1
10404,"(7005, 66688)",1
10405,"(15, 66419)",1
10406,"(5557, 65911)",1
10407,"(399, 56522)",1
10408,"(399, 56561)",1
10409,"(984, 56561)",1
10410,"(2120, 56649)",1
10411,"(15196, 56756)",1
10412,"(176, 26789)",1
10413,"(4731, 67593)",1
10414,"(12902, 67593)",1
10415,"(14013, 56704)",1
10416,"(2124, 56698)",1
10417,"(7858, 56698)",1
10418,"(13208, 66514)",1
10419,"(77, 66216)",1
10420,"(536, 56672)",1
10421,"(8948, 65488)",1
10422,"(502, 3121)",1
10423,"(517, 63495)",1
10424,"(830, 64049)",1
10425,"(2026, 62789)",1
10426,"(4694, 3519)",1
10427,"(9604, 67810)",1
10428,"(9863, 67810)",1
10429,"(12810, 67810)",1
10430,"(14958, 67810)",1
10431,"(399, 65069)",1
10432,"(11498, 56558)",1
10433,"(1045, 56579)",1
10434,"(15198, 56771)",1
10435,"(10867, 64920)",1
10436,"(12624, 56666)",1
10437,"(17477, 63704)",1
10438,"(17321, 56661)",2
10439,"(17322, 56661)",1
10440,"(17323, 56661)",1
10441,"(15040, 64090)",1
10442,"(77, 26783)",1
10443,"(77, 65837)",1
10444,"(6429, 26783)",1
10445,"(11264, 65837)",1
10446,"(14270, 65837)",1
10447,"(14271, 65837)",1
10448,"(14272, 65837)",1
10449,"(2681, 67698)",1
10450,"(9118, 64372)",1
10451,"(2681, 67015)",4
10452,"(3474, 67015)",1
10453,"(2026, 67673)",1
10454,"(2681, 56483)",1
10455,"(5768, 56399)",1
10456,"(6591, 65110)",1
10457,"(17320, 56658)",1
10458,"(17287, 56592)",1
10459,"(2435, 56631)",1
10460,"(2435, 63159)",1
10461,"(14431, 56456)",1
10462,"(12614, 67584)",1
10463,"(399, 56496)",2
10464,"(15253, 30542)",1
10465,"(15254, 30542)",1
10466,"(14994, 67579)",2
10467,"(15000, 67646)",1
10468,"(14957, 65705)",1
10469,"(508, 34670)",1
10470,"(5941, 26834)",1
10471,"(1994, 67658)",1
10472,"(211, 67686)",1
10473,"(3052, 67686)",1
10474,"(8741, 67686)",1
10475,"(8926, 67686)",1
10476,"(9512, 67761)",1
10477,"(10128, 67686)",1
10478,"(14483, 67686)",1
10479,"(14484, 67686)",1
10480,"(1994, 62790)",1
10481,"(376, 56615)",1
10482,"(2483, 56615)",1
10483,"(2681, 63356)",2
10484,"(3474, 63356)",1
10485,"(12277, 63356)",1
10486,"(14178, 63356)",1
10487,"(14179, 63356)",1
10488,"(6048, 56401)",1
10489,"(5618, 56795)",1
10490,"(5619, 56795)",1
10491,"(11266, 56795)",1
10492,"(13887, 56795)",1
10493,"(5941, 65911)",1
10494,"(5941, 56627)",1
10495,"(6223, 56553)",1
10496,"(6224, 56553)",1
10497,"(6225, 56553)",1
10498,"(7851, 56553)",1
10499,"(10083, 56553)",1
10500,"(2681, 67658)",1
10501,"(2681, 67659)",1
10502,"(8948, 56794)",1
10503,"(77, 26842)",2
10504,"(2681, 67674)",1
10505,"(5966, 26840)",1
10506,"(15181, 67668)",1
10507,"(2529, 64498)",1
10508,"(861, 65696)",1
10509,"(9853, 65696)",1
10510,"(11692, 65696)",1
10511,"(13882, 65696)",1
10512,"(13883, 65696)",1
10513,"(13884, 65696)",1
10514,"(13885, 65696)",1
10515,"(13886, 65696)",1
10516,"(399, 67682)",1
10517,"(3474, 56465)",1
10518,"(4460, 56497)",1
10519,"(3101, 65047)",1
10520,"(7703, 65047)",1
10521,"(1939, 64719)",1
10522,"(6187, 64719)",1
10523,"(4567, 63355)",1
10524,"(6732, 63355)",1
10525,"(9183, 63355)",1
10526,"(13877, 63355)",1
10527,"(2681, 65990)",1
10528,"(11494, 64722)",1
10529,"(77, 67875)",2
10530,"(2681, 63355)",1
10531,"(5941, 64900)",1
10532,"(9118, 64900)",1
10533,"(6187, 64718)",1
10534,"(6194, 64718)",1
10535,"(10313, 67875)",1
10536,"(1994, 67874)",1
10537,"(13218, 56409)",1
10538,"(17218, 56441)",1
10539,"(5941, 64723)",1
10540,"(9118, 64723)",1
10541,"(9157, 56453)",1
10542,"(175, 67053)",1
10543,"(1263, 67053)",1
10544,"(2945, 64527)",1
10545,"(91, 64905)",1
10546,"(399, 64903)",1
10547,"(91, 65988)",1
10548,"(11494, 52397)",1
10549,"(2681, 52389)",1
10550,"(2681, 56546)",1
10551,"(3474, 56546)",1
10552,"(12448, 56546)",1
10553,"(3474, 56480)",1
10554,"(6170, 56737)",1
10555,"(1994, 65986)",1
10556,"(13218, 56453)",1
10557,"(2681, 67553)",1
10558,"(2681, 56578)",1
10559,"(13218, 62828)",1
10560,"(14494, 66420)",1
10561,"(15014, 52391)",1
10562,"(2032, 67620)",1
10563,"(1306, 63703)",1
10564,"(15078, 62790)",1
10565,"(15072, 56698)",1
10566,"(399, 56615)",1
10567,"(4707, 26763)",1
10568,"(6926, 67620)",1
10569,"(6500, 26802)",1
10570,"(2681, 63019)",1
10571,"(3613, 67581)",1
10572,"(12895, 67581)",1
10573,"(9118, 34542)",2
10574,"(6752, 56569)",1
10575,"(399, 65686)",1
10576,"(399, 56757)",1
10577,"(8948, 62757)",1
10578,"(4460, 19081)",1
10579,"(6752, 62938)",1
10580,"(5522, 56449)",1
10581,"(2821, 62789)",1
10582,"(3352, 66429)",1
10583,"(1733, 62903)",1
10584,"(4802, 56546)",1
10585,"(5522, 62938)",1
10586,"(6752, 56698)",1
10587,"(6128, 65499)",1
10588,"(14929, 65499)",1
10589,"(3474, 64718)",2
10590,"(399, 67551)",1
10591,"(2681, 67875)",2
10592,"(3474, 67875)",1
10593,"(6187, 64902)",1
10594,"(928, 64372)",1
10595,"(3474, 65076)",1
10596,"(1045, 52377)",1
10597,"(4460, 67053)",1
10598,"(2676, 65986)",1
10599,"(1994, 67659)",1
10600,"(399, 26798)",1
10601,"(7983, 26768)",1
10602,"(7983, 63454)",1
10603,"(17406, 64091)",1
10604,"(4952, 63354)",1
10605,"(908, 65016)",1
10606,"(2910, 65893)",1
10607,"(3474, 63978)",1
10608,"(399, 64372)",1
10609,"(15071, 62822)",1
10610,"(984, 44251)",1
10611,"(463, 64498)",1
10612,"(77, 64575)",1
10613,"(8243, 56558)",1
10614,"(8290, 56558)",1
10615,"(2026, 64572)",1
10616,"(2026, 67696)",1
10617,"(14892, 64955)",1
10618,"(14893, 64955)",1
10619,"(14894, 64955)",1
10620,"(14895, 64955)",1
10621,"(928, 56564)",1
10622,"(11346, 63885)",2
10623,"(17511, 65991)",1
10624,"(8435, 67620)",1
10625,"(1278, 65986)",1
10626,"(14885, 56419)",1
10627,"(11351, 56558)",1
10628,"(890, 56628)",1
10629,"(17294, 56615)",1
10630,"(6170, 26766)",1
10631,"(2681, 64049)",1
10632,"(77, 66184)",1
10633,"(6519, 56582)",1
10634,"(1960, 64569)",2
10635,"(13888, 64568)",2
10636,"(278, 65985)",1
10637,"(465, 65985)",1
10638,"(861, 65985)",1
10639,"(5087, 44345)",1
10640,"(5183, 65985)",1
10641,"(6128, 65985)",1
10642,"(9853, 65985)",1
10643,"(11105, 65985)",1
10644,"(11692, 65985)",1
10645,"(12096, 65985)",1
10646,"(12853, 65985)",1
10647,"(13180, 65985)",1
10648,"(13882, 65985)",1
10649,"(13883, 65985)",1
10650,"(13884, 65985)",1
10651,"(13885, 65985)",1
10652,"(13886, 65985)",1
10653,"(14690, 65985)",1
10654,"(14933, 65985)",1
10655,"(14941, 65985)",1
10656,"(17343, 62938)",1
10657,"(2483, 56735)",1
10658,"(5768, 56735)",1
10659,"(12872, 56735)",1
10660,"(2489, 67620)",1
10661,"(4969, 56398)",1
10662,"(17153, 67642)",1
10663,"(11243, 56432)",1
10664,"(2681, 56800)",1
10665,"(984, 66262)",1
10666,"(77, 56597)",1
10667,"(928, 56600)",1
10668,"(13218, 52391)",1
10669,"(14918, 56546)",1
10670,"(8080, 65789)",1
10671,"(11905, 67622)",1
10672,"(14874, 67622)",1
10673,"(16214, 67622)",1
10674,"(1315, 67588)",1
10675,"(16172, 67586)",1
10676,"(16172, 67588)",1
10677,"(8044, 56625)",1
10678,"(2681, 56564)",2
10679,"(77, 56489)",1
10680,"(13278, 67579)",3
10681,"(9653, 66442)",1
10682,"(12642, 19080)",1
10683,"(3554, 34671)",1
10684,"(15248, 26842)",1
10685,"(5087, 67810)",1
10686,"(5092, 67810)",1
10687,"(5139, 67810)",1
10688,"(5150, 67810)",1
10689,"(5158, 67810)",1
10690,"(15256, 67668)",1
10691,"(15257, 67668)",1
10692,"(2681, 67704)",2
10693,"(744, 56753)",1
10694,"(3078, 63937)",1
10695,"(14875, 67624)",1
10696,"(1045, 26789)",1
10697,"(2112, 26789)",1
10698,"(2115, 26789)",1
10699,"(2231, 26789)",1
10700,"(2803, 26789)",1
10701,"(3443, 26789)",1
10702,"(3445, 26789)",1
10703,"(8747, 26789)",1
10704,"(10464, 26789)",1
10705,"(17495, 26789)",1
10706,"(17496, 26789)",1
10707,"(17497, 26789)",1
10708,"(17498, 26789)",1
10709,"(211, 64913)",1
10710,"(211, 64914)",1
10711,"(4567, 65690)",1
10712,"(6732, 65690)",1
10713,"(9183, 65690)",1
10714,"(9523, 65690)",1
10715,"(12871, 64903)",1
10716,"(12871, 65690)",1
10717,"(13877, 65690)",1
10718,"(13895, 65690)",3
10719,"(5941, 65486)",1
10720,"(9118, 65486)",1
10721,"(11494, 64903)",1
10722,"(984, 62821)",1
10723,"(2681, 62821)",1
10724,"(2945, 62821)",1
10725,"(6356, 64372)",1
10726,"(2681, 56480)",1
10727,"(14872, 67622)",1
10728,"(77, 67665)",1
10729,"(9118, 56627)",1
10730,"(5087, 56402)",1
10731,"(2026, 56445)",1
10732,"(2026, 64577)",1
10733,"(11484, 44251)",1
10734,"(14917, 44251)",1
10735,"(3474, 26762)",2
10736,"(3260, 63020)",1
10737,"(14418, 63020)",1
10738,"(211, 66687)",1
10739,"(211, 66688)",1
10740,"(211, 66690)",1
10741,"(10128, 66687)",1
10742,"(10128, 66688)",1
10743,"(10128, 66690)",1
10744,"(3474, 52372)",1
10745,"(399, 65985)",1
10746,"(9118, 64908)",1
10747,"(861, 64498)",1
10748,"(2681, 65758)",1
10749,"(3474, 65758)",1
10750,"(5941, 64196)",1
10751,"(9118, 64196)",1
10752,"(1994, 56600)",2
10753,"(3442, 56704)",1
10754,"(545, 62878)",1
10755,"(6425, 44277)",1
10756,"(77, 56496)",1
10757,"(9863, 56548)",1
10758,"(9863, 56631)",1
10759,"(14934, 66687)",1
10760,"(11484, 66566)",1
10761,"(14410, 66566)",1
10762,"(14871, 67622)",1
10763,"(14871, 67624)",1
10764,"(14876, 67624)",1
10765,"(4341, 26788)",1
10766,"(9512, 26788)",1
10767,"(17400, 44277)",1
10768,"(8290, 30545)",1
10769,"(2197, 56616)",1
10770,"(17206, 66550)",1
10771,"(3474, 52402)",1
10772,"(3474, 56561)",1
10773,"(6671, 56637)",1
10774,"(3474, 66371)",1
10775,"(175, 56564)",1
10776,"(3474, 56759)",1
10777,"(3474, 56762)",1
10778,"(3474, 56798)",1
10779,"(211, 66971)",1
10780,"(4341, 66971)",1
10781,"(3101, 44425)",1
10782,"(623, 52391)",1
10783,"(15081, 56770)",1
10784,"(15081, 62878)",1
10785,"(4952, 26774)",1
10786,"(6411, 26774)",1
10787,"(77, 64557)",1
10788,"(7264, 63448)",1
10789,"(2681, 67702)",1
10790,"(5941, 65695)",1
10791,"(6187, 65695)",1
10792,"(6194, 65695)",1
10793,"(8929, 65695)",1
10794,"(9118, 65695)",1
10795,"(15007, 65695)",1
10796,"(263, 65705)",1
10797,"(3474, 64578)",1
10798,"(2026, 67622)",1
10799,"(2026, 67624)",1
10800,"(2194, 56576)",1
10801,"(5386, 63708)",1
10802,"(13271, 67584)",1
10803,"(17476, 63704)",1
10804,"(5518, 56628)",1
10805,"(9512, 56628)",1
10806,"(10128, 56628)",1
10807,"(4952, 56579)",1
10808,"(11886, 56579)",1
10809,"(14494, 56579)",1
10810,"(3506, 56453)",1
10811,"(15008, 56453)",1
10812,"(15010, 56453)",1
10813,"(9511, 56529)",1
10814,"(14734, 56704)",1
10815,"(3126, 56590)",1
10816,"(17402, 63981)",1
10817,"(3445, 56570)",1
10818,"(11234, 56570)",1
10819,"(13797, 56570)",1
10820,"(13798, 56570)",1
10821,"(13800, 56570)",1
10822,"(13801, 56570)",1
10823,"(13802, 56570)",1
10824,"(14132, 56570)",1
10825,"(14942, 56570)",1
10826,"(14943, 56570)",1
10827,"(14944, 56570)",1
10828,"(77, 56529)",1
10829,"(908, 62937)",1
10830,"(6192, 65789)",1
10831,"(17213, 66686)",1
10832,"(984, 65111)",1
10833,"(17518, 63707)",1
10834,"(77, 65989)",1
10835,"(2681, 66262)",1
10836,"(2308, 63019)",1
10837,"(17393, 63272)",1
10838,"(984, 56625)",1
10839,"(623, 62941)",1
10840,"(623, 64597)",1
10841,"(13081, 65322)",1
10842,"(1370, 66777)",1
10843,"(3102, 64597)",1
10844,"(2489, 63160)",1
10845,"(9073, 63160)",1
10846,"(13912, 63160)",1
10847,"(13913, 63160)",1
10848,"(13914, 63160)",1
10849,"(15355, 63160)",1
10850,"(6170, 63054)",1
10851,"(15423, 63175)",1
10852,"(2681, 52392)",2
10853,"(3474, 52392)",2
10854,"(10128, 64593)",1
10855,"(2681, 63074)",2
10856,"(9512, 66696)",1
10857,"(15161, 65090)",1
10858,"(9311, 63147)",1
10859,"(15492, 67755)",1
10860,"(744, 63051)",1
10861,"(15259, 67723)",1
10862,"(6687, 63272)",2
10863,"(9645, 63272)",2
10864,"(9648, 63272)",2
10865,"(17704, 63272)",1
10866,"(2945, 63118)",1
10867,"(13208, 63118)",1
10868,"(11430, 62916)",1
10869,"(12870, 62894)",1
10870,"(12870, 62916)",1
10871,"(15319, 62916)",1
10872,"(6912, 63166)",2
10873,"(10487, 63166)",2
10874,"(14264, 63166)",2
10875,"(15314, 62858)",1
10876,"(5812, 62842)",1
10877,"(928, 63047)",1
10878,"(908, 62819)",1
10879,"(1749, 62819)",1
10880,"(2681, 62819)",2
10881,"(3474, 62819)",1
10882,"(4872, 62819)",1
10883,"(4952, 62819)",1
10884,"(5301, 62819)",1
10885,"(5540, 62819)",1
10886,"(6650, 62819)",1
10887,"(12656, 62819)",1
10888,"(6170, 67680)",1
10889,"(1939, 56822)",1
10890,"(2681, 56687)",1
10891,"(7951, 66369)",1
10892,"(9118, 56687)",1
10893,"(15342, 65409)",1
10894,"(9661, 66369)",1
10895,"(5616, 67035)",1
10896,"(3645, 64592)",3
10897,"(2681, 63450)",1
10898,"(2681, 67736)",4
10899,"(4889, 62916)",1
10900,"(17576, 64406)",1
10901,"(2681, 62869)",1
10902,"(11692, 63051)",1
10903,"(5941, 63157)",1
10904,"(5998, 63157)",1
10905,"(9118, 63157)",1
10906,"(2387, 63152)",1
10907,"(15417, 63152)",1
10908,"(5301, 63054)",1
10909,"(15289, 56655)",1
10910,"(77, 63057)",1
10911,"(861, 63057)",1
10912,"(2124, 63057)",1
10913,"(5015, 63057)",1
10914,"(6379, 63057)",1
10915,"(8413, 63057)",1
10916,"(9853, 63057)",1
10917,"(9997, 63057)",1
10918,"(11692, 63057)",1
10919,"(13813, 63057)",1
10920,"(13882, 63057)",1
10921,"(13883, 63057)",1
10922,"(13884, 63057)",1
10923,"(13885, 63057)",1
10924,"(13886, 63057)",1
10925,"(2665, 3102)",1
10926,"(2665, 3663)",1
10927,"(2665, 34500)",1
10928,"(2665, 56658)",1
10929,"(2665, 62943)",4
10930,"(7895, 62941)",1
10931,"(8563, 62941)",1
10932,"(8598, 62941)",1
10933,"(9889, 62941)",1
10934,"(15463, 62941)",1
10935,"(399, 63161)",2
10936,"(3068, 62889)",1
10937,"(786, 62895)",1
10938,"(8948, 63147)",1
10939,"(6500, 62819)",1
10940,"(17622, 66977)",1
10941,"(17623, 66977)",1
10942,"(17624, 66977)",1
10943,"(2681, 67502)",1
10944,"(2681, 67504)",1
10945,"(2681, 67684)",3
10946,"(2681, 67685)",1
10947,"(15460, 62851)",1
10948,"(17633, 56820)",1
10949,"(17635, 56820)",1
10950,"(17636, 56820)",1
10951,"(10434, 64334)",2
10952,"(14359, 63932)",2
10953,"(2681, 64735)",1
10954,"(2681, 67679)",2
10955,"(3474, 63173)",1
10956,"(5940, 56655)",1
10957,"(3474, 67653)",1
10958,"(1994, 44250)",2
10959,"(2002, 52383)",1
10960,"(691, 65716)",1
10961,"(2897, 65716)",1
10962,"(3831, 65716)",3
10963,"(4582, 65716)",1
10964,"(8058, 65716)",1
10965,"(13631, 65716)",1
10966,"(4899, 62882)",1
10967,"(211, 56645)",1
10968,"(3352, 56645)",1
10969,"(4341, 56645)",1
10970,"(9512, 56645)",1
10971,"(15441, 56645)",1
10972,"(8982, 64469)",1
10973,"(13010, 63096)",1
10974,"(77, 67720)",2
10975,"(13108, 62939)",1
10976,"(77, 56645)",3
10977,"(6912, 56645)",2
10978,"(399, 64515)",1
10979,"(2681, 63159)",2
10980,"(399, 63052)",1
10981,"(1318, 63052)",1
10982,"(2374, 56646)",1
10983,"(3474, 62837)",2
10984,"(4574, 62939)",1
10985,"(2947, 63079)",2
10986,"(15398, 64098)",1
10987,"(15328, 63044)",1
10988,"(15329, 63044)",1
10989,"(7151, 62916)",1
10990,"(10607, 62916)",1
10991,"(14458, 62916)",1
10992,"(14459, 62916)",1
10993,"(14460, 62916)",1
10994,"(15472, 62880)",1
10995,"(4895, 63461)",1
10996,"(6524, 63159)",1
10997,"(15493, 63159)",1
10998,"(6170, 65076)",1
10999,"(11649, 63272)",1
11000,"(12113, 66369)",1
11001,"(14894, 34687)",1
11002,"(14894, 62814)",1
11003,"(15358, 62774)",1
11004,"(8810, 62880)",1
11005,"(8699, 63156)",2
11006,"(15419, 63156)",1
11007,"(15420, 63156)",1
11008,"(15471, 66113)",1
11009,"(199, 62814)",1
11010,"(199, 63452)",1
11011,"(17663, 62814)",1
11012,"(17663, 63452)",1
11013,"(984, 62773)",2
11014,"(15489, 62773)",1
11015,"(15490, 62773)",1
11016,"(944, 34681)",1
11017,"(944, 62893)",1
11018,"(11735, 34681)",1
11019,"(11735, 62893)",1
11020,"(15447, 34681)",1
11021,"(15447, 62893)",1
11022,"(2026, 64435)",1
11023,"(522, 62901)",1
11024,"(2725, 62901)",1
11025,"(2080, 63461)",1
11026,"(10121, 66105)",1
11027,"(15311, 66105)",1
11028,"(13208, 62847)",1
11029,"(508, 62766)",1
11030,"(13530, 64099)",1
11031,"(1005, 64895)",1
11032,"(3491, 64895)",1
11033,"(4446, 64894)",1
11034,"(5738, 64892)",1
11035,"(7021, 64894)",1
11036,"(7021, 64895)",1
11037,"(8382, 62944)",1
11038,"(10810, 64894)",1
11039,"(11074, 64894)",1
11040,"(11696, 64892)",1
11041,"(12609, 64895)",1
11042,"(13399, 64892)",1
11043,"(13864, 64894)",1
11044,"(14553, 64892)",1
11045,"(15168, 64894)",1
11046,"(15257, 64895)",1
11047,"(15805, 64895)",1
11048,"(15806, 64895)",1
11049,"(15807, 64895)",1
11050,"(15938, 64892)",1
11051,"(15939, 64892)",1
11052,"(15940, 64892)",1
11053,"(15941, 64892)",1
11054,"(15942, 64892)",1
11055,"(15943, 64892)",1
11056,"(2681, 62916)",1
11057,"(9613, 62916)",1
11058,"(2681, 63522)",2
11059,"(15301, 62864)",1
11060,"(399, 62770)",1
11061,"(399, 62835)",1
11062,"(399, 63076)",2
11063,"(4856, 64244)",1
11064,"(4856, 64294)",1
11065,"(830, 62774)",1
11066,"(4550, 62943)",1
11067,"(3201, 63050)",1
11068,"(4700, 62888)",1
11069,"(399, 63047)",1
11070,"(4460, 63050)",3
11071,"(332, 63147)",1
11072,"(399, 56811)",1
11073,"(5535, 62880)",1
11074,"(11009, 62944)",1
11075,"(399, 62893)",1
11076,"(9850, 56820)",1
11077,"(1318, 65936)",1
11078,"(6752, 56646)",1
11079,"(399, 64591)",1
11080,"(399, 63178)",2
11081,"(3101, 62864)",1
11082,"(399, 63082)",2
11083,"(1426, 56721)",1
11084,"(506, 63047)",1
11085,"(2687, 63050)",1
11086,"(399, 63147)",1
11087,"(414, 63147)",1
11088,"(658, 63147)",1
11089,"(2483, 63147)",1
11090,"(3101, 63147)",1
11091,"(4056, 63147)",1
11092,"(6140, 63147)",1
11093,"(7951, 63147)",1
11094,"(9118, 63195)",1
11095,"(13208, 63147)",1
11096,"(333, 62779)",1
11097,"(399, 56655)",2
11098,"(1318, 56655)",1
11099,"(4802, 56655)",1
11100,"(4982, 56655)",1
11101,"(5768, 56655)",1
11102,"(6671, 56655)",1
11103,"(8948, 56655)",1
11104,"(3474, 67710)",1
11105,"(3474, 67716)",1
11106,"(2681, 64730)",1
11107,"(5941, 62787)",1
11108,"(5941, 62931)",1
11109,"(9118, 62787)",1
11110,"(9118, 62931)",1
11111,"(2681, 56743)",3
11112,"(3164, 63161)",1
11113,"(2681, 65259)",2
11114,"(2681, 63045)",1
11115,"(7762, 63096)",1
11116,"(2681, 63516)",2
11117,"(944, 62934)",1
11118,"(3645, 62934)",1
11119,"(2133, 62842)",1
11120,"(2681, 63151)",1
11121,"(15306, 66098)",1
11122,"(10339, 63143)",1
11123,"(2681, 64737)",1
11124,"(6708, 64961)",1
11125,"(15325, 62890)",1
11126,"(17548, 56648)",1
11127,"(10688, 62779)",1
11128,"(2681, 62862)",1
11129,"(2681, 67720)",2
11130,"(3474, 67720)",3
11131,"(2080, 63157)",1
11132,"(6194, 62969)",1
11133,"(14017, 67433)",1
11134,"(3352, 56692)",1
11135,"(12642, 63444)",1
11136,"(10092, 65213)",1
11137,"(13775, 56646)",1
11138,"(9333, 62880)",1
11139,"(4341, 65216)",1
11140,"(9512, 3471)",1
11141,"(9512, 65216)",1
11142,"(6128, 62842)",2
11143,"(2320, 62872)",1
11144,"(2322, 62872)",1
11145,"(5472, 62872)",1
11146,"(830, 62770)",1
11147,"(2269, 62770)",1
11148,"(2773, 65503)",1
11149,"(830, 64099)",1
11150,"(17573, 63945)",1
11151,"(3076, 66552)",1
11152,"(8886, 56648)",1
11153,"(830, 62779)",1
11154,"(15475, 62879)",1
11155,"(8948, 56648)",2
11156,"(11515, 62845)",1
11157,"(2681, 63081)",1
11158,"(6170, 62862)",1
11159,"(15941, 62792)",1
11160,"(2522, 62944)",1
11161,"(211, 67721)",1
11162,"(3506, 67721)",1
11163,"(9512, 67721)",1
11164,"(9512, 67762)",1
11165,"(4574, 63461)",1
11166,"(4574, 67757)",1
11167,"(11342, 63461)",1
11168,"(11342, 67757)",1
11169,"(13937, 63461)",1
11170,"(13937, 67757)",1
11171,"(2950, 44128)",1
11172,"(17051, 62883)",1
11173,"(17532, 67730)",1
11174,"(915, 56820)",1
11175,"(5941, 63074)",1
11176,"(2400, 66099)",1
11177,"(5479, 66098)",1
11178,"(15084, 65213)",1
11179,"(2483, 40080)",1
11180,"(2483, 67717)",1
11181,"(9073, 67717)",1
11182,"(9073, 67718)",1
11183,"(15288, 56655)",1
11184,"(2681, 64732)",1
11185,"(2681, 64734)",1
11186,"(5301, 56810)",2
11187,"(3474, 63146)",5
11188,"(9766, 62850)",1
11189,"(7703, 63178)",1
11190,"(10128, 65320)",1
11191,"(77, 56808)",2
11192,"(399, 64592)",1
11193,"(3101, 64592)",1
11194,"(2681, 56820)",1
11195,"(744, 62761)",1
11196,"(14452, 56820)",1
11197,"(2687, 62779)",1
11198,"(13763, 62843)",1
11199,"(12810, 62792)",1
11200,"(12810, 63125)",1
11201,"(399, 64594)",1
11202,"(15318, 56808)",1
11203,"(15312, 66105)",1
11204,"(3474, 64468)",1
11205,"(399, 52392)",1
11206,"(9118, 65912)",1
11207,"(6225, 52349)",1
11208,"(211, 63054)",1
11209,"(2681, 67645)",1
11210,"(2681, 67718)",1
11211,"(744, 67732)",1
11212,"(2681, 62941)",2
11213,"(2681, 62942)",1
11214,"(399, 52310)",1
11215,"(4889, 52392)",1
11216,"(77, 62902)",1
11217,"(1087, 65406)",1
11218,"(5649, 62814)",1
11219,"(13096, 56814)",2
11220,"(399, 67748)",2
11221,"(399, 67681)",1
11222,"(1204, 67682)",1
11223,"(15261, 67727)",1
11224,"(3474, 62933)",1
11225,"(2681, 56741)",1
11226,"(2681, 62913)",1
11227,"(2949, 62941)",1
11228,"(11332, 62941)",1
11229,"(4952, 66581)",1
11230,"(9430, 62880)",1
11231,"(11522, 63152)",1
11232,"(15413, 63152)",1
11233,"(15414, 63152)",1
11234,"(15415, 63152)",1
11235,"(4952, 62888)",1
11236,"(17295, 67751)",1
11237,"(6200, 64583)",1
11238,"(4460, 56648)",1
11239,"(830, 62803)",1
11240,"(6500, 63050)",1
11241,"(8608, 64134)",1
11242,"(399, 67720)",1
11243,"(7703, 44320)",1
11244,"(8948, 56689)",1
11245,"(2483, 56824)",1
11246,"(11931, 52207)",1
11247,"(11931, 56820)",1
11248,"(15354, 62761)",1
11249,"(15354, 63076)",1
11250,"(2322, 62779)",1
11251,"(2322, 65719)",1
11252,"(3076, 62773)",1
11253,"(6752, 63475)",1
11254,"(6752, 63145)",1
11255,"(2681, 56832)",1
11256,"(5608, 62851)",1
11257,"(2080, 63148)",1
11258,"(15307, 38403)",1
11259,"(1841, 56688)",1
11260,"(11587, 56688)",1
11261,"(17647, 62879)",1
11262,"(3700, 56808)",1
11263,"(10339, 56808)",1
11264,"(11372, 56808)",1
11265,"(14757, 56808)",1
11266,"(14758, 56808)",1
11267,"(14759, 56808)",1
11268,"(625, 66369)",1
11269,"(15469, 66369)",1
11270,"(5265, 63272)",1
11271,"(17705, 63272)",1
11272,"(15456, 65716)",1
11273,"(399, 62895)",1
11274,"(6500, 63960)",1
11275,"(2681, 63490)",2
11276,"(941, 56688)",1
11277,"(3474, 65933)",1
11278,"(861, 62772)",1
11279,"(9853, 62772)",1
11280,"(11692, 62772)",1
11281,"(13882, 62772)",1
11282,"(13883, 62772)",1
11283,"(13884, 62772)",1
11284,"(13885, 62772)",1
11285,"(13886, 62772)",1
11286,"(4268, 62912)",1
11287,"(11817, 62913)",1
11288,"(2681, 62787)",1
11289,"(5301, 62787)",1
11290,"(3270, 63159)",1
11291,"(4952, 63475)",1
11292,"(5301, 62880)",1
11293,"(6187, 63054)",1
11294,"(3593, 62841)",1
11295,"(77, 62926)",1
11296,"(2681, 67717)",3
11297,"(5940, 40079)",1
11298,"(5940, 67717)",1
11299,"(13910, 67720)",1
11300,"(2483, 67739)",1
11301,"(10128, 66898)",1
11302,"(4952, 63157)",1
11303,"(399, 56814)",1
11304,"(15265, 64677)",1
11305,"(9470, 63170)",1
11306,"(9470, 63479)",1
11307,"(6524, 62941)",1
11308,"(2947, 62842)",1
11309,"(11458, 62883)",1
11310,"(5301, 56655)",1
11311,"(15326, 62928)",1
11312,"(6379, 63169)",1
11313,"(2681, 63473)",1
11314,"(9175, 62864)",1
11315,"(1841, 65500)",1
11316,"(2773, 62879)",1
11317,"(6520, 62916)",1
11318,"(4707, 56673)",1
11319,"(211, 56809)",1
11320,"(6671, 65912)",1
11321,"(8733, 62880)",1
11322,"(908, 62969)",1
11323,"(77, 62814)",1
11324,"(200, 62814)",1
11325,"(12794, 62814)",1
11326,"(15357, 62814)",1
11327,"(10117, 66103)",1
11328,"(17678, 63079)",1
11329,"(4460, 62895)",1
11330,"(13208, 62842)",1
11331,"(2499, 62879)",1
11332,"(3352, 64529)",1
11333,"(15273, 64528)",1
11334,"(15273, 64530)",1
11335,"(2011, 62885)",1
11336,"(2950, 65320)",1
11337,"(2483, 62842)",1
11338,"(15297, 56697)",1
11339,"(3474, 67717)",3
11340,"(2173, 62879)",1
11341,"(5960, 44367)",1
11342,"(1994, 63158)",1
11343,"(3474, 62888)",1
11344,"(3445, 65320)",1
11345,"(4267, 63146)",1
11346,"(5988, 63951)",1
11347,"(8948, 63050)",1
11348,"(648, 62883)",1
11349,"(3352, 62883)",1
11350,"(15324, 62883)",1
11351,"(164, 56816)",1
11352,"(2681, 62773)",1
11353,"(8413, 63272)",1
11354,"(9641, 63272)",1
11355,"(9643, 63272)",1
11356,"(4919, 63272)",1
11357,"(5005, 63272)",1
11358,"(6548, 63272)",1
11359,"(8720, 63272)",1
11360,"(98, 34496)",1
11361,"(15314, 34496)",1
11362,"(1994, 63513)",1
11363,"(1218, 34439)",1
11364,"(1749, 34491)",2
11365,"(12172, 30456)",1
11366,"(1045, 34464)",1
11367,"(822, 63488)",1
11368,"(457, 63468)",1
11369,"(6626, 63483)",1
11370,"(17732, 34451)",2
11371,"(1873, 63218)",1
11372,"(17831, 67810)",1
11373,"(200, 34455)",1
11374,"(4832, 64787)",1
11375,"(15687, 64787)",1
11376,"(15691, 40035)",1
11377,"(4359, 64268)",1
11378,"(2668, 64189)",1
11379,"(908, 34491)",1
11380,"(211, 67303)",1
11381,"(10128, 67303)",1
11382,"(7005, 63245)",1
11383,"(15709, 66903)",1
11384,"(399, 34508)",1
11385,"(399, 34506)",3
11386,"(77, 30454)",1
11387,"(14262, 30454)",1
11388,"(14262, 63211)",1
11389,"(8878, 34451)",1
11390,"(8878, 34470)",1
11391,"(17734, 34451)",1
11392,"(17957, 67818)",1
11393,"(77, 63154)",1
11394,"(6834, 63504)",1
11395,"(5301, 63456)",1
11396,"(3474, 63248)",2
11397,"(3474, 56847)",1
11398,"(5301, 56847)",1
11399,"(77, 63495)",1
11400,"(2949, 63107)",1
11401,"(6520, 63107)",1
11402,"(7005, 63107)",1
11403,"(399, 63129)",1
11404,"(399, 34503)",1
11405,"(861, 67823)",1
11406,"(10633, 67823)",1
11407,"(6192, 67792)",1
11408,"(7564, 66429)",1
11409,"(5301, 63268)",1
11410,"(2681, 67763)",3
11411,"(17773, 34500)",1
11412,"(2821, 63209)",1
11413,"(11266, 63209)",1
11414,"(91, 52414)",1
11415,"(2681, 64258)",4
11416,"(3474, 64258)",4
11417,"(2681, 63500)",4
11418,"(2681, 63122)",1
11419,"(11905, 67780)",1
11420,"(17958, 67817)",1
11421,"(2181, 67782)",1
11422,"(9383, 67782)",1
11423,"(16117, 67782)",1
11424,"(5941, 30456)",1
11425,"(9118, 30456)",1
11426,"(15559, 64789)",1
11427,"(2018, 64018)",1
11428,"(5690, 64789)",1
11429,"(15560, 64789)",1
11430,"(6869, 66333)",3
11431,"(14034, 67782)",1
11432,"(518, 67930)",2
11433,"(5301, 63458)",1
11434,"(2641, 63273)",1
11435,"(2026, 66344)",2
11436,"(2489, 63162)",1
11437,"(9073, 63162)",1
11438,"(13912, 63162)",1
11439,"(13913, 63162)",1
11440,"(13914, 63162)",1
11441,"(15355, 63162)",1
11442,"(211, 67762)",1
11443,"(211, 67785)",1
11444,"(10128, 67785)",1
11445,"(11931, 67813)",2
11446,"(6500, 64016)",1
11447,"(17747, 40003)",1
11448,"(14164, 34487)",1
11449,"(17843, 64057)",1
11450,"(8948, 34541)",1
11451,"(15720, 63468)",1
11452,"(3101, 34506)",1
11453,"(2964, 63237)",1
11454,"(2235, 63491)",1
11455,"(2681, 64749)",2
11456,"(15804, 67825)",2
11457,"(3474, 34508)",4
11458,"(9411, 66492)",1
11459,"(2681, 66121)",1
11460,"(3474, 66121)",1
11461,"(1548, 56855)",1
11462,"(3474, 34504)",1
11463,"(3474, 34510)",1
11464,"(2681, 63121)",1
11465,"(623, 62742)",1
11466,"(1463, 34543)",1
11467,"(3474, 63483)",1
11468,"(5564, 34451)",1
11469,"(13767, 34451)",1
11470,"(6150, 66978)",1
11471,"(211, 66846)",1
11472,"(6437, 63218)",1
11473,"(3474, 63516)",1
11474,"(3474, 34418)",1
11475,"(231, 34502)",1
11476,"(15531, 34502)",1
11477,"(6467, 63288)",1
11478,"(2681, 63111)",1
11479,"(729, 30500)",1
11480,"(731, 30500)",2
11481,"(3352, 19056)",1
11482,"(15424, 8652)",1
11483,"(928, 66050)",1
11484,"(2681, 66050)",3
11485,"(1994, 63241)",1
11486,"(1994, 63248)",1
11487,"(11293, 63490)",1
11488,"(11659, 63460)",1
11489,"(3474, 63162)",1
11490,"(2947, 63205)",1
11491,"(9670, 44031)",1
11492,"(2681, 65422)",1
11493,"(77, 63224)",1
11494,"(11777, 64789)",1
11495,"(15613, 52414)",1
11496,"(2489, 34503)",1
11497,"(2489, 64821)",1
11498,"(9073, 34503)",1
11499,"(13912, 34503)",1
11500,"(13913, 34503)",1
11501,"(13914, 34503)",1
11502,"(15355, 34503)",1
11503,"(15771, 63288)",1
11504,"(10624, 34510)",1
11505,"(2681, 67843)",1
11506,"(77, 63268)",1
11507,"(171, 63268)",1
11508,"(399, 63268)",1
11509,"(928, 63268)",1
11510,"(984, 63268)",1
11511,"(5613, 63268)",1
11512,"(5940, 63268)",1
11513,"(5944, 63268)",1
11514,"(6331, 63268)",1
11515,"(6411, 63268)",1
11516,"(6520, 63268)",1
11517,"(17890, 63268)",1
11518,"(5301, 67816)",1
11519,"(6626, 64197)",2
11520,"(13824, 64197)",3
11521,"(13825, 64197)",3
11522,"(14270, 64197)",1
11523,"(14271, 64197)",1
11524,"(14272, 64197)",1
11525,"(17827, 67772)",1
11526,"(17827, 67775)",1
11527,"(17827, 67777)",1
11528,"(17827, 67778)",1
11529,"(2681, 63245)",1
11530,"(2947, 63245)",1
11531,"(2951, 63245)",1
11532,"(3474, 63217)",1
11533,"(50, 64197)",1
11534,"(1473, 64197)",1
11535,"(2195, 64197)",1
11536,"(6128, 64197)",1
11537,"(6192, 64197)",1
11538,"(9853, 64197)",3
11539,"(11105, 64197)",1
11540,"(13882, 64197)",2
11541,"(13883, 64197)",2
11542,"(13884, 64197)",2
11543,"(13885, 64197)",2
11544,"(13886, 64197)",2
11545,"(14690, 64197)",1
11546,"(14752, 64197)",1
11547,"(2499, 34464)",1
11548,"(3474, 63203)",2
11549,"(7008, 44016)",1
11550,"(9875, 19063)",1
11551,"(960, 44013)",1
11552,"(1493, 44013)",1
11553,"(1493, 64133)",1
11554,"(9787, 44013)",1
11555,"(861, 63287)",1
11556,"(77, 63504)",1
11557,"(2945, 63500)",1
11558,"(15775, 64753)",1
11559,"(77, 66497)",1
11560,"(91, 66118)",1
11561,"(15716, 63210)",1
11562,"(1318, 63375)",1
11563,"(861, 67788)",1
11564,"(861, 67789)",1
11565,"(9853, 67788)",1
11566,"(9853, 67789)",1
11567,"(11692, 67788)",1
11568,"(11692, 67789)",1
11569,"(13882, 67788)",1
11570,"(13882, 67789)",1
11571,"(13883, 67788)",1
11572,"(13883, 67789)",1
11573,"(13884, 67788)",1
11574,"(13884, 67789)",1
11575,"(13885, 67788)",1
11576,"(13885, 67789)",1
11577,"(13886, 67788)",1
11578,"(13886, 67789)",1
11579,"(91, 63375)",1
11580,"(518, 30447)",1
11581,"(9670, 30447)",1
11582,"(9670, 34461)",1
11583,"(9670, 65816)",1
11584,"(15835, 34461)",1
11585,"(15835, 65816)",1
11586,"(11730, 63154)",1
11587,"(15605, 63154)",1
11588,"(5238, 63236)",1
11589,"(2399, 67782)",1
11590,"(17952, 67782)",1
11591,"(196, 44366)",1
11592,"(196, 44369)",1
11593,"(744, 44366)",1
11594,"(744, 44369)",1
11595,"(4109, 44366)",1
11596,"(4109, 44369)",1
11597,"(7951, 44369)",1
11598,"(9834, 44366)",1
11599,"(9834, 44369)",1
11600,"(13293, 44366)",1
11601,"(13293, 44369)",1
11602,"(15572, 44366)",1
11603,"(15572, 44369)",1
11604,"(15573, 44366)",1
11605,"(15573, 44369)",1
11606,"(15574, 44366)",1
11607,"(15574, 44369)",1
11608,"(15575, 44366)",1
11609,"(15575, 44369)",1
11610,"(15576, 44366)",1
11611,"(15576, 44369)",1
11612,"(15581, 44366)",1
11613,"(15581, 44369)",1
11614,"(15582, 44366)",1
11615,"(15582, 44369)",1
11616,"(15820, 3117)",1
11617,"(15820, 63496)",1
11618,"(3474, 63117)",1
11619,"(2681, 44344)",1
11620,"(2681, 34459)",1
11621,"(5301, 63499)",1
11622,"(2681, 34531)",1
11623,"(8948, 39991)",2
11624,"(1084, 34487)",1
11625,"(4982, 34500)",1
11626,"(1081, 63378)",1
11627,"(9834, 67836)",1
11628,"(8948, 64186)",1
11629,"(399, 64016)",1
11630,"(3164, 34541)",1
11631,"(4460, 34541)",1
11632,"(15536, 39997)",1
11633,"(2483, 34506)",1
11634,"(399, 34477)",1
11635,"(399, 34544)",1
11636,"(830, 34477)",1
11637,"(830, 34544)",1
11638,"(6752, 63214)",1
11639,"(399, 34505)",1
11640,"(7150, 39991)",1
11641,"(6192, 34503)",1
11642,"(984, 34541)",1
11643,"(1994, 63122)",1
11644,"(9003, 63154)",1
11645,"(14956, 63154)",1
11646,"(15604, 63154)",1
11647,"(517, 63203)",1
11648,"(1939, 65176)",1
11649,"(2124, 65176)",2
11650,"(2681, 65176)",1
11651,"(3256, 65176)",1
11652,"(4099, 65176)",1
11653,"(7224, 65176)",1
11654,"(8728, 65176)",1
11655,"(9118, 65176)",2
11656,"(9880, 65176)",1
11657,"(9997, 65176)",2
11658,"(10135, 65176)",1
11659,"(11263, 65176)",1
11660,"(14247, 65176)",1
11661,"(15736, 65176)",1
11662,"(15737, 65176)",1
11663,"(15738, 65176)",1
11664,"(15739, 65176)",1
11665,"(15740, 65176)",1
11666,"(15741, 65176)",1
11667,"(17750, 40003)",1
11668,"(399, 56845)",1
11669,"(8948, 63496)",2
11670,"(8948, 63235)",1
11671,"(468, 63874)",1
11672,"(1100, 63874)",1
11673,"(1122, 63874)",1
11674,"(1135, 63874)",1
11675,"(1146, 63874)",1
11676,"(2825, 63874)",1
11677,"(3042, 63874)",1
11678,"(5941, 63874)",1
11679,"(9118, 63874)",1
11680,"(9904, 63874)",1
11681,"(11718, 63874)",1
11682,"(15517, 63874)",1
11683,"(15518, 63874)",1
11684,"(15519, 63874)",1
11685,"(15520, 63874)",1
11686,"(15521, 63874)",1
11687,"(15522, 63874)",1
11688,"(15523, 63874)",1
11689,"(15524, 63874)",1
11690,"(17757, 63874)",1
11691,"(17758, 63874)",1
11692,"(17762, 63874)",1
11693,"(2720, 63277)",1
11694,"(13502, 63277)",1
11695,"(13846, 63277)",1
11696,"(15667, 34501)",1
11697,"(2946, 63241)",1
11698,"(2946, 63248)",1
11699,"(2773, 63295)",1
11700,"(5960, 34464)",1
11701,"(4982, 64018)",1
11702,"(2665, 63237)",1
11703,"(17777, 65623)",1
11704,"(5941, 64665)",1
11705,"(9118, 64665)",1
11706,"(12277, 64431)",1
11707,"(14178, 64431)",1
11708,"(14179, 64431)",1
11709,"(12037, 63117)",1
11710,"(14249, 63117)",1
11711,"(14734, 63117)",1
11712,"(6128, 66343)",1
11713,"(11105, 66343)",1
11714,"(14690, 66343)",1
11715,"(890, 63144)",1
11716,"(17748, 40003)",1
11717,"(1939, 64665)",1
11718,"(463, 63235)",1
11719,"(5087, 63235)",1
11720,"(7432, 40003)",1
11721,"(10250, 63235)",1
11722,"(10325, 63235)",1
11723,"(11449, 63235)",1
11724,"(11872, 63235)",1
11725,"(15630, 63235)",1
11726,"(15631, 63235)",1
11727,"(17889, 63235)",1
11728,"(3872, 66489)",1
11729,"(4560, 64482)",1
11730,"(2681, 52414)",1
11731,"(15674, 34507)",1
11732,"(17902, 64665)",1
11733,"(15695, 67768)",1
11734,"(2169, 67772)",1
11735,"(2169, 67778)",1
11736,"(77, 52414)",1
11737,"(91, 66644)",1
11738,"(15718, 63224)",1
11739,"(5301, 64018)",1
11740,"(2169, 63271)",1
11741,"(928, 63235)",1
11742,"(6725, 63235)",1
11743,"(15815, 66625)",1
11744,"(11592, 67782)",1
11745,"(13868, 67782)",1
11746,"(14230, 67782)",1
11747,"(2945, 63107)",1
11748,"(10195, 63199)",1
11749,"(17837, 63107)",1
11750,"(17837, 63199)",1
11751,"(2681, 67816)",2
11752,"(10128, 64060)",1
11753,"(2681, 67781)",1
11754,"(1045, 44257)",1
11755,"(1960, 63288)",1
11756,"(1312, 63480)",1
11757,"(2073, 63480)",1
11758,"(5087, 63480)",1
11759,"(8156, 63480)",1
11760,"(399, 63142)",1
11761,"(399, 63105)",1
11762,"(399, 63235)",1
11763,"(4872, 63233)",1
11764,"(6752, 65419)",1
11765,"(6752, 65425)",1
11766,"(2681, 63154)",1
11767,"(2681, 67794)",6
11768,"(5941, 63205)",1
11769,"(5301, 63244)",1
11770,"(211, 63144)",1
11771,"(15566, 67811)",1
11772,"(91, 30454)",1
11773,"(9111, 62742)",1
11774,"(15551, 62742)",1
11775,"(2864, 67764)",1
11776,"(928, 63146)",1
11777,"(2681, 63146)",1
11778,"(3474, 63154)",1
11779,"(1153, 22806)",1
11780,"(1153, 63107)",2
11781,"(3474, 63512)",1
11782,"(9512, 63189)",1
11783,"(15607, 63189)",1
11784,"(211, 63154)",1
11785,"(11931, 44013)",1
11786,"(13102, 52414)",1
11787,"(17934, 63504)",1
11788,"(15570, 63132)",1
11789,"(15571, 63132)",1
11790,"(11264, 34494)",1
11791,"(10128, 67780)",2
11792,"(15757, 67835)",1
11793,"(5712, 66119)",1
11794,"(17821, 67801)",1
11795,"(5301, 64016)",1
11796,"(3474, 67781)",3
11797,"(7005, 63235)",1
11798,"(3042, 66779)",1
11799,"(588, 67771)",1
11800,"(1762, 34518)",1
11801,"(9300, 34518)",1
11802,"(984, 66121)",1
11803,"(6519, 66121)",1
11804,"(15657, 34455)",1
11805,"(2875, 66644)",1
11806,"(6813, 66644)",1
11807,"(15554, 30456)",1
11808,"(15555, 30456)",1
11809,"(17771, 67929)",1
11810,"(5193, 34455)",1
11811,"(92, 30455)",1
11812,"(2290, 22806)",1
11813,"(4127, 63199)",1
11814,"(17738, 34455)",1
11815,"(17739, 34455)",1
11816,"(4446, 64431)",1
11817,"(6176, 64431)",1
11818,"(10810, 64431)",1
11819,"(11074, 64431)",1
11820,"(11721, 64431)",1
11821,"(13864, 64431)",1
11822,"(15168, 64431)",1
11823,"(15528, 64431)",1
11824,"(15529, 64431)",1
11825,"(3524, 65608)",1
11826,"(8881, 65608)",1
11827,"(9407, 65608)",1
11828,"(13831, 65608)",1
11829,"(13832, 65608)",1
11830,"(13833, 65608)",1
11831,"(13834, 65608)",1
11832,"(15660, 34491)",1
11833,"(15660, 34494)",1
11834,"(15601, 63143)",1
11835,"(15601, 63176)",1
11836,"(2026, 63142)",1
11837,"(15647, 34426)",1
11838,"(3199, 65955)",1
11839,"(12164, 56850)",1
11840,"(2681, 63247)",1
11841,"(4460, 63235)",1
11842,"(13208, 63285)",1
11843,"(15712, 56845)",1
11844,"(1833, 63218)",1
11845,"(2681, 63483)",2
11846,"(3474, 63123)",1
11847,"(1113, 44257)",1
11848,"(15705, 66497)",1
11849,"(10128, 67770)",1
11850,"(3474, 67822)",1
11851,"(5301, 34457)",1
11852,"(13208, 63233)",1
11853,"(2681, 63250)",1
11854,"(14649, 40003)",1
11855,"(5941, 26833)",1
11856,"(5941, 67793)",1
11857,"(9118, 26833)",1
11858,"(9118, 67793)",1
11859,"(15812, 26833)",1
11860,"(15813, 26833)",1
11861,"(2950, 64118)",1
11862,"(656, 62975)",1
11863,"(15636, 63485)",1
11864,"(3442, 63505)",1
11865,"(1005, 67786)",1
11866,"(12609, 67786)",1
11867,"(12609, 67868)",2
11868,"(15257, 67786)",1
11869,"(15805, 67786)",1
11870,"(15806, 67786)",1
11871,"(15807, 67786)",1
11872,"(5343, 66715)",1
11873,"(9102, 44010)",1
11874,"(12997, 67825)",1
11875,"(15804, 67932)",3
11876,"(14708, 44264)",1
11877,"(17940, 44264)",2
11878,"(17943, 44264)",1
11879,"(17944, 44264)",1
11880,"(17945, 44264)",1
11881,"(3645, 19063)",1
11882,"(6461, 65955)",2
11883,"(3474, 63247)",1
11884,"(8948, 52414)",1
11885,"(928, 34464)",1
11886,"(6863, 67792)",3
11887,"(6520, 39996)",1
11888,"(15810, 67792)",1
11889,"(3474, 63482)",1
11890,"(8808, 63285)",1
11891,"(9183, 67304)",1
11892,"(4887, 64012)",1
11893,"(4888, 64012)",1
11894,"(4952, 64012)",2
11895,"(15608, 64012)",2
11896,"(3590, 65217)",1
11897,"(2681, 66700)",1
11898,"(15773, 63488)",1
11899,"(4102, 67790)",1
11900,"(9560, 67790)",1
11901,"(13876, 67790)",1
11902,"(15401, 67790)",1
11903,"(658, 63285)",1
11904,"(15770, 66345)",1
11905,"(3474, 63275)",1
11906,"(4544, 65955)",1
11907,"(6437, 65955)",1
11908,"(3052, 64208)",1
11909,"(7937, 64208)",1
11910,"(8741, 64208)",1
11911,"(8926, 64208)",1
11912,"(9737, 64208)",1
11913,"(11290, 64208)",1
11914,"(14483, 64208)",1
11915,"(14484, 64208)",1
11916,"(14530, 64208)",1
11917,"(14531, 64208)",1
11918,"(15590, 64208)",1
11919,"(17845, 64208)",1
11920,"(2026, 63286)",2
11921,"(3486, 65955)",1
11922,"(6912, 63285)",1
11923,"(585, 64100)",1
11924,"(832, 64100)",1
11925,"(2421, 64100)",2
11926,"(2681, 64100)",2
11927,"(4541, 64100)",1
11928,"(5941, 64100)",2
11929,"(7951, 64100)",1
11930,"(9247, 64100)",1
11931,"(9330, 64100)",1
11932,"(9548, 64100)",1
11933,"(9661, 64100)",1
11934,"(10602, 64100)",2
11935,"(12277, 64100)",2
11936,"(13770, 64100)",2
11937,"(13771, 64100)",2
11938,"(13772, 64100)",2
11939,"(13773, 64100)",2
11940,"(14178, 64100)",2
11941,"(14179, 64100)",2
11942,"(14246, 64100)",1
11943,"(14522, 64100)",1
11944,"(14523, 64100)",1
11945,"(14532, 64100)",1
11946,"(14533, 64100)",1
11947,"(14720, 64100)",1
11948,"(14721, 64100)",1
11949,"(15589, 64100)",2
11950,"(17443, 64100)",2
11951,"(15733, 63277)",1
11952,"(623, 63273)",1
11953,"(2681, 67838)",1
11954,"(8483, 63249)",1
11955,"(9512, 63286)",1
11956,"(2681, 63135)",1
11957,"(1994, 62780)",2
11958,"(2681, 64012)",1
11959,"(2681, 34518)",2
11960,"(1306, 63498)",1
11961,"(2681, 63238)",1
11962,"(623, 63210)",1
11963,"(960, 63210)",1
11964,"(1749, 63210)",1
11965,"(2950, 63210)",1
11966,"(2953, 63210)",1
11967,"(4707, 63210)",1
11968,"(5812, 63210)",1
11969,"(5826, 63210)",1
11970,"(5941, 63210)",1
11971,"(6192, 63210)",1
11972,"(6331, 63210)",1
11973,"(6520, 63210)",1
11974,"(6765, 63210)",1
11975,"(6912, 63210)",1
11976,"(15617, 63210)",1
11977,"(15618, 63210)",1
11978,"(15619, 63210)",1
11979,"(17864, 63210)",1
11980,"(3905, 44016)",1
11981,"(6926, 56845)",1
11982,"(15811, 67835)",1
11983,"(17871, 63218)",1
11984,"(7963, 63162)",1
11985,"(11590, 34503)",1
11986,"(4460, 34503)",1
11987,"(8948, 63211)",1
11988,"(7361, 63295)",1
11989,"(11590, 63199)",1
11990,"(399, 63288)",1
11991,"(7294, 3216)",1
11992,"(7294, 34480)",1
11993,"(7294, 34487)",1
11994,"(8948, 63129)",1
11995,"(8948, 64057)",1
11996,"(286, 56857)",1
11997,"(333, 56857)",1
11998,"(951, 56857)",1
11999,"(1169, 56857)",1
12000,"(1191, 56857)",1
12001,"(1204, 56857)",1
12002,"(1318, 56857)",1
12003,"(1329, 56857)",1
12004,"(1362, 56857)",1
12005,"(1559, 56857)",1
12006,"(1735, 56857)",1
12007,"(2322, 56857)",1
12008,"(2483, 56857)",1
12009,"(2499, 56857)",1
12010,"(2597, 56857)",1
12011,"(3037, 56857)",1
12012,"(3101, 56857)",1
12013,"(3164, 56857)",1
12014,"(3175, 56857)",1
12015,"(3182, 56857)",1
12016,"(3645, 56857)",1
12017,"(4505, 56857)",1
12018,"(4746, 56857)",1
12019,"(4802, 56857)",1
12020,"(4994, 56857)",1
12021,"(5768, 56857)",1
12022,"(5787, 56857)",1
12023,"(6277, 56857)",1
12024,"(6500, 56857)",1
12025,"(6657, 56857)",1
12026,"(6671, 56857)",1
12027,"(6752, 56857)",1
12028,"(8073, 56857)",1
12029,"(8916, 56857)",1
12030,"(8948, 56857)",1
12031,"(9844, 56857)",1
12032,"(9938, 56857)",1
12033,"(12872, 56857)",1
12034,"(13010, 56857)",1
12035,"(15505, 56857)",1
12036,"(16175, 56857)",1
12037,"(17930, 56857)",1
12038,"(17931, 56857)",1
12039,"(17932, 56857)",1
12040,"(8948, 34510)",1
12041,"(6752, 63210)",1
12042,"(399, 63162)",1
12043,"(463, 63271)",1
12044,"(8520, 63271)",1
12045,"(11497, 63271)",1
12046,"(15637, 63271)",1
12047,"(15725, 63271)",1
12048,"(15726, 63271)",1
12049,"(15727, 63271)",1
12050,"(15728, 63271)",1
12051,"(15729, 63271)",1
12052,"(17893, 63271)",1
12053,"(3474, 63459)",1
12054,"(1994, 63237)",1
12055,"(1994, 64542)",1
12056,"(5608, 64015)",1
12057,"(12642, 64382)",1
12058,"(2950, 63498)",1
12059,"(6524, 63498)",1
12060,"(12642, 63498)",1
12061,"(6473, 63224)",1
12062,"(10226, 63224)",1
12063,"(15721, 63233)",1
12064,"(15703, 66489)",1
12065,"(6187, 44257)",1
12066,"(6194, 44257)",1
12067,"(4594, 63235)",1
12068,"(9512, 63237)",1
12069,"(15542, 34507)",1
12070,"(15542, 34508)",1
12071,"(13824, 63162)",1
12072,"(13825, 63162)",1
12073,"(246, 64011)",1
12074,"(1306, 64011)",1
12075,"(12163, 64011)",1
12076,"(16970, 64011)",1
12077,"(17855, 64011)",1
12078,"(2269, 63496)",1
12079,"(4952, 56845)",1
12080,"(77, 64197)",1
12081,"(1939, 64197)",1
12082,"(14885, 64197)",1
12083,"(15642, 64197)",1
12084,"(211, 63269)",1
12085,"(6626, 65837)",1
12086,"(17923, 63288)",1
12087,"(3474, 63122)",1
12088,"(77, 34507)",1
12089,"(15723, 63244)",1
12090,"(6752, 34542)",1
12091,"(6752, 64298)",1
12092,"(399, 34368)",1
12093,"(91, 63488)",1
12094,"(77, 66498)",1
12095,"(15305, 67780)",1
12096,"(17963, 67832)",1
12097,"(211, 67803)",1
12098,"(9560, 66333)",1
12099,"(13259, 56844)",1
12100,"(11692, 52414)",2
12101,"(15699, 67810)",1
12102,"(6863, 63142)",1
12103,"(7765, 67825)",1
12104,"(12448, 65734)",1
12105,"(2681, 44257)",1
12106,"(399, 34545)",1
12107,"(17713, 67804)",1
12108,"(7005, 44016)",1
12109,"(3474, 34491)",1
12110,"(3474, 56848)",1
12111,"(77, 63281)",1
12112,"(15702, 64100)",1
12113,"(10489, 64665)",1
12114,"(8354, 34464)",1
12115,"(1749, 34589)",1
12116,"(8733, 34503)",1
12117,"(15785, 63527)",1
12118,"(587, 63247)",1
12119,"(15675, 67759)",1
12120,"(1306, 64017)",1
12121,"(2825, 65955)",1
12122,"(211, 63468)",1
12123,"(928, 63237)",1
12124,"(2681, 64388)",1
12125,"(9230, 67769)",1
12126,"(77, 44263)",1
12127,"(91, 44263)",1
12128,"(15588, 44263)",1
12129,"(3201, 34472)",1
12130,"(2120, 39988)",1
12131,"(2681, 39988)",1
12132,"(3474, 39988)",1
12133,"(3474, 63113)",1
12134,"(9375, 63498)",1
12135,"(928, 63233)",1
12136,"(6733, 63233)",1
12137,"(8105, 63233)",1
12138,"(11430, 63233)",1
12139,"(3474, 64987)",1
12140,"(484, 39996)",1
12141,"(1994, 63275)",1
12142,"(830, 66906)",1
12143,"(2270, 63496)",2
12144,"(17303, 67810)",1
12145,"(2080, 63206)",1
12146,"(13109, 44264)",1
12147,"(15740, 44264)",1
12148,"(1960, 63250)",1
12149,"(3474, 63144)",1
12150,"(4268, 63522)",1
12151,"(6176, 67930)",1
12152,"(11721, 67930)",1
12153,"(15528, 67930)",1
12154,"(15529, 67930)",1
12155,"(623, 67837)",1
12156,"(2026, 67837)",1
12157,"(8081, 30454)",1
12158,"(9560, 67808)",1
12159,"(4952, 63247)",1
12160,"(2435, 34500)",1
12161,"(928, 44366)",1
12162,"(211, 63499)",1
12163,"(211, 63500)",1
12164,"(15780, 63514)",1
12165,"(14940, 63228)",1
12166,"(2950, 63247)",1
12167,"(15364, 64197)",1
12168,"(91, 63233)",1
12169,"(659, 63233)",1
12170,"(2681, 63128)",1
12171,"(15768, 66345)",1
12172,"(15769, 66345)",1
12173,"(15732, 63275)",1
12174,"(8713, 67890)",4
12175,"(399, 67581)",1
12176,"(1211, 67581)",1
12177,"(1947, 67581)",1
12178,"(1948, 67581)",1
12179,"(9844, 67581)",1
12180,"(15314, 67581)",1
12181,"(16175, 67581)",1
12182,"(15352, 34373)",1
12183,"(2681, 44098)",1
12184,"(16011, 66159)",1
12185,"(9787, 34484)",1
12186,"(315, 65862)",2
12187,"(2446, 67888)",1
12188,"(77, 34589)",1
12189,"(13773, 44057)",2
12190,"(13773, 66159)",4
12191,"(15211, 34567)",3
12192,"(4446, 67888)",1
12193,"(10810, 67888)",1
12194,"(11074, 67888)",1
12195,"(13864, 67888)",1
12196,"(15168, 67888)",1
12197,"(7265, 44039)",1
12198,"(9338, 745)",1
12199,"(16037, 745)",1
12200,"(6339, 44125)",1
12201,"(1380, 56379)",2
12202,"(5656, 63876)",1
12203,"(2681, 63876)",2
12204,"(399, 63876)",2
12205,"(3101, 63876)",3
12206,"(77, 44093)",1
12207,"(5766, 44093)",1
12208,"(13631, 44093)",1
12209,"(16023, 44093)",1
12210,"(5940, 44034)",1
12211,"(5941, 44034)",1
12212,"(9118, 44034)",1
12213,"(8855, 66796)",1
12214,"(5096, 44057)",1
12215,"(5096, 66159)",1
12216,"(13773, 290)",1
12217,"(18039, 290)",1
12218,"(18039, 44057)",1
12219,"(18039, 66159)",1
12220,"(231, 67758)",1
12221,"(4910, 44057)",2
12222,"(2387, 34393)",1
12223,"(5235, 34574)",1
12224,"(15851, 65353)",1
12225,"(2681, 44182)",1
12226,"(16014, 34567)",1
12227,"(16016, 34567)",1
12228,"(16012, 44056)",1
12229,"(1028, 67867)",1
12230,"(2290, 64812)",1
12231,"(15393, 67932)",1
12232,"(15843, 64812)",1
12233,"(15844, 64812)",1
12234,"(15845, 64812)",1
12235,"(15846, 64812)",1
12236,"(2681, 44091)",4
12237,"(1530, 34589)",1
12238,"(6815, 638)",1
12239,"(11417, 638)",1
12240,"(4910, 66159)",1
12241,"(11718, 56379)",1
12242,"(11718, 66159)",1
12243,"(3277, 44057)",1
12244,"(3277, 66159)",1
12245,"(11662, 44057)",1
12246,"(11662, 66159)",1
12247,"(7150, 44125)",1
12248,"(10074, 44028)",1
12249,"(10105, 44028)",1
12250,"(13015, 44028)",1
12251,"(15837, 44028)",1
12252,"(15838, 44028)",1
12253,"(15839, 44028)",1
12254,"(6569, 62743)",1
12255,"(4852, 44175)",1
12256,"(15975, 67888)",1
12257,"(15976, 67888)",2
12258,"(15977, 67888)",1
12259,"(91, 65859)",1
12260,"(16013, 34567)",1
12261,"(15453, 26583)",1
12262,"(15840, 64129)",1
12263,"(16031, 44101)",1
12264,"(9875, 67874)",1
12265,"(8948, 44044)",1
12266,"(6500, 65295)",1
12267,"(8948, 34490)",1
12268,"(399, 3711)",1
12269,"(10017, 67853)",1
12270,"(18138, 44183)",1
12271,"(3474, 40079)",2
12272,"(6170, 63876)",1
12273,"(651, 44125)",1
12274,"(1452, 44125)",1
12275,"(8713, 290)",1
12276,"(1463, 56379)",1
12277,"(2851, 56379)",1
12278,"(3272, 65817)",1
12279,"(15884, 44054)",1
12280,"(18038, 44048)",1
12281,"(16061, 63719)",1
12282,"(1626, 34601)",1
12283,"(1659, 34601)",1
12284,"(1813, 34601)",1
12285,"(3510, 34601)",1
12286,"(3512, 34601)",1
12287,"(3627, 34601)",1
12288,"(4355, 34601)",1
12289,"(4584, 34601)",1
12290,"(6183, 34601)",1
12291,"(10331, 34601)",1
12292,"(10960, 34601)",1
12293,"(11095, 34601)",1
12294,"(2091, 66431)",1
12295,"(399, 34589)",1
12296,"(3645, 34589)",1
12297,"(1309, 40079)",1
12298,"(1309, 67717)",1
12299,"(62, 44056)",1
12300,"(53, 34636)",1
12301,"(9807, 44192)",1
12302,"(1101, 44048)",1
12303,"(1101, 56379)",1
12304,"(11382, 40128)",1
12305,"(16020, 64195)",1
12306,"(4060, 65295)",1
12307,"(10880, 65295)",1
12308,"(18078, 65295)",1
12309,"(15987, 34484)",1
12310,"(18140, 40128)",1
12311,"(10195, 63428)",1
12312,"(211, 34589)",1
12313,"(10128, 34589)",1
12314,"(178, 63415)",1
12315,"(5301, 40080)",1
12316,"(4746, 64180)",1
12317,"(4811, 64299)",1
12318,"(5757, 64299)",1
12319,"(9542, 34591)",1
12320,"(5087, 44106)",1
12321,"(841, 63426)",1
12322,"(13743, 44128)",1
12323,"(18044, 44056)",1
12324,"(8519, 34589)",1
12325,"(7770, 19251)",1
12326,"(15882, 64520)",1
12327,"(1352, 64398)",2
12328,"(2026, 64398)",1
12329,"(4446, 34601)",1
12330,"(10810, 34601)",1
12331,"(11074, 34601)",1
12332,"(13864, 34601)",1
12333,"(15168, 34601)",1
12334,"(18086, 66390)",1
12335,"(52, 66365)",3
12336,"(1454, 66287)",1
12337,"(6356, 34370)",1
12338,"(13208, 34370)",1
12339,"(15983, 34370)",1
12340,"(15984, 34370)",1
12341,"(5424, 44193)",1
12342,"(15927, 63880)",1
12343,"(18096, 44110)",1
12344,"(2026, 34554)",1
12345,"(5301, 34554)",1
12346,"(10128, 34554)",1
12347,"(4460, 34590)",1
12348,"(6500, 34590)",1
12349,"(5068, 63876)",1
12350,"(399, 34602)",1
12351,"(399, 44217)",1
12352,"(399, 44529)",1
12353,"(399, 52181)",1
12354,"(944, 44217)",1
12355,"(944, 44529)",1
12356,"(944, 52181)",1
12357,"(2681, 44217)",1
12358,"(2681, 44529)",1
12359,"(2681, 52181)",1
12360,"(4460, 44217)",1
12361,"(4460, 44529)",1
12362,"(4460, 52181)",1
12363,"(6752, 44217)",1
12364,"(6752, 44529)",1
12365,"(6752, 52181)",1
12366,"(399, 44181)",1
12367,"(2687, 44096)",1
12368,"(6500, 44096)",1
12369,"(7362, 44096)",1
12370,"(9991, 44096)",1
12371,"(14855, 44096)",1
12372,"(18079, 44096)",1
12373,"(345, 44282)",1
12374,"(2687, 44282)",1
12375,"(3645, 44282)",1
12376,"(4872, 44282)",1
12377,"(6500, 44282)",1
12378,"(13588, 44282)",1
12379,"(7875, 65295)",1
12380,"(16001, 44037)",1
12381,"(8948, 34607)",1
12382,"(399, 62752)",1
12383,"(1204, 34589)",1
12384,"(6500, 34589)",1
12385,"(18051, 44149)",1
12386,"(18051, 62743)",1
12387,"(9781, 44282)",1
12388,"(9781, 52182)",1
12389,"(3182, 34554)",1
12390,"(5233, 66159)",1
12391,"(5233, 66538)",1
12392,"(2046, 64299)",1
12393,"(4889, 64380)",1
12394,"(5574, 34490)",1
12395,"(2681, 3711)",1
12396,"(658, 40128)",1
12397,"(3101, 52183)",1
12398,"(15868, 62975)",1
12399,"(536, 40034)",1
12400,"(17986, 34484)",1
12401,"(11590, 40079)",1
12402,"(11590, 63442)",1
12403,"(18080, 44096)",1
12404,"(4952, 64299)",1
12405,"(12743, 44089)",1
12406,"(16057, 22817)",1
12407,"(8290, 67894)",1
12408,"(9868, 67894)",1
12409,"(11515, 67894)",1
12410,"(3341, 66206)",1
12411,"(4731, 66206)",1
12412,"(15933, 52169)",1
12413,"(18116, 52185)",1
12414,"(16065, 63594)",1
12415,"(1038, 67892)",1
12416,"(3474, 64341)",1
12417,"(2681, 40079)",1
12418,"(6170, 67717)",1
12419,"(17983, 34414)",1
12420,"(4848, 34589)",1
12421,"(890, 44098)",1
12422,"(15992, 34520)",1
12423,"(15881, 64377)",1
12424,"(6557, 66163)",1
12425,"(2681, 44123)",2
12426,"(15872, 67579)",1
12427,"(18142, 40128)",1
12428,"(10340, 44192)",1
12429,"(12793, 64520)",2
12430,"(7115, 34370)",1
12431,"(6384, 63933)",1
12432,"(211, 34567)",1
12433,"(9118, 44181)",1
12434,"(9118, 44183)",1
12435,"(465, 34605)",1
12436,"(15944, 44166)",1
12437,"(698, 40128)",1
12438,"(5389, 44166)",2
12439,"(17532, 44166)",2
12440,"(15921, 44125)",1
12441,"(11523, 15340)",1
12442,"(11523, 67867)",1
12443,"(6192, 15340)",1
12444,"(6192, 67867)",1
12445,"(18126, 44177)",1
12446,"(7425, 44192)",1
12447,"(5051, 65888)",1
12448,"(12667, 65888)",1
12449,"(15742, 65888)",1
12450,"(15932, 65888)",1
12451,"(18104, 65888)",1
12452,"(18112, 65888)",1
12453,"(18113, 65888)",1
12454,"(18098, 44122)",1
12455,"(2258, 64341)",1
12456,"(9230, 34370)",1
12457,"(3474, 40094)",1
12458,"(4640, 290)",2
12459,"(5383, 66206)",1
12460,"(77, 34490)",1
12461,"(15929, 64889)",1
12462,"(5625, 34609)",1
12463,"(6954, 67866)",1
12464,"(13310, 67866)",1
12465,"(623, 44179)",1
12466,"(77, 65014)",1
12467,"(77, 34368)",1
12468,"(77, 44083)",1
12469,"(6747, 64676)",2
12470,"(4341, 44158)",1
12471,"(10810, 67717)",1
12472,"(13326, 64893)",1
12473,"(13326, 65581)",1
12474,"(18097, 44459)",1
12475,"(2681, 63963)",1
12476,"(12448, 63963)",1
12477,"(6075, 67847)",1
12478,"(3474, 44044)",1
12479,"(17978, 67848)",2
12480,"(17978, 67851)",1
12481,"(9997, 44181)",2
12482,"(9997, 44183)",1
12483,"(984, 67874)",1
12484,"(2681, 34578)",1
12485,"(18146, 44192)",1
12486,"(15887, 44056)",1
12487,"(4952, 34490)",1
12488,"(3201, 44110)",1
12489,"(1211, 65188)",1
12490,"(1204, 44044)",1
12491,"(444, 44046)",1
12492,"(1318, 63876)",2
12493,"(1733, 63876)",1
12494,"(1735, 63876)",1
12495,"(2597, 63876)",1
12496,"(3076, 63876)",1
12497,"(3645, 63876)",1
12498,"(4460, 63876)",1
12499,"(4802, 63876)",1
12500,"(4872, 63876)",1
12501,"(5757, 63876)",1
12502,"(4978, 44137)",1
12503,"(1211, 34490)",1
12504,"(3352, 67867)",1
12505,"(1960, 67867)",1
12506,"(16062, 67876)",1
12507,"(9080, 34408)",1
12508,"(3474, 44123)",1
12509,"(3474, 34411)",1
12510,"(18005, 65859)",1
12511,"(15917, 40079)",1
12512,"(15828, 34370)",1
12513,"(2197, 44132)",1
12514,"(2197, 44139)",1
12515,"(2197, 64678)",1
12516,"(18046, 34567)",1
12517,"(15993, 34522)",1
12518,"(15504, 34591)",1
12519,"(15900, 34591)",1
12520,"(5786, 34567)",1
12521,"(1045, 67875)",1
12522,"(1096, 34533)",1
12523,"(508, 67896)",1
12524,"(522, 67896)",1
12525,"(9868, 67893)",1
12526,"(11515, 67893)",1
12527,"(77, 67867)",2
12528,"(6920, 62976)",1
12529,"(518, 65815)",1
12530,"(8413, 65815)",1
12531,"(1793, 64029)",1
12532,"(2120, 64029)",1
12533,"(3239, 64029)",1
12534,"(4419, 64029)",1
12535,"(10736, 64029)",1
12536,"(18170, 64029)",1
12537,"(16272, 63903)",1
12538,"(9483, 3231)",1
12539,"(9483, 62976)",1
12540,"(4952, 67875)",1
12541,"(18178, 67873)",1
12542,"(1994, 64341)",1
12543,"(456, 34567)",1
12544,"(611, 34599)",2
12545,"(12819, 44126)",1
12546,"(399, 34554)",1
12547,"(3445, 44148)",1
12548,"(16043, 63888)",1
12549,"(18134, 63888)",1
12550,"(16015, 34567)",1
12551,"(3474, 44192)",1
12552,"(949, 34484)",1
12553,"(8948, 44096)",1
12554,"(11430, 40065)",1
12555,"(12870, 40065)",1
12556,"(15319, 40065)",1
12557,"(11692, 67865)",1
12558,"(77, 44479)",1
12559,"(77, 67849)",1
12560,"(8103, 67971)",1
12561,"(15928, 44158)",1
12562,"(11293, 62977)",1
12563,"(7703, 44044)",1
12564,"(6211, 44193)",1
12565,"(744, 44148)",1
12566,"(698, 44177)",1
12567,"(1857, 44177)",1
12568,"(2421, 44177)",1
12569,"(2489, 44177)",1
12570,"(13484, 44177)",1
12571,"(15952, 44177)",1
12572,"(6912, 62976)",1
12573,"(16040, 66030)",1
12574,"(506, 65572)",1
12575,"(523, 65572)",1
12576,"(6783, 65572)",1
12577,"(2489, 3437)",1
12578,"(2489, 67586)",1
12579,"(9073, 3437)",1
12580,"(9073, 67586)",1
12581,"(13912, 3437)",1
12582,"(13912, 67586)",1
12583,"(13913, 3437)",1
12584,"(13913, 67586)",1
12585,"(13914, 3437)",1
12586,"(13914, 67586)",1
12587,"(15355, 3437)",1
12588,"(15355, 67586)",1
12589,"(17713, 67948)",1
12590,"(9473, 64896)",1
12591,"(6565, 34337)",3
12592,"(77, 44213)",2
12593,"(13804, 64680)",2
12594,"(16157, 63437)",1
12595,"(16154, 66955)",1
12596,"(3352, 65793)",1
12597,"(444, 64996)",1
12598,"(11943, 34650)",1
12599,"(16342, 67691)",1
12600,"(2681, 44338)",1
12601,"(5644, 52320)",1
12602,"(711, 66035)",2
12603,"(16077, 52323)",1
12604,"(18326, 44476)",1
12605,"(513, 67984)",3
12606,"(18422, 44213)",1
12607,"(1282, 64680)",2
12608,"(16087, 64680)",1
12609,"(785, 52324)",1
12610,"(785, 64022)",1
12611,"(10183, 64022)",1
12612,"(10183, 64023)",1
12613,"(2681, 63886)",1
12614,"(3474, 40054)",3
12615,"(13293, 44341)",1
12616,"(399, 44237)",1
12617,"(5998, 44335)",1
12618,"(399, 34663)",1
12619,"(9157, 44338)",1
12620,"(9157, 44538)",1
12621,"(21, 64022)",1
12622,"(18483, 64022)",1
12623,"(3101, 44292)",1
12624,"(4124, 65155)",1
12625,"(14248, 65155)",1
12626,"(17710, 65155)",1
12627,"(18279, 64680)",1
12628,"(16159, 44363)",1
12629,"(14636, 34351)",1
12630,"(841, 67903)",1
12631,"(3474, 66391)",3
12632,"(4735, 44242)",2
12633,"(13208, 52314)",1
12634,"(2287, 66267)",1
12635,"(1392, 64821)",1
12636,"(2681, 65797)",3
12637,"(77, 44234)",1
12638,"(4460, 52324)",1
12639,"(5087, 44200)",1
12640,"(11574, 44290)",1
12641,"(12728, 44290)",1
12642,"(16330, 44290)",1
12643,"(16331, 44290)",1
12644,"(18490, 44290)",1
12645,"(18491, 44290)",1
12646,"(18492, 44290)",1
12647,"(18493, 44290)",1
12648,"(43, 19189)",1
12649,"(2021, 19189)",1
12650,"(2950, 19189)",1
12651,"(3093, 19189)",1
12652,"(3554, 19189)",1
12653,"(4952, 19189)",1
12654,"(5301, 19189)",1
12655,"(7214, 19189)",1
12656,"(8649, 19189)",1
12657,"(9755, 19189)",1
12658,"(9763, 19189)",1
12659,"(10128, 19189)",1
12660,"(11886, 19189)",1
12661,"(12642, 19189)",1
12662,"(18510, 19189)",1
12663,"(16211, 64679)",1
12664,"(9473, 63889)",1
12665,"(6170, 52318)",2
12666,"(2681, 66391)",6
12667,"(16212, 44380)",1
12668,"(984, 64365)",1
12669,"(2681, 64368)",1
12670,"(6447, 44189)",2
12671,"(10869, 52257)",1
12672,"(14677, 62882)",1
12673,"(5998, 64348)",1
12674,"(6160, 64348)",1
12675,"(6324, 64348)",1
12676,"(7937, 65481)",1
12677,"(9560, 64348)",1
12678,"(9560, 65481)",1
12679,"(12858, 64348)",1
12680,"(13058, 65481)",1
12681,"(14824, 64348)",1
12682,"(14824, 65481)",1
12683,"(16126, 64348)",1
12684,"(16127, 64348)",1
12685,"(16132, 65481)",1
12686,"(16133, 65481)",1
12687,"(16077, 64679)",1
12688,"(15756, 67417)",1
12689,"(18498, 44365)",1
12690,"(16181, 44479)",1
12691,"(16293, 44248)",1
12692,"(18426, 64365)",1
12693,"(12264, 64680)",2
12694,"(10389, 64693)",1
12695,"(9628, 52250)",1
12696,"(11869, 52250)",3
12697,"(16087, 52273)",1
12698,"(16087, 63928)",2
12699,"(388, 52324)",1
12700,"(4460, 63964)",1
12701,"(2681, 64043)",1
12702,"(3474, 64440)",1
12703,"(3474, 66555)",2
12704,"(2681, 44337)",1
12705,"(5941, 44337)",1
12706,"(9118, 44337)",1
12707,"(5649, 52340)",2
12708,"(2681, 67940)",1
12709,"(2681, 52285)",1
12710,"(3654, 65368)",1
12711,"(15503, 66876)",1
12712,"(518, 44318)",1
12713,"(16249, 52254)",1
12714,"(6920, 44481)",1
12715,"(6920, 52310)",1
12716,"(13208, 34339)",1
12717,"(9118, 44322)",1
12718,"(1318, 44153)",1
12719,"(1318, 64454)",1
12720,"(11531, 64831)",1
12721,"(5301, 40054)",1
12722,"(2681, 44079)",1
12723,"(1053, 64680)",1
12724,"(1276, 64680)",2
12725,"(1606, 64680)",1
12726,"(16978, 64680)",1
12727,"(8948, 52280)",1
12728,"(16869, 63264)",1
12729,"(9333, 67945)",1
12730,"(2681, 67965)",10
12731,"(1739, 52326)",1
12732,"(1740, 52326)",1
12733,"(2681, 67962)",2
12734,"(2681, 52310)",2
12735,"(3474, 52310)",2
12736,"(1749, 44341)",1
12737,"(4887, 66391)",1
12738,"(2681, 66611)",3
12739,"(9247, 67948)",1
12740,"(9247, 67949)",1
12741,"(16118, 40054)",1
12742,"(16242, 66154)",1
12743,"(18148, 64679)",1
12744,"(10810, 66331)",1
12745,"(1326, 44341)",1
12746,"(7951, 44294)",1
12747,"(890, 44215)",1
12748,"(18288, 44347)",1
12749,"(18275, 64680)",1
12750,"(18277, 64680)",1
12751,"(18278, 64680)",1
12752,"(6170, 64148)",1
12753,"(984, 44155)",1
12754,"(16294, 44248)",1
12755,"(399, 44388)",3
12756,"(6642, 44295)",1
12757,"(16213, 67620)",1
12758,"(6170, 40054)",1
12759,"(8156, 67624)",1
12760,"(10159, 67622)",1
12761,"(2645, 52314)",1
12762,"(16220, 52314)",1
12763,"(16100, 66728)",1
12764,"(3442, 44070)",1
12765,"(11662, 44070)",1
12766,"(16105, 44070)",1
12767,"(16107, 44070)",1
12768,"(16108, 44070)",1
12769,"(16109, 44070)",1
12770,"(285, 67835)",1
12771,"(12160, 67622)",1
12772,"(8810, 66727)",1
12773,"(14534, 66727)",1
12774,"(14535, 66727)",1
12775,"(14536, 66727)",1
12776,"(14537, 66727)",1
12777,"(14538, 66727)",1
12778,"(14539, 66727)",1
12779,"(16176, 66727)",1
12780,"(16177, 66727)",1
12781,"(16090, 44347)",1
12782,"(765, 66473)",1
12783,"(11940, 66473)",1
12784,"(17886, 66473)",1
12785,"(18356, 66473)",1
12786,"(18357, 66473)",1
12787,"(12392, 67622)",1
12788,"(744, 44479)",1
12789,"(16223, 44401)",1
12790,"(3506, 64791)",1
12791,"(3509, 64791)",1
12792,"(8958, 64791)",1
12793,"(9930, 64791)",1
12794,"(18350, 65155)",1
12795,"(399, 66557)",3
12796,"(16229, 34337)",1
12797,"(5738, 44337)",1
12798,"(11696, 44337)",1
12799,"(14553, 44337)",1
12800,"(16282, 52176)",1
12801,"(16283, 52176)",1
12802,"(15849, 66996)",1
12803,"(16273, 44223)",1
12804,"(4556, 66090)",1
12805,"(16256, 40054)",1
12806,"(625, 66962)",1
12807,"(3266, 66962)",1
12808,"(4119, 66960)",1
12809,"(7224, 66962)",1
12810,"(7427, 66962)",1
12811,"(9827, 66962)",1
12812,"(15786, 66962)",1
12813,"(15787, 66962)",1
12814,"(15788, 66962)",1
12815,"(15789, 66962)",1
12816,"(15790, 66962)",1
12817,"(15794, 66962)",1
12818,"(17594, 66962)",1
12819,"(15156, 52255)",1
12820,"(13376, 52312)",1
12821,"(18320, 64510)",1
12822,"(9525, 52295)",1
12823,"(3296, 44213)",1
12824,"(4132, 65483)",1
12825,"(13198, 65483)",1
12826,"(13278, 65483)",1
12827,"(13687, 65483)",1
12828,"(15879, 65483)",1
12829,"(16147, 65483)",1
12830,"(18020, 65483)",1
12831,"(2095, 44380)",1
12832,"(18404, 44453)",1
12833,"(5816, 52248)",1
12834,"(12720, 44071)",1
12835,"(12720, 52248)",1
12836,"(16117, 52248)",1
12837,"(2414, 44359)",1
12838,"(3250, 65822)",1
12839,"(4106, 66961)",1
12840,"(16317, 66961)",1
12841,"(16318, 66962)",1
12842,"(9870, 44297)",1
12843,"(10810, 34649)",1
12844,"(2681, 44214)",1
12845,"(18514, 64219)",1
12846,"(11399, 65797)",1
12847,"(4390, 804)",1
12848,"(8948, 64044)",1
12849,"(4973, 63934)",1
12850,"(4815, 52273)",1
12851,"(2499, 52324)",1
12852,"(4982, 67943)",1
12853,"(2483, 64831)",1
12854,"(7888, 64831)",1
12855,"(2483, 44152)",1
12856,"(1737, 52326)",1
12857,"(399, 52278)",1
12858,"(399, 67943)",1
12859,"(399, 67944)",1
12860,"(830, 52324)",1
12861,"(399, 44247)",1
12862,"(6520, 64831)",1
12863,"(8977, 52282)",1
12864,"(3101, 63964)",1
12865,"(399, 52312)",1
12866,"(8948, 63964)",1
12867,"(6753, 44247)",1
12868,"(10698, 63964)",1
12869,"(3101, 44458)",1
12870,"(3101, 64548)",1
12871,"(4602, 65366)",1
12872,"(4609, 65366)",1
12873,"(4613, 65366)",1
12874,"(4632, 65366)",1
12875,"(7858, 65366)",1
12876,"(11515, 65366)",1
12877,"(14200, 65366)",1
12878,"(14201, 65366)",1
12879,"(15252, 65366)",1
12880,"(15990, 65366)",1
12881,"(2681, 64244)",1
12882,"(7744, 64548)",1
12883,"(5301, 65890)",1
12884,"(3645, 65373)",1
12885,"(3101, 65373)",3
12886,"(18456, 44299)",1
12887,"(18207, 44479)",1
12888,"(10132, 64791)",1
12889,"(12113, 64791)",1
12890,"(13152, 64791)",1
12891,"(13208, 64791)",1
12892,"(5087, 66654)",1
12893,"(16232, 64992)",1
12894,"(5267, 44458)",1
12895,"(5267, 64548)",1
12896,"(12296, 40053)",1
12897,"(18442, 44335)",1
12898,"(2755, 63045)",1
12899,"(18505, 63045)",1
12900,"(12165, 52326)",1
12901,"(3164, 64044)",1
12902,"(399, 44309)",1
12903,"(4952, 34367)",3
12904,"(9276, 64022)",1
12905,"(399, 44458)",1
12906,"(18340, 52286)",1
12907,"(4778, 40056)",2
12908,"(15225, 64679)",1
12909,"(15503, 64679)",1
12910,"(1939, 64679)",1
12911,"(12542, 64679)",1
12912,"(10696, 65372)",1
12913,"(10696, 65373)",1
12914,"(9619, 52293)",1
12915,"(2814, 64679)",1
12916,"(10185, 64679)",1
12917,"(16071, 44479)",1
12918,"(6752, 64367)",1
12919,"(12866, 63887)",1
12920,"(10069, 44209)",1
12921,"(4556, 44361)",1
12922,"(16166, 44361)",1
12923,"(18470, 44361)",1
12924,"(16291, 44297)",1
12925,"(18500, 67948)",1
12926,"(18500, 67949)",1
12927,"(15875, 63437)",1
12928,"(13324, 67921)",2
12929,"(2662, 64164)",1
12930,"(257, 44297)",1
12931,"(731, 44297)",1
12932,"(1087, 44297)",1
12933,"(1087, 66094)",1
12934,"(9865, 44297)",1
12935,"(11091, 44297)",1
12936,"(16162, 44297)",1
12937,"(16163, 44297)",1
12938,"(98, 66989)",1
12939,"(13389, 67939)",1
12940,"(11008, 44302)",1
12941,"(13208, 44194)",1
12942,"(5234, 52235)",1
12943,"(7104, 34662)",1
12944,"(3474, 66781)",1
12945,"(4515, 821)",1
12946,"(16328, 65976)",1
12947,"(2681, 44481)",1
12948,"(6192, 64713)",1
12949,"(3474, 64692)",1
12950,"(2681, 44458)",2
12951,"(3474, 64368)",1
12952,"(2483, 62981)",1
12953,"(399, 34650)",1
12954,"(16094, 52310)",1
12955,"(2779, 64679)",1
12956,"(16184, 44479)",1
12957,"(1153, 44188)",1
12958,"(2681, 416)",1
12959,"(211, 64833)",2
12960,"(10128, 64833)",2
12961,"(2124, 67031)",1
12962,"(18251, 52323)",1
12963,"(18424, 64953)",1
12964,"(15396, 64045)",1
12965,"(3474, 52295)",1
12966,"(77, 65582)",1
12967,"(12668, 67938)",1
12968,"(199, 64828)",1
12969,"(2561, 64023)",1
12970,"(6170, 44392)",1
12971,"(4746, 44140)",1
12972,"(4746, 65569)",1
12973,"(2290, 66728)",1
12974,"(8057, 66728)",1
12975,"(16295, 44248)",1
12976,"(16244, 66728)",1
12977,"(10090, 39986)",1
12978,"(4832, 67929)",1
12979,"(1144, 67930)",1
12980,"(16156, 63437)",1
12981,"(16156, 65368)",1
12982,"(16280, 63437)",1
12983,"(929, 44365)",1
12984,"(14625, 44365)",1
12985,"(15406, 44389)",1
12986,"(5092, 64311)",1
12987,"(12384, 44213)",1
12988,"(744, 65823)",1
12989,"(2681, 67974)",1
12990,"(1392, 64831)",2
12991,"(399, 44194)",1
12992,"(9053, 66090)",1
12993,"(4735, 64458)",1
12994,"(3154, 63934)",1
12995,"(9628, 64679)",1
12996,"(6520, 44213)",2
12997,"(6520, 56390)",2
12998,"(6524, 44213)",1
12999,"(6524, 56390)",1
13000,"(6522, 44336)",1
13001,"(1949, 44153)",1
13002,"(11349, 64679)",1
13003,"(2945, 56390)",1
13004,"(2946, 56390)",1
13005,"(9760, 56390)",1
13006,"(11869, 64876)",1
13007,"(449, 65302)",1
13008,"(18511, 65976)",1
13009,"(5941, 40054)",1
13010,"(3352, 64021)",1
13011,"(1096, 44213)",1
13012,"(1905, 52315)",1
13013,"(3474, 66557)",1
13014,"(2644, 44290)",1
13015,"(16279, 44304)",1
13016,"(18376, 44079)",1
13017,"(6128, 63374)",1
13018,"(12793, 44476)",1
13019,"(10099, 44227)",1
13020,"(10099, 66364)",1
13021,"(8388, 67985)",1
13022,"(10090, 67985)",1
13023,"(1994, 44247)",1
13024,"(1306, 67967)",1
13025,"(2681, 44361)",2
13026,"(5401, 62745)",1
13027,"(16327, 66781)",2
13028,"(11931, 66539)",1
13029,"(77, 64886)",1
13030,"(2681, 66781)",1
13031,"(2943, 66781)",1
13032,"(3474, 44335)",1
13033,"(2401, 65812)",1
13034,"(11332, 875)",1
13035,"(2197, 52324)",1
13036,"(2983, 52324)",1
13037,"(18239, 52324)",1
13038,"(18240, 52324)",1
13039,"(18241, 52324)",1
13040,"(18242, 52324)",1
13041,"(16265, 44188)",1
13042,"(16266, 44189)",1
13043,"(4460, 52282)",1
13044,"(3101, 64831)",1
13045,"(12872, 65362)",1
13046,"(3175, 67418)",1
13047,"(7827, 64525)",1
13048,"(16179, 64525)",1
13049,"(399, 64525)",1
13050,"(6752, 64548)",1
13051,"(1733, 64244)",1
13052,"(1382, 65372)",1
13053,"(16081, 64041)",1
13054,"(399, 44242)",1
13055,"(399, 65582)",1
13056,"(7871, 64365)",1
13057,"(2687, 62745)",1
13058,"(6503, 44458)",1
13059,"(1045, 66781)",1
13060,"(1045, 67962)",1
13061,"(2677, 40054)",1
13062,"(9074, 56390)",1
13063,"(1148, 44299)",1
13064,"(2059, 44237)",1
13065,"(399, 64693)",1
13066,"(1318, 64693)",1
13067,"(1329, 64693)",1
13068,"(1337, 64693)",1
13069,"(3182, 64693)",1
13070,"(4460, 64693)",1
13071,"(4763, 64693)",2
13072,"(4802, 64693)",1
13073,"(6676, 64693)",1
13074,"(6752, 64693)",1
13075,"(9327, 64693)",1
13076,"(9844, 64693)",1
13077,"(10685, 64693)",1
13078,"(11583, 64693)",1
13079,"(14988, 64693)",1
13080,"(15314, 64693)",1
13081,"(18281, 64693)",1
13082,"(18283, 64693)",1
13083,"(997, 44213)",1
13084,"(10164, 44213)",1
13085,"(399, 65373)",1
13086,"(2483, 65373)",1
13087,"(3201, 65373)",1
13088,"(4982, 65373)",1
13089,"(5068, 65373)",1
13090,"(5768, 65373)",1
13091,"(6277, 65373)",1
13092,"(6500, 65373)",1
13093,"(6671, 65373)",1
13094,"(6752, 65373)",1
13095,"(7875, 65373)",1
13096,"(7888, 65373)",1
13097,"(8948, 65373)",1
13098,"(12872, 65373)",1
13099,"(3255, 44359)",1
13100,"(399, 52324)",1
13101,"(1318, 52324)",2
13102,"(4802, 52324)",1
13103,"(4982, 52324)",1
13104,"(4802, 19189)",1
13105,"(8675, 19189)",1
13106,"(10849, 56365)",1
13107,"(9512, 44242)",1
13108,"(9512, 44449)",1
13109,"(9512, 64458)",1
13110,"(890, 34340)",1
13111,"(6752, 67943)",1
13112,"(16263, 44155)",1
13113,"(12143, 67945)",1
13114,"(13359, 67931)",1
13115,"(18374, 67945)",1
13116,"(3474, 64148)",2
13117,"(91, 44341)",1
13118,"(11494, 67622)",1
13119,"(6187, 64828)",1
13120,"(6194, 64828)",1
13121,"(744, 52259)",2
13122,"(11008, 63010)",1
13123,"(14656, 63010)",1
13124,"(1638, 52254)",1
13125,"(16250, 52254)",1
13126,"(1799, 52289)",1
13127,"(2687, 63934)",1
13128,"(3201, 63934)",1
13129,"(6752, 63934)",1
13130,"(1169, 64696)",1
13131,"(12629, 64896)",1
13132,"(16140, 64896)",1
13133,"(16141, 64896)",1
13134,"(16202, 44321)",1
13135,"(9634, 52297)",1
13136,"(11587, 65373)",1
13137,"(7744, 63934)",1
13138,"(13326, 44295)",1
13139,"(14265, 63437)",1
13140,"(2681, 875)",1
13141,"(16095, 52311)",1
13142,"(5768, 52280)",1
13143,"(3474, 67965)",1
13144,"(18504, 67952)",1
13145,"(13208, 66108)",1
13146,"(1994, 67974)",1
13147,"(5941, 44530)",1
13148,"(9118, 44530)",1
13149,"(890, 66607)",1
13150,"(5379, 64954)",1
13151,"(11590, 64044)",1
13152,"(5941, 44341)",1
13153,"(4460, 64348)",1
13154,"(508, 67935)",1
13155,"(1960, 44214)",1
13156,"(3474, 67420)",1
13157,"(3474, 67674)",2
13158,"(18339, 67980)",1
13159,"(1306, 44247)",1
13160,"(5085, 44381)",1
13161,"(16130, 44154)",1
13162,"(16259, 65362)",1
13163,"(77, 66955)",1
13164,"(648, 66955)",1
13165,"(2095, 66955)",1
13166,"(8592, 66955)",1
13167,"(3474, 44204)",2
13168,"(18304, 52303)",1
13169,"(2681, 3596)",1
13170,"(1166, 67965)",1
13171,"(2235, 67965)",1
13172,"(3239, 67965)",1
13173,"(11357, 44291)",1
13174,"(3442, 19189)",1
13175,"(152, 52323)",1
13176,"(155, 52323)",1
13177,"(2169, 52323)",1
13178,"(2814, 52323)",1
13179,"(2485, 64453)",1
13180,"(5941, 34354)",1
13181,"(9118, 34354)",1
13182,"(7005, 3495)",1
13183,"(11943, 3495)",1
13184,"(861, 52199)",3
13185,"(9058, 66081)",2
13186,"(3600, 66809)",1
13187,"(9247, 3513)",1
13188,"(6356, 3509)",1
13189,"(2681, 56370)",1
13190,"(2681, 68011)",2
13191,"(1770, 34367)",1
13192,"(13326, 30532)",1
13193,"(1374, 3502)",2
13194,"(16435, 3502)",2
13195,"(6365, 67064)",1
13196,"(13320, 67524)",1
13197,"(4401, 52206)",1
13198,"(890, 66315)",1
13199,"(16482, 34355)",1
13200,"(16483, 34355)",1
13201,"(16380, 66081)",1
13202,"(16582, 30532)",1
13203,"(10090, 68005)",2
13204,"(77, 52199)",2
13205,"(16519, 65591)",1
13206,"(16520, 65591)",1
13207,"(16521, 65591)",1
13208,"(16522, 65591)",1
13209,"(18707, 65591)",1
13210,"(18710, 65591)",1
13211,"(861, 67348)",1
13212,"(14251, 30535)",1
13213,"(2124, 34352)",2
13214,"(9997, 34352)",2
13215,"(5872, 34367)",1
13216,"(9882, 34367)",1
13217,"(16544, 64453)",1
13218,"(13804, 62746)",1
13219,"(18723, 64424)",1
13220,"(3654, 64424)",1
13221,"(11657, 66521)",1
13222,"(11657, 66792)",1
13223,"(16408, 67730)",1
13224,"(18662, 66319)",1
13225,"(18842, 64785)",2
13226,"(2681, 67230)",2
13227,"(4306, 52223)",2
13228,"(5301, 26807)",2
13229,"(6192, 44379)",1
13230,"(3445, 63783)",1
13231,"(396, 52196)",1
13232,"(2681, 52199)",2
13233,"(2681, 3606)",2
13234,"(16573, 3606)",1
13235,"(13108, 65759)",1
13236,"(14265, 65759)",1
13237,"(5940, 3606)",1
13238,"(4460, 52206)",1
13239,"(2235, 30537)",1
13240,"(2421, 30537)",1
13241,"(5412, 3533)",1
13242,"(399, 65015)",1
13243,"(14985, 66522)",1
13244,"(4872, 30536)",1
13245,"(6920, 34585)",1
13246,"(861, 66042)",1
13247,"(5766, 52270)",1
13248,"(1445, 52253)",1
13249,"(18656, 64843)",1
13250,"(18657, 64843)",1
13251,"(16585, 67483)",1
13252,"(744, 66521)",1
13253,"(18731, 66521)",1
13254,"(5424, 66413)",1
13255,"(1958, 62746)",1
13256,"(9183, 62746)",1
13257,"(15504, 62746)",1
13258,"(15505, 62746)",1
13259,"(2681, 64836)",2
13260,"(399, 68009)",4
13261,"(9666, 67226)",1
13262,"(18753, 66892)",1
13263,"(18754, 66892)",1
13264,"(18774, 62991)",1
13265,"(18774, 62992)",1
13266,"(1683, 52206)",1
13267,"(2945, 34748)",1
13268,"(16594, 30533)",1
13269,"(16595, 30533)",1
13270,"(77, 67481)",1
13271,"(399, 68011)",4
13272,"(18827, 3519)",1
13273,"(18598, 65012)",1
13274,"(944, 3538)",2
13275,"(3101, 66411)",1
13276,"(2497, 3606)",1
13277,"(2499, 3606)",1
13278,"(11118, 3606)",1
13279,"(3474, 63971)",3
13280,"(908, 3496)",1
13281,"(4402, 52229)",1
13282,"(2681, 63420)",1
13283,"(3474, 63012)",1
13284,"(13631, 65057)",1
13285,"(928, 67497)",1
13286,"(1548, 26816)",1
13287,"(10279, 68020)",1
13288,"(10261, 26816)",1
13289,"(16612, 26816)",1
13290,"(3474, 52216)",2
13291,"(2026, 34746)",1
13292,"(5542, 34746)",1
13293,"(3474, 63973)",1
13294,"(4127, 64843)",1
13295,"(8187, 64843)",2
13296,"(9469, 64843)",1
13297,"(15388, 64843)",1
13298,"(15389, 64843)",1
13299,"(15390, 64843)",2
13300,"(18654, 64843)",1
13301,"(5092, 65264)",2
13302,"(5085, 65057)",1
13303,"(5121, 67642)",1
13304,"(13389, 65877)",1
13305,"(91, 3521)",1
13306,"(822, 3521)",1
13307,"(16438, 3521)",1
13308,"(2026, 65864)",1
13309,"(91, 34754)",1
13310,"(7872, 64446)",1
13311,"(77, 26825)",3
13312,"(6626, 26825)",1
13313,"(16430, 68016)",1
13314,"(16430, 68019)",1
13315,"(6834, 64435)",1
13316,"(15630, 3510)",1
13317,"(1204, 52224)",1
13318,"(399, 52199)",1
13319,"(16395, 64360)",1
13320,"(2681, 52233)",1
13321,"(2258, 67102)",1
13322,"(399, 34367)",1
13323,"(3645, 34367)",1
13324,"(6752, 34367)",2
13325,"(11430, 30532)",1
13326,"(13763, 67476)",1
13327,"(399, 67475)",1
13328,"(16400, 52196)",1
13329,"(16401, 52196)",1
13330,"(16402, 52196)",1
13331,"(6384, 34754)",1
13332,"(8437, 26815)",1
13333,"(8437, 30531)",1
13334,"(13888, 26818)",1
13335,"(1045, 3538)",1
13336,"(9649, 34751)",1
13337,"(11105, 67250)",1
13338,"(3474, 63438)",2
13339,"(744, 62746)",1
13340,"(4802, 34574)",1
13341,"(16381, 34362)",1
13342,"(18751, 52199)",1
13343,"(4952, 3544)",1
13344,"(1096, 52199)",1
13345,"(2681, 34342)",1
13346,"(928, 3507)",1
13347,"(2416, 66326)",1
13348,"(18841, 26807)",1
13349,"(4606, 67483)",1
13350,"(9479, 30530)",1
13351,"(16602, 30530)",1
13352,"(16603, 30530)",1
13353,"(16604, 30530)",1
13354,"(16605, 30530)",1
13355,"(8813, 66318)",1
13356,"(8813, 66328)",1
13357,"(5365, 52355)",1
13358,"(18782, 34585)",3
13359,"(2895, 3549)",1
13360,"(2895, 3606)",1
13361,"(928, 3506)",1
13362,"(1994, 3508)",1
13363,"(2681, 30531)",1
13364,"(5949, 26826)",1
13365,"(16611, 34751)",1
13366,"(3474, 68011)",2
13367,"(12793, 26812)",1
13368,"(5383, 44456)",1
13369,"(5301, 63012)",1
13370,"(1994, 26807)",2
13371,"(941, 30533)",1
13372,"(16375, 52229)",1
13373,"(16375, 52232)",1
13374,"(17984, 34357)",1
13375,"(908, 62989)",1
13376,"(2681, 62989)",2
13377,"(3474, 62989)",1
13378,"(16564, 64782)",1
13379,"(7091, 34342)",1
13380,"(1487, 34367)",1
13381,"(1530, 34367)",1
13382,"(5243, 34367)",1
13383,"(6289, 34367)",1
13384,"(6331, 34367)",1
13385,"(14191, 34367)",1
13386,"(16536, 34367)",1
13387,"(18776, 34367)",1
13388,"(18780, 34367)",1
13389,"(9054, 67481)",1
13390,"(16549, 40129)",1
13391,"(9147, 26815)",1
13392,"(1122, 64306)",1
13393,"(3037, 66308)",1
13394,"(6192, 67529)",1
13395,"(4707, 66319)",1
13396,"(14708, 68008)",1
13397,"(18791, 68008)",1
13398,"(16348, 34343)",1
13399,"(18551, 34343)",1
13400,"(91, 67729)",1
13401,"(5381, 67729)",1
13402,"(18775, 67729)",1
13403,"(16527, 66892)",1
13404,"(16576, 26807)",1
13405,"(5087, 66891)",1
13406,"(16548, 40129)",1
13407,"(8113, 64878)",3
13408,"(99, 34343)",1
13409,"(451, 34343)",1
13410,"(648, 34343)",1
13411,"(656, 34343)",1
13412,"(2044, 34343)",1
13413,"(5092, 34343)",1
13414,"(5269, 34343)",1
13415,"(8778, 34343)",1
13416,"(8910, 34343)",1
13417,"(10500, 34343)",1
13418,"(13373, 34343)",1
13419,"(14995, 34343)",1
13420,"(15747, 34343)",1
13421,"(15854, 34343)",1
13422,"(18537, 34343)",1
13423,"(18538, 34343)",1
13424,"(18539, 34343)",1
13425,"(18540, 34343)",1
13426,"(18541, 34343)",1
13427,"(18543, 34343)",1
13428,"(18544, 34343)",1
13429,"(18545, 34343)",1
13430,"(18546, 34343)",1
13431,"(18547, 34343)",1
13432,"(18548, 34343)",1
13433,"(18549, 34343)",1
13434,"(18553, 34343)",1
13435,"(18554, 34343)",1
13436,"(18555, 34343)",1
13437,"(18556, 34343)",1
13438,"(16586, 26825)",1
13439,"(18792, 40129)",1
13440,"(16345, 67803)",1
13441,"(16346, 67803)",1
13442,"(4813, 66318)",1
13443,"(5092, 26812)",1
13444,"(18846, 26831)",1
13445,"(18846, 65759)",1
13446,"(2681, 26865)",3
13447,"(3474, 26865)",1
13448,"(3474, 26866)",1
13449,"(2681, 26866)",2
13450,"(861, 63781)",1
13451,"(18825, 64160)",1
13452,"(2026, 67347)",1
13453,"(5648, 52233)",1
13454,"(3474, 3527)",1
13455,"(2681, 34349)",1
13456,"(2681, 44073)",2
13457,"(1045, 26833)",1
13458,"(3126, 65259)",1
13459,"(1292, 30536)",1
13460,"(15532, 52224)",1
13461,"(399, 62988)",1
13462,"(4460, 62988)",1
13463,"(6752, 62988)",1
13464,"(8948, 62988)",1
13465,"(8948, 64877)",1
13466,"(2499, 52224)",1
13467,"(3270, 67836)",1
13468,"(18673, 66672)",1
13469,"(399, 66735)",1
13470,"(7604, 26810)",1
13471,"(18843, 26810)",1
13472,"(10980, 3566)",1
13473,"(7749, 66328)",1
13474,"(399, 3538)",3
13475,"(1204, 3538)",1
13476,"(2499, 3538)",1
13477,"(2597, 3538)",1
13478,"(3037, 3538)",1
13479,"(3164, 3538)",1
13480,"(4460, 3538)",1
13481,"(6253, 3538)",1
13482,"(6752, 3538)",1
13483,"(944, 64877)",1
13484,"(399, 66328)",1
13485,"(1084, 63928)",1
13486,"(5070, 66806)",1
13487,"(2483, 44072)",1
13488,"(3201, 65586)",1
13489,"(11887, 65011)",1
13490,"(11887, 65586)",1
13491,"(1008, 64878)",1
13492,"(1318, 64878)",1
13493,"(2018, 64878)",1
13494,"(4872, 64878)",1
13495,"(6747, 64878)",1
13496,"(6752, 64878)",1
13497,"(10227, 64878)",1
13498,"(11804, 64878)",1
13499,"(16426, 64878)",1
13500,"(15043, 67358)",1
13501,"(3201, 26811)",1
13502,"(8948, 3497)",1
13503,"(8948, 62991)",1
13504,"(8948, 26812)",1
13505,"(3101, 3547)",1
13506,"(8675, 68034)",1
13507,"(4995, 34367)",1
13508,"(8948, 26811)",1
13509,"(1405, 34358)",1
13510,"(11888, 62747)",1
13511,"(9749, 63928)",1
13512,"(399, 65383)",1
13513,"(2681, 65383)",1
13514,"(5941, 65383)",1
13515,"(8948, 3509)",1
13516,"(6187, 67793)",1
13517,"(2604, 52334)",1
13518,"(3352, 52334)",1
13519,"(3512, 52334)",1
13520,"(14464, 3606)",1
13521,"(9720, 63932)",1
13522,"(9850, 63932)",1
13523,"(14518, 26824)",1
13524,"(6671, 62747)",1
13525,"(399, 26807)",1
13526,"(18595, 63932)",1
13527,"(18828, 3519)",1
13528,"(18571, 66258)",1
13529,"(1159, 65389)",2
13530,"(1978, 67096)",1
13531,"(8046, 67096)",1
13532,"(12856, 67096)",1
13533,"(14625, 67096)",1
13534,"(15109, 67096)",1
13535,"(16452, 67096)",1
13536,"(16489, 67096)",1
13537,"(16490, 67096)",1
13538,"(16491, 67096)",1
13539,"(16492, 67096)",1
13540,"(16493, 67096)",1
13541,"(16494, 67096)",1
13542,"(16495, 67096)",1
13543,"(16496, 67096)",1
13544,"(16497, 67096)",1
13545,"(16498, 67096)",1
13546,"(16499, 67096)",1
13547,"(16500, 67096)",1
13548,"(16501, 67096)",1
13549,"(16502, 67096)",1
13550,"(16503, 67096)",1
13551,"(16504, 67096)",1
13552,"(16505, 67096)",1
13553,"(16506, 67096)",1
13554,"(16507, 67096)",1
13555,"(16508, 67096)",1
13556,"(16509, 67096)",1
13557,"(16510, 67096)",1
13558,"(16511, 67096)",1
13559,"(16512, 67096)",1
13560,"(16513, 67096)",1
13561,"(16514, 67096)",1
13562,"(16515, 67096)",1
13563,"(16516, 67096)",1
13564,"(16517, 67096)",1
13565,"(16518, 67096)",1
13566,"(18678, 67096)",1
13567,"(18679, 67096)",1
13568,"(18680, 67096)",1
13569,"(18684, 67096)",1
13570,"(18686, 67096)",1
13571,"(18687, 67096)",1
13572,"(18688, 67096)",1
13573,"(18689, 67096)",1
13574,"(18691, 67096)",1
13575,"(18693, 67096)",1
13576,"(18695, 67096)",1
13577,"(18696, 67096)",1
13578,"(18704, 67096)",1
13579,"(908, 52226)",1
13580,"(77, 63352)",1
13581,"(16476, 66562)",1
13582,"(5755, 34341)",1
13583,"(404, 52224)",1
13584,"(3076, 65759)",1
13585,"(18533, 52271)",1
13586,"(18852, 26811)",1
13587,"(5768, 66328)",1
13588,"(1405, 30531)",1
13589,"(4735, 67524)",1
13590,"(6170, 52168)",1
13591,"(11505, 34569)",1
13592,"(4889, 3500)",1
13593,"(211, 67119)",1
13594,"(4268, 52168)",1
13595,"(2484, 3547)",1
13596,"(928, 68011)",1
13597,"(16685, 66521)",1
13598,"(16685, 66525)",1
13599,"(3474, 26816)",1
13600,"(9850, 30536)",1
13601,"(4460, 65015)",1
13602,"(2681, 3504)",1
13603,"(16410, 67729)",1
13604,"(18671, 66412)",1
13605,"(4566, 26833)",1
13606,"(5941, 34594)",1
13607,"(5244, 3510)",1
13608,"(4982, 3538)",1
13609,"(3474, 3500)",1
13610,"(1854, 40129)",1
13611,"(13108, 3495)",1
13612,"(11515, 68010)",1
13613,"(16347, 68006)",1
13614,"(16347, 68007)",1
13615,"(16412, 67998)",1
13616,"(13208, 64435)",1
13617,"(908, 67347)",1
13618,"(908, 26807)",2
13619,"(8806, 67529)",1
13620,"(3627, 66792)",1
13621,"(3434, 66415)",1
13622,"(15531, 66080)",2
13623,"(522, 66525)",1
13624,"(864, 66525)",1
13625,"(864, 66792)",1
13626,"(1380, 66525)",1
13627,"(1380, 66792)",1
13628,"(5611, 66525)",1
13629,"(5611, 66792)",1
13630,"(9868, 66792)",1
13631,"(11515, 66525)",1
13632,"(11515, 66792)",1
13633,"(13172, 66525)",1
13634,"(13172, 66792)",1
13635,"(16451, 66525)",1
13636,"(16451, 66792)",1
13637,"(9135, 3495)",1
13638,"(2351, 68026)",1
13639,"(319, 52195)",1
13640,"(2878, 52195)",1
13641,"(5243, 52196)",1
13642,"(5347, 52196)",1
13643,"(6324, 52196)",1
13644,"(6331, 52196)",1
13645,"(16721, 52196)",1
13646,"(18772, 52195)",1
13647,"(14451, 66522)",1
13648,"(2681, 67014)",1
13649,"(2681, 44236)",1
13650,"(3474, 44236)",1
13651,"(16416, 64511)",1
13652,"(16454, 52266)",1
13653,"(11515, 66522)",1
13654,"(623, 3505)",1
13655,"(16429, 68013)",1
13656,"(8891, 65298)",2
13657,"(8891, 68001)",2
13658,"(5087, 52196)",1
13659,"(18767, 52196)",1
13660,"(18768, 52196)",1
13661,"(634, 52196)",1
13662,"(8091, 64424)",1
13663,"(841, 34366)",1
13664,"(5835, 34362)",1
13665,"(5835, 64306)",1
13666,"(9768, 34362)",1
13667,"(18676, 34362)",1
13668,"(3352, 3505)",1
13669,"(2949, 3557)",1
13670,"(6524, 3557)",1
13671,"(18660, 66318)",1
13672,"(18660, 66328)",1
13673,"(2683, 63966)",1
13674,"(951, 30533)",1
13675,"(17983, 44077)",1
13676,"(8948, 52199)",1
13677,"(14491, 30528)",1
13678,"(13075, 68011)",1
13679,"(10768, 3554)",1
13680,"(18832, 63781)",1
13681,"(3474, 64840)",1
13682,"(3474, 65259)",1
13683,"(2681, 3543)",1
13684,"(2681, 3544)",1
13685,"(2681, 34344)",1
13686,"(3474, 34344)",1
13687,"(5301, 34344)",1
13688,"(4952, 44456)",1
13689,"(1211, 52237)",2
13690,"(16609, 26814)",1
13691,"(77, 26822)",1
13692,"(11021, 52199)",1
13693,"(396, 67729)",1
13694,"(6708, 66952)",1
13695,"(16589, 64785)",1
13696,"(18560, 66297)",1
13697,"(2124, 44151)",1
13698,"(14771, 67477)",1
13699,"(14490, 3523)",1
13700,"(9131, 26816)",1
13701,"(634, 34747)",1
13702,"(5147, 52171)",1
13703,"(3037, 64659)",1
13704,"(5432, 52346)",1
13705,"(15402, 65871)",1
13706,"(18613, 65871)",1
13707,"(77, 3516)",1
13708,"(7898, 66037)",1
13709,"(5391, 65057)",1
13710,"(13208, 62991)",1
13711,"(13208, 66165)",1
13712,"(2739, 64698)",2
13713,"(18752, 66042)",1
13714,"(12624, 65149)",1
13715,"(16369, 65149)",1
13716,"(3614, 67483)",1
13717,"(4928, 66476)",1
13718,"(18724, 64846)",1
13719,"(744, 64424)",1
13720,"(16565, 66044)",1
13721,"(16591, 30535)",1
13722,"(6192, 26807)",1
13723,"(6423, 26814)",1
13724,"(18551, 63897)",1
13725,"(5349, 52234)",2
13726,"(8878, 52234)",2
13727,"(8878, 67237)",2
13728,"(1096, 30536)",1
13729,"(8878, 65264)",1
13730,"(8713, 34355)",1
13731,"(77, 3538)",1
13732,"(6276, 3538)",1
13733,"(6869, 34754)",1
13734,"(4359, 65149)",1
13735,"(16368, 65149)",1
13736,"(1220, 30531)",1
13737,"(8187, 67424)",1
13738,"(2487, 65011)",1
13739,"(14270, 64785)",1
13740,"(1994, 3495)",1
13741,"(9997, 3511)",1
13742,"(16377, 66302)",1
13743,"(3474, 52223)",1
13744,"(4556, 66147)",1
13745,"(10001, 66147)",1
13746,"(10324, 66147)",1
13747,"(16569, 66147)",1
13748,"(16534, 64435)",1
13749,"(6620, 52206)",1
13750,"(18725, 66522)",1
13751,"(7703, 34367)",1
13752,"(7703, 3606)",1
13753,"(2949, 34352)",1
13754,"(2950, 34352)",1
13755,"(12642, 34352)",1
13756,"(9889, 65825)",1
13757,"(16436, 64160)",1
13758,"(15040, 40043)",1
13759,"(77, 67837)",1
13760,"(522, 67837)",1
13761,"(17748, 63928)",1
13762,"(18612, 65149)",1
13763,"(5301, 26825)",1
13764,"(3445, 3559)",1
13765,"(11262, 68034)",1
13766,"(536, 62746)",1
13767,"(18636, 62746)",1
13768,"(1300, 44404)",1
13769,"(18566, 65057)",1
13770,"(6225, 52236)",1
13771,"(2681, 63422)",1
13772,"(6671, 34341)",1
13773,"(399, 68034)",1
13774,"(2950, 44151)",1
13775,"(3474, 67794)",1
13776,"(5712, 26822)",1
13777,"(2868, 65864)",1
13778,"(16428, 68011)",2
13779,"(1096, 52207)",1
13780,"(6460, 52207)",1
13781,"(12282, 52207)",1
13782,"(2681, 3553)",1
13783,"(2681, 3603)",1
13784,"(10128, 3603)",1
13785,"(18830, 3520)",1
13786,"(16547, 62749)",1
13787,"(5998, 66521)",1
13788,"(5998, 66522)",1
13789,"(11692, 66522)",1
13790,"(3474, 52232)",1
13791,"(399, 65474)",1
13792,"(2780, 65474)",1
13793,"(2780, 65476)",1
13794,"(10872, 44261)",1
13795,"(4952, 3506)",1
13796,"(4969, 3506)",1
13797,"(399, 52407)",1
13798,"(211, 64832)",1
13799,"(5941, 30536)",2
13800,"(5941, 34753)",1
13801,"(4102, 68008)",1
13802,"(15371, 68008)",1
13803,"(16425, 64878)",1
13804,"(16546, 44283)",1
13805,"(13824, 64785)",1
13806,"(6927, 3506)",1
13807,"(2734, 68005)",1
13808,"(411, 64424)",1
13809,"(10090, 68025)",1
13810,"(4993, 30532)",1
13811,"(517, 52354)",1
13812,"(3555, 68004)",1
13813,"(3260, 68008)",1
13814,"(16551, 64020)",1
13815,"(8948, 65152)",1
13816,"(8948, 66040)",1
13817,"(8948, 67497)",1
13818,"(3474, 3509)",1
13819,"(1994, 68009)",1
13820,"(2681, 68009)",1
13821,"(6467, 26833)",1
13822,"(6467, 67793)",1
13823,"(5542, 3506)",1
13824,"(5941, 3513)",1
13825,"(3352, 3495)",1
13826,"(928, 34569)",1
13827,"(1306, 34569)",1
13828,"(6209, 34569)",1
13829,"(8483, 34569)",1
13830,"(12448, 34569)",1
13831,"(16018, 34569)",1
13832,"(2026, 3558)",1
13833,"(5329, 52206)",1
13834,"(2683, 63932)",1
13835,"(2687, 63932)",1
13836,"(16539, 52339)",1
13837,"(2483, 67358)",1
13838,"(1084, 3554)",1
13839,"(7693, 3519)",1
13840,"(7693, 63778)",1
13841,"(4802, 40043)",1
13842,"(7693, 40043)",1
13843,"(3175, 66734)",1
13844,"(399, 63895)",1
13845,"(4872, 63895)",1
13846,"(5812, 63895)",1
13847,"(7703, 63895)",1
13848,"(6360, 68037)",1
13849,"(16473, 63931)",1
13850,"(4460, 64184)",1
13851,"(18674, 44256)",1
13852,"(18674, 66809)",1
13853,"(1733, 65015)",1
13854,"(6384, 3494)",1
13855,"(5598, 52407)",1
13856,"(5757, 66415)",1
13857,"(3642, 3606)",1
13858,"(3645, 3606)",1
13859,"(3648, 3606)",1
13860,"(16456, 52363)",1
13861,"(984, 52195)",1
13862,"(1994, 3506)",1
13863,"(1045, 68009)",1
13864,"(12008, 66411)",1
13865,"(12116, 3495)",1
13866,"(4681, 66328)",1
13867,"(18659, 66328)",1
13868,"(16598, 34748)",1
13869,"(14416, 66328)",1
13870,"(2097, 65759)",1
13871,"(10128, 67574)",1
13872,"(12754, 66525)",1
13873,"(12754, 66792)",1
13874,"(16387, 66521)",1
13875,"(16387, 66525)",1
13876,"(43, 34358)",1
13877,"(399, 34358)",1
13878,"(931, 34358)",1
13879,"(5812, 34358)",1
13880,"(8709, 34358)",1
13881,"(14427, 34358)",1
13882,"(18625, 34358)",1
13883,"(18626, 34358)",1
13884,"(18627, 34358)",1
13885,"(4952, 3494)",2
13886,"(211, 66627)",1
13887,"(211, 66754)",1
13888,"(2687, 26811)",1
13889,"(16524, 66521)",1
13890,"(16524, 66525)",1
13891,"(16524, 66792)",1
13892,"(5538, 66322)",1
13893,"(984, 3606)",2
13894,"(18718, 3519)",1
13895,"(8113, 26811)",1
13896,"(18740, 52206)",1
13897,"(2095, 26818)",1
13898,"(1960, 30532)",1
13899,"(3938, 34352)",1
13900,"(16458, 34352)",1
13901,"(16459, 34352)",1
13902,"(16460, 34352)",1
13903,"(16461, 34352)",1
13904,"(16462, 34352)",1
13905,"(16463, 34352)",1
13906,"(16464, 34352)",1
13907,"(16615, 67529)",1
13908,"(14494, 52327)",1
13909,"(18658, 52168)",1
13910,"(11504, 3500)",1
13911,"(11886, 3512)",1
13912,"(1430, 66522)",1
13913,"(4731, 26807)",1
13914,"(4928, 66464)",1
13915,"(625, 66088)",1
13916,"(16533, 66088)",1
13917,"(2026, 52195)",1
13918,"(11105, 34754)",1
13919,"(8649, 67836)",1
13920,"(5941, 52206)",1
13921,"(3474, 34342)",1
13922,"(4460, 63420)",1
13923,"(8948, 34747)",1
13924,"(16567, 63780)",1
13925,"(77, 3506)",1
13926,"(2095, 3506)",1
13927,"(2814, 3506)",1
13928,"(3352, 3506)",1
13929,"(5087, 3506)",1
13930,"(18820, 68033)",1
13931,"(2937, 3547)",1
13932,"(404, 62747)",1
13933,"(3037, 66318)",1
13934,"(3474, 3512)",1
13935,"(6869, 34748)",1
13936,"(18845, 34746)",1
13937,"(8483, 65759)",1
13938,"(1318, 67243)",1
13939,"(1045, 64306)",1
13940,"(1045, 66308)",1
13941,"(1045, 66326)",1
13942,"(77, 34594)",1
13943,"(388, 63927)",1
13944,"(16526, 44082)",1
13945,"(928, 26825)",1
13946,"(3640, 30536)",1
13947,"(18602, 503)",1
13948,"(13326, 68000)",1
13949,"(2856, 68012)",1
13950,"(1833, 52229)",1
13951,"(658, 64554)",1
13952,"(6170, 3606)",1
13953,"(5941, 64821)",1
13954,"(3474, 26807)",1
13955,"(18760, 44119)",1
13956,"(3474, 52327)",1
13957,"(2681, 30532)",1
13958,"(16543, 67995)",1
13959,"(3101, 52366)",1
13960,"(8948, 34748)",1
13961,"(16610, 26825)",1
13962,"(3474, 3496)",1
13963,"(3474, 26771)",1
13964,"(5956, 67347)",1
13965,"(15669, 34747)",1
13966,"(114, 52362)",1
13967,"(5988, 52362)",1
13968,"(5301, 67497)",1
13969,"(16457, 65588)",1
13970,"(6411, 52231)",1
13971,"(16593, 67524)",1
13972,"(506, 65759)",1
13973,"(6170, 63975)",1
13974,"(3182, 68009)",1
13975,"(2539, 52206)",1
13976,"(1828, 67255)",1
