namespace	ncbi_taxid
entity_id	external_id	source
bac100	1255681	organism
bac10000	71235	organism
bac10012	60552	organism
bac10014	314281	organism
bac10017	49319	organism
bac10037	158899	organism
bac10042	68287	organism
bac10047	28197	organism
bac10048	302406	organism
bac10049	56636	organism
bac10057	216816	organism
bac10059	39152	organism
bac10061	2285	organism
bac10062	311400	organism
bac10063	1513	organism
bac10065	893	organism
bac10068	59610	organism
bac10069	76887	organism
bac10073	57040	organism
bac10087	182774	organism
bac10088	74318	organism
bac10090	258	organism
bac10091	37329	organism
bac10095	1804	organism
bac10117	148449	organism
bac10121	269261	organism
bac10122	223786	organism
bac10124	206403	organism
bac10125	202747	organism
bac10126	39766	organism
bac10127	267990	organism
bac10129	152526	organism
bac10131	217041	organism
bac10132	291048	organism
bac10133	64160	organism
bac10134	206249	organism
bac10135	171869	organism
bac10136	223788	organism
bac10137	269253	organism
bac10139	47493	organism
bac10144	189425	organism
bac10152	68909	organism
bac10175	2317	organism
bac102	29430	organism
bac10237	311400	organism
bac10250	33877	organism
bac10251	57493	organism
bac10254	1698	organism
bac10259	40323	organism
bac10264	52584	organism
bac10268	70775	organism
bac10273	407	organism
bac1028	292	organism
bac10280	145260	organism
bac10281	1318	organism
bac1029	28095	organism
bac10297	1777	organism
bac103	40214	organism
bac1030	13373	organism
bac10300	32038	organism
bac10302	55208	organism
bac10304	29485	organism
bac10307	364901	organism
bac10308	294699	organism
bac1031	28450	organism
bac10311	2109	organism
bac10312	47878	organism
bac1032	159450	organism
bac10321	1035	organism
bac10324	47420	organism
bac10327	1582	organism
bac1033	32008	organism
bac10330	1313	organism
bac10331	204891	organism
bac10340	43657	organism
bac10346	1129	organism
bac10354	45634	organism
bac10361	106590	organism
bac10363	160791	organism
bac10365	314263	organism
bac10367	60137	organism
bac10368	61598	organism
bac10369	73141	organism
bac10370	46450	organism
bac10371	1096	organism
bac10373	34089	organism
bac10376	274537	organism
bac1038	1736	organism
bac1039	831	organism
bac104	40215	organism
bac1040	830	organism
bac10426	216778	organism
bac10437	2317	organism
bac10438	13687	organism
bac10470	181486	organism
bac10471	2209	organism
bac10472	2214	organism
bac10473	223390	organism
bac10474	459519	organism
bac10475	47958	organism
bac10477	93217	organism
bac10478	179467	organism
bac10480	427333	organism
bac10482	204773	organism
bac10484	301301	organism
bac10485	105841	organism
bac10486	39488	organism
bac105	28090	organism
bac10500	124798	organism
bac10505	395598	organism
bac10511	53972	synonym
bac10532	1569	organism
bac10538	33923	organism
bac10539	55604	organism
bac10540	28903	organism
bac10542	2118	organism
bac10543	2117	organism
bac10544	2120	organism
bac10545	48003	organism
bac10546	171279	organism
bac10547	2100	synonym
bac10548	2128	synonym
bac1055	44001	organism
bac10550	28227	organism
bac10558	68892	organism
bac1056	44000	organism
bac1058	57174	organism
bac10587	153151	organism
bac106	40216	organism
bac10615	1641	organism
bac10616	1643	organism
bac10638	59840	organism
bac10667	650	organism
bac10669	50712	organism
bac10684	67386	organism
bac10686	310575	organism
bac10687	204038	organism
bac10689	74385	organism
bac107	469	organism
bac10707	28253	organism
bac10708	207954	organism
bac10711	111143	organism
bac10712	173509	organism
bac10713	93973	organism
bac10714	190305	organism
bac10715	190310	organism
bac10716	190308	organism
bac10717	365590	organism
bac1072	1186	organism
bac10720	618	organism
bac10722	672	organism
bac10723	542	organism
bac10724	182337	organism
bac10725	338565	organism
bac10726	876	organism
bac10727	1061	organism
bac10738	1607	organism
bac10741	56193	organism
bac10764	132919	organism
bac10767	136609	organism
bac10768	184077	organism
bac10770	29543	organism
bac10772	54248	organism
bac10773	338192	organism
bac10774	351604	organism
bac10776	74969	organism
bac10787	331992	organism
bac10802	390641	organism
bac10804	221822	organism
bac10805	42444	organism
bac10807	93683	organism
bac10808	278132	organism
bac10809	60136	organism
bac10810	159346	organism
bac10811	254357	organism
bac10812	93684	organism
bac10813	28228	organism
bac10816	295419	organism
bac10818	545501	organism
bac10825	93369	organism
bac10826	314263	organism
bac10829	179636	organism
bac10830	121428	organism
bac10831	84096	organism
bac10832	89053	organism
bac10834	89051	organism
bac10835	40516	organism
bac10836	168480	organism
bac10837	83341	organism
bac10840	36823	organism
bac10841	2055	organism
bac10842	158898	organism
bac10843	85044	organism
bac10861	303	organism
bac1087	197	organism
bac10877	651	organism
bac10887	28228	organism
bac1089	194	organism
bac10895	329854	organism
bac10909	178901	organism
bac10910	65959	organism
bac10911	104100	organism
bac10926	2743	organism
bac10945	1590	organism
bac10951	1119528	organism
bac10956	67255	organism
bac10957	33903	organism
bac10958	1915	organism
bac10959	1927	organism
bac10960	37326	organism
bac10962	36821	organism
bac10963	46161	organism
bac10964	1697	organism
bac10965	43768	organism
bac10969	351052	organism
bac10970	461876	organism
bac10991	36844	organism
bac10992	36847	organism
bac11019	1102	organism
bac11020	1094	organism
bac11021	55518	organism
bac11022	49447	organism
bac11024	337779	organism
bac11068	210	organism
bac11070	152480	organism
bac11072	294936	organism
bac11073	680	organism
bac11077	364317	organism
bac11078	109262	organism
bac11079	363848	organism
bac11080	984307	organism
bac11081	150026	organism
bac11082	93222	organism
bac11083	418223	organism
bac11085	42444	organism
bac11095	373675	organism
bac11097	254406	organism
bac11098	340021	organism
bac11099	57975	organism
bac11115	1685	organism
bac11116	1686	organism
bac11152	237	organism
bac11155	79264	organism
bac11165	46679	organism
bac11186	1883	organism
bac11226	80854	organism
bac11227	283734	organism
bac11233	480520	organism
bac11234	2173	organism
bac11238	1279	organism
bac11248	106589	organism
bac11253	507752	organism
bac11269	373675	organism
bac11299	217511	organism
bac11300	245188	organism
bac11301	314255	organism
bac11307	133539	organism
bac11309	1229	organism
bac11310	1048	organism
bac11356	229980	organism
bac11357	198703	organism
bac11361	85085	organism
bac11366	1827	organism
bac11377	286	organism
bac11408	40269	organism
bac11423	248026	organism
bac11426	1280	synonym
bac11456	38289	organism
bac11458	33060	organism
bac11460	152500	organism
bac11465	1661	organism
bac11468	256618	organism
bac11470	1879	organism
bac11472	2017	organism
bac11473	29308	organism
bac11487	61435	organism
bac11491	39844	organism
bac11492	33954	organism
bac11544	33905	organism
bac11545	28026	organism
bac11546	1680	organism
bac11547	1689	organism
bac11548	1683	organism
bac11592	107709	organism
bac11599	316997	organism
bac1162	1017	organism
bac11620	93929	organism
bac11622	174	organism
bac11624	83984	organism
bac11626	86667	organism
bac11627	35742	organism
bac11628	182779	organism
bac1163	1018	organism
bac1164	1019	organism
bac11662	2269	organism
bac11664	93944	organism
bac11666	60217	organism
bac11672	170652	organism
bac11673	170679	organism
bac11674	170651	organism
bac11675	265668	organism
bac11676	171383	organism
bac11677	661	organism
bac11682	187879	organism
bac11683	277988	organism
bac11687	342948	organism
bac11697	177758	organism
bac11700	349064	organism
bac11714	110163	organism
bac11715	2264	organism
bac11716	110164	organism
bac11717	72360	organism
bac11737	22	organism
bac11748	86304	organism
bac11749	252514	organism
bac11751	53246	organism
bac11755	1971	organism
bac11763	666	organism
bac11768	160233	organism
bac11769	471511	organism
bac11770	518643	organism
bac1178	129958	organism
bac11784	424218	organism
bac11794	661	organism
bac11800	158327	organism
bac11802	427918	organism
bac11811	1201031	organism
bac11855	1703	organism
bac11857	357794	organism
bac11863	79885	organism
bac11866	1134687	organism
bac11873	2209	organism
bac11874	69499	organism
bac11876	496866	organism
bac11877	375929	organism
bac11878	46541	organism
bac11879	52	organism
bac11891	2377	organism
bac11892	2378	organism
bac11893	901	organism
bac11895	2382	organism
bac11897	36849	organism
bac11898	52690	organism
bac11915	358766	organism
bac11916	475088	organism
bac11918	2247	organism
bac11919	39152	organism
bac1192	2748	organism
bac11920	39152	organism
bac11921	39152	organism
bac11922	39152	organism
bac11923	35818	organism
bac11924	2198	organism
bac11925	2224	organism
bac11927	121277	organism
bac1193	2751	organism
bac11933	1313	organism
bac1194	2747	organism
bac11940	168697	organism
bac11943	870	organism
bac11957	38300	organism
bac1199	33977	organism
bac11990	28152	organism
bac12009	652	organism
bac12010	47229	organism
bac1205	53367	organism
bac12063	1363	organism
bac12076	106355	organism
bac12078	225327	organism
bac12081	29580	organism
bac12082	200618	organism
bac12084	288022	organism
bac12091	299462	organism
bac12099	364098	organism
bac12100	335406	organism
bac12101	158823	organism
bac12123	400390	organism
bac12131	726	organism
bac1218	155892	organism
bac12182	551760	organism
bac12186	191863	organism
bac12198	105560	organism
bac122	714	organism
bac12201	338192	organism
bac12211	2280	organism
bac1222	75	organism
bac12228	259354	organism
bac1223	74313	organism
bac12240	217159	organism
bac12251	1911	synonym
bac12263	2021	organism
bac1227	158484	organism
bac12273	28108	organism
bac12274	64178	organism
bac12276	70799	organism
bac12277	54311	organism
bac12292	645578	organism
bac12293	876270	organism
bac12297	66431	organism
bac123	715	organism
bac12317	43661	organism
bac12319	58351	organism
bac1232	43670	organism
bac12326	43771	organism
bac1233	1708	organism
bac12339	95485	organism
bac1234	1711	organism
bac12347	168695	organism
bac1235	1707	organism
bac1236	1714	organism
bac12375	67575	organism
bac12377	184924	organism
bac1238	11	organism
bac12384	69539	organism
bac12385	89067	organism
bac124	713	organism
bac12409	28175	organism
bac12410	29494	organism
bac12431	34003	organism
bac12439	2724944	organism
bac12444	254759	organism
bac12452	47885	organism
bac12458	29489	organism
bac12462	1615	organism
bac12473	80869	organism
bac12476	252970	organism
bac12477	60548	organism
bac12478	169427	organism
bac12480	152480	organism
bac12481	92647	organism
bac12482	134536	organism
bac12484	312306	organism
bac12485	192	organism
bac12486	219649	organism
bac12487	31998	organism
bac12488	321895	organism
bac12489	148447	organism
bac12490	157910	organism
bac12491	75105	organism
bac12498	340145	organism
bac12543	271098	organism
bac12544	359303	organism
bac12545	70864	organism
bac12546	404011	organism
bac12547	271097	organism
bac12548	60961	organism
bac12549	192073	organism
bac12550	60478	organism
bac12551	62322	organism
bac12557	2198	organism
bac12558	2197	organism
bac12582	67353	organism
bac126	46158	organism
bac12605	44155	organism
bac12609	41275	organism
bac12611	121290	organism
bac12612	83618	organism
bac12618	663610	organism
bac12624	1795	organism
bac12638	165696	organism
bac12639	32012	organism
bac12640	1125847	organism
bac12643	199136	organism
bac12644	35701	organism
bac12645	28064	organism
bac12646	35700	organism
bac12649	121291	organism
bac12661	2375	organism
bac12664	132608	organism
bac12665	324833	organism
bac12669	225362	organism
bac12671	566	organism
bac12673	331971	organism
bac12676	150247	organism
bac12685	310769	organism
bac127	46160	organism
bac12709	144786	organism
bac12710	2033	organism
bac12731	29580	organism
bac12737	38300	organism
bac12743	490575	organism
bac12745	486507	organism
bac12751	307580	organism
bac12753	72803	organism
bac12756	412861	organism
bac12761	29330	organism
bac12763	367791	organism
bac128	46163	organism
bac12803	660513	organism
bac12805	78342	organism
bac12817	173480	organism
bac12824	74385	organism
bac12825	83681	organism
bac12827	28031	organism
bac1284	1883	organism
bac12846	128802	organism
bac12852	76517	organism
bac12853	244787	organism
bac12854	207949	organism
bac12855	291112	organism
bac12857	83171	organism
bac12858	67760	organism
bac12859	73913	organism
bac12860	172049	organism
bac12861	55802	organism
bac12864	60920	organism
bac12865	191495	organism
bac12866	1538	organism
bac12871	257772	organism
bac12879	29447	organism
bac12882	67369	organism
bac12887	2433	organism
bac12891	52603	organism
bac12893	199596	organism
bac12894	215813	organism
bac129	1988	organism
bac12905	2208	organism
bac12910	1880	organism
bac12923	548579	organism
bac12924	1452	organism
bac12932	45667	organism
bac12945	29380	organism
bac12950	68247	organism
bac12955	96230	organism
bac12994	351676	organism
bac12995	117207	organism
bac12996	59779	organism
bac12997	152682	organism
bac130	46165	organism
bac13009	282216	organism
bac13018	47866	organism
bac13019	1878	organism
bac13020	29409	organism
bac13021	200615	organism
bac13022	29408	organism
bac13023	200616	organism
bac13024	551546	organism
bac13045	65	organism
bac13046	42197	organism
bac13066	94624	organism
bac13073	160791	organism
bac13075	330922	organism
bac13087	106589	organism
bac13093	1888	organism
bac1310	83560	organism
bac13105	85683	organism
bac13106	7	organism
bac13108	201	organism
bac1311	83558	organism
bac13110	2277	organism
bac13116	285537	organism
bac1312	83554	organism
bac13129	57494	organism
bac1313	810	organism
bac13131	274	organism
bac13137	106648	organism
bac13138	69218	organism
bac13146	1859	organism
bac1315	813	organism
bac13167	191768	organism
bac13171	1413	organism
bac13179	76947	organism
bac13194	1243	organism
bac132	1659	organism
bac13206	33899	organism
bac13213	54261	organism
bac13246	212	organism
bac13247	56877	organism
bac13283	114616	organism
bac13298	2034	organism
bac13299	24	organism
bac133	1914	organism
bac13310	71997	organism
bac13316	69656	organism
bac13318	90909	organism
bac13319	53952	organism
bac13320	71998	organism
bac13323	447	organism
bac13359	554343	organism
bac13360	1684	organism
bac13373	361575	organism
bac13376	33059	organism
bac13378	40324	organism
bac13389	116188	organism
bac134	1655	organism
bac13418	66428	organism
bac1342	1092	organism
bac13426	104100	organism
bac1343	115852	organism
bac13430	376620	organism
bac13446	217159	organism
bac1345	1097	organism
bac13458	157	organism
bac13478	43057	organism
bac1348	1098	organism
bac13484	51173	organism
bac135	1923	organism
bac13503	134601	organism
bac13505	2199	organism
bac1352	1108	organism
bac13530	2736	organism
bac13531	482957	organism
bac13534	2189	organism
bac13536	41675	organism
bac13537	360807	organism
bac13543	1008460	organism
bac13565	285091	organism
bac13569	47853	organism
bac13588	215813	organism
bac13590	42443	organism
bac13593	665874	organism
bac13594	393662	organism
bac13595	62140	organism
bac13596	223967	organism
bac13599	244596	organism
bac136	1654	organism
bac13600	388408	organism
bac13622	242703	organism
bac13631	33986	organism
bac13641	2350	organism
bac13643	83816	organism
bac13646	419186	organism
bac13649	388741	organism
bac13650	2163	organism
bac13658	29282	organism
bac13659	261291	organism
bac13660	413810	organism
bac13661	2246	organism
bac13664	2249	organism
bac13665	396317	organism
bac13668	228229	organism
bac1367	1050	organism
bac137	1935	organism
bac1370	29581	organism
bac13701	240495	organism
bac13702	68214	organism
bac13705	334543	organism
bac13708	940615	organism
bac13712	379547	organism
bac13716	43776	organism
bac13720	2066	organism
bac13721	513050	organism
bac13724	186192	organism
bac13725	208479	organism
bac13735	285079	organism
bac13739	397260	organism
bac1374	238	organism
bac13740	156457	organism
bac13744	60894	organism
bac1375	309797	organism
bac13750	456455	organism
bac13755	55218	organism
bac13759	2118	organism
bac13766	38314	organism
bac13770	46161	organism
bac13780	368812	organism
bac13787	1886	organism
bac138	67381	organism
bac13801	76891	organism
bac13806	911092	organism
bac13822	42234	organism
bac13823	1941	organism
bac13824	163361	organism
bac13825	68258	organism
bac13826	476551	organism
bac13827	67358	organism
bac13837	111504	organism
bac13848	228745	organism
bac13858	115979	organism
bac13860	193460	organism
bac13868	110101	organism
bac13869	553088	organism
bac13871	54913	organism
bac13875	1215385	organism
bac13889	198119	organism
bac13891	227866	organism
bac13892	293387	organism
bac13894	561879	organism
bac13895	69370	organism
bac13899	119394	organism
bac139	1656	organism
bac13901	399	organism
bac13904	269709	organism
bac13909	414	organism
bac13913	405212	organism
bac13914	375	organism
bac13916	304736	organism
bac13918	309806	organism
bac13922	179838	organism
bac13924	456327	organism
bac13935	333367	organism
bac13945	300560	organism
bac13958	67327	organism
bac13966	80865	organism
bac1397	35703	organism
bac13978	481720	organism
bac1398	546	organism
bac1399	545	organism
bac14000	2423	organism
bac14014	57029	organism
bac1402	544	organism
bac14023	334771	organism
bac14024	181663	organism
bac14032	450	organism
bac14033	371601	organism
bac14034	301953	organism
bac14037	68286	organism
bac14045	104264	organism
bac14046	1172192	organism
bac14050	310297	organism
bac14056	192904	organism
bac14057	248906	organism
bac14058	237373	organism
bac14064	570	organism
bac14068	43659	organism
bac14070	979	organism
bac14071	1136065	organism
bac14077	1852	organism
bac14078	1081601	organism
bac14085	813	organism
bac14086	197	organism
bac14087	188908	organism
bac14090	128785	organism
bac14097	380021	organism
bac14098	104628	organism
bac14099	96241	organism
bac141	1866	organism
bac14100	85991	organism
bac14101	83559	organism
bac14106	182640	organism
bac14110	172827	organism
bac14114	35786	organism
bac14143	1318	organism
bac14144	1307	organism
bac14145	45634	organism
bac14147	113107	organism
bac14148	68891	organism
bac14157	257758	organism
bac14188	943941	organism
bac14191	84023	organism
bac14193	328515	organism
bac14199	2136	organism
bac142	35752	organism
bac14234	262324	organism
bac14246	187878	organism
bac14248	53437	organism
bac14250	1863	organism
bac14254	172045	organism
bac14256	40837	organism
bac14258	129338	organism
bac14259	392734	organism
bac14260	364410	organism
bac14265	54915	organism
bac14268	319939	organism
bac14274	1341119	organism
bac14307	153233	organism
bac14308	219314	organism
bac14313	41951	organism
bac14319	1408	organism
bac14320	1390	organism
bac14321	184117	organism
bac14327	304895	organism
bac14331	29497	organism
bac14333	55148	organism
bac14334	185300	organism
bac14377	75654	organism
bac14386	582419	organism
bac144	1865	organism
bac14401	101192	organism
bac14410	504097	organism
bac14426	1355477	organism
bac14433	898	organism
bac14439	47850	organism
bac14448	125	organism
bac14456	316277	organism
bac14460	492670	organism
bac14462	118000	organism
bac14463	1134405	organism
bac14472	29360	organism
bac14476	57497	organism
bac14491	54254	organism
bac14497	72361	organism
bac14498	252246	organism
bac14499	1654	organism
bac145	1869	organism
bac1450	29369	organism
bac14500	273678	organism
bac14505	2065	organism
bac14507	40567	organism
bac14508	391953	organism
bac1451	84022	organism
bac14510	48296	organism
bac1452	1488	organism
bac1454	1556	organism
bac14542	183417	organism
bac1456	1527	organism
bac14566	316612	organism
bac14567	39687	organism
bac14570	1927	synonym
bac14572	449973	organism
bac14573	517011	organism
bac1458	1561	organism
bac14584	244366	organism
bac1459	1528	organism
bac14592	393481	organism
bac14593	119542	organism
bac1460	1520	organism
bac1461	1490	organism
bac1462	1491	organism
bac14625	457432	organism
bac1463	29323	organism
bac14631	985	organism
bac14632	261964	organism
bac14637	859	organism
bac14638	860	organism
bac14639	854	organism
bac14640	855	organism
bac14642	861	organism
bac14643	143361	organism
bac14644	849	organism
bac14645	77917	organism
bac14646	858	organism
bac14648	441	organism
bac1465	1492	organism
bac14650	100716	organism
bac14651	84205	organism
bac14653	49319	organism
bac14654	42256	organism
bac1467	29355	organism
bac14677	754	organism
bac1468	1521	organism
bac14684	120962	organism
bac1469	46867	organism
bac14699	139208	organism
bac1470	1531	organism
bac1471	1494	organism
bac14718	1038928	organism
bac1472	1495	organism
bac14726	246786	organism
bac1473	1496	organism
bac14730	2057	organism
bac1474	36839	organism
bac14741	826	organism
bac14742	986	organism
bac14743	310783	organism
bac14744	502394	organism
bac14746	1473580	organism
bac1477	1497	organism
bac1478	29358	organism
bac1479	36841	organism
bac1480	43131	organism
bac1481	1498	organism
bac1482	69825	organism
bac14824	195522	organism
bac14827	522	organism
bac14828	165694	organism
bac14835	83656	organism
bac1484	29359	organism
bac1485	1499	organism
bac14861	80816	organism
bac14863	1945634	organism
bac1487	1534	organism
bac14875	94254	organism
bac14878	52763	organism
bac14882	279828	organism
bac1490	1536	organism
bac1491	1557	organism
bac14916	252302	organism
bac1493	1540	organism
bac14940	171695	organism
bac14941	2078	organism
bac14943	1590	synonym
bac1496	1565	organism
bac14964	1176649	organism
bac14966	200	organism
bac1497	1542	organism
bac14972	1575	organism
bac14974	861266	organism
bac14979	34087	organism
bac1498	1543	organism
bac14984	257438	organism
bac1499	1544	organism
bac14995	1401	organism
bac14998	35753	organism
bac1500	29362	organism
bac15000	286	organism
bac15001	43674	organism
bac15003	666	organism
bac15009	1104324	organism
bac1501	29363	organism
bac15010	940614	organism
bac15015	94625	organism
bac15016	1134435	organism
bac15018	1348163	organism
bac1502	1501	organism
bac15022	1827	organism
bac15023	76761	organism
bac1503	1502	organism
bac15032	184072	organism
bac15034	2246	organism
bac15035	37487	organism
bac15037	882211	organism
bac1504	28446	organism
bac1505	1503	organism
bac15064	68280	organism
bac15065	1226757	organism
bac15066	66377	organism
bac15067	47761	organism
bac15068	1957	organism
bac15069	211114	organism
bac15070	1169025	organism
bac15071	344736	organism
bac1508	850	organism
bac15087	1084	organism
bac15088	485577	organism
bac15096	66897	organism
bac15101	1423	organism
bac15107	1386	organism
bac15114	1910	organism
bac15122	129337	organism
bac1514	1505	organism
bac15142	1372	organism
bac15146	150829	organism
bac1515	1485	organism
bac1516	29370	organism
bac15164	108010	organism
bac15165	33059	organism
bac15167	151783	organism
bac1517	1509	organism
bac15172	57676	organism
bac15173	348824	organism
bac15184	538379	organism
bac15187	89	organism
bac1519	1485	organism
bac15195	58135	organism
bac152	548	organism
bac1520	1510	organism
bac15203	72000	organism
bac15209	250	organism
bac1522	1511	organism
bac15221	36745	organism
bac15222	715451	organism
bac15223	286	organism
bac1523	1550	organism
bac15232	2424	organism
bac15234	742169	organism
bac15235	106370	organism
bac1525	1559	organism
bac1526	1513	organism
bac15265	228574	organism
bac15268	323620	organism
bac1527	1553	organism
bac1528	1525	organism
bac15282	296745	organism
bac15290	332186	organism
bac15291	286	organism
bac15292	99481	organism
bac15293	330834	synonym
bac15294	69974	organism
bac15297	44255	organism
bac15298	60890	organism
bac1530	1515	organism
bac15306	259	organism
bac1531	1516	organism
bac15319	544580	organism
bac15321	1080712	organism
bac15323	73919	organism
bac15327	56813	organism
bac15328	161493	organism
bac1533	1517	organism
bac15330	359408	organism
bac15331	466153	organism
bac15332	656366	organism
bac15333	2246	organism
bac1534	33950	organism
bac15347	1470456	organism
bac15349	76112	organism
bac15350	354197	organism
bac15351	414050	organism
bac15359	1355329	organism
bac15367	1213358	organism
bac1537	1519	organism
bac15377	37926	organism
bac15381	1663	organism
bac15396	111955	organism
bac15398	49900	organism
bac15406	33	organism
bac15427	407	organism
bac15429	81	organism
bac15440	414996	organism
bac15443	76020	organism
bac15448	876270	organism
bac15449	1774968	organism
bac15465	103731	organism
bac15493	43658	organism
bac155	550	organism
bac15502	66883	organism
bac15507	340148	organism
bac15531	1887	organism
bac15612	98672	organism
bac15623	36832	organism
bac15625	45254	organism
bac15627	2066070	organism
bac15628	158877	organism
bac15641	132476	organism
bac15655	191960	organism
bac15656	355591	organism
bac15659	55779	organism
bac15660	202604	organism
bac15661	1266720	organism
bac15662	676965	organism
bac15663	35746	organism
bac15666	400634	organism
bac15668	41273	organism
bac15669	45497	organism
bac15688	85558	organism
bac15692	200451	organism
bac15694	243924	organism
bac15705	1372	organism
bac15706	299767	organism
bac15709	288965	organism
bac15711	225843	organism
bac15712	343517	organism
bac15715	44249	organism
bac15718	44249	organism
bac15720	171164	organism
bac15721	1340529	organism
bac15724	44000	organism
bac15728	264251	organism
bac15731	55205	organism
bac15732	1133546	organism
bac15747	198620	organism
bac15759	1646	organism
bac15762	29341	organism
bac15766	305977	organism
bac15767	363952	organism
bac15776	1619234	organism
bac15810	46351	organism
bac15819	121821	organism
bac15820	381306	organism
bac15821	415747	organism
bac15822	585455	organism
bac15823	107820	organism
bac15824	152475	organism
bac15825	106634	organism
bac15826	108003	organism
bac15827	252474	organism
bac15828	147267	organism
bac15829	469656	organism
bac15830	233100	organism
bac15834	34090	organism
bac15835	923	organism
bac15836	39765	organism
bac15843	285530	organism
bac15849	444163	organism
bac1585	77524	organism
bac15850	71452	organism
bac15854	412384	organism
bac1586	80866	organism
bac15860	357276	organism
bac1587	1264899	organism
bac15871	264574	organism
bac15872	189691	organism
bac1588	283	organism
bac1589	32013	organism
bac1590	285	organism
bac15936	1641	organism
bac15937	529731	organism
bac15938	647910	organism
bac15942	1678	organism
bac15943	1678	organism
bac15944	1678	organism
bac15945	1678	organism
bac15946	1678	organism
bac15947	78343	organism
bac15949	212365	organism
bac15950	35760	organism
bac15951	1694	synonym
bac15952	1769423	organism
bac15953	1769421	organism
bac15955	983706	organism
bac15960	1208324	organism
bac15969	227943	organism
bac15970	158850	organism
bac15971	418699	organism
bac15984	497727	organism
bac15987	285679	organism
bac15988	1383	organism
bac15990	45851	organism
bac15991	656519	organism
bac15993	1161942	organism
bac15994	184064	organism
bac15998	1827	organism
bac16004	28112	organism
bac16007	458033	organism
bac16026	216465	organism
bac16028	423351	organism
bac16029	29391	organism
bac16034	191292	organism
bac16051	1790137	organism
bac16054	1844	organism
bac16063	413889	organism
bac16064	547461	organism
bac16067	154117	organism
bac16072	151895	organism
bac16074	28111	organism
bac16075	1763536	organism
bac16088	119	organism
bac1609	33042	organism
bac16090	47251	organism
bac16096	593909	organism
bac161	1377	organism
bac16113	180915	organism
bac16116	717609	organism
bac16117	108	organism
bac16118	154	organism
bac16119	156974	organism
bac16126	377615	organism
bac16127	291990	organism
bac16129	89784	organism
bac16149	1515612	organism
bac16154	159449	organism
bac16195	123841	organism
bac16196	213	organism
bac162	648	organism
bac16201	29546	organism
bac16222	84595	organism
bac16227	446660	organism
bac16257	135575	organism
bac16262	126333	organism
bac16270	29510	organism
bac16280	300028	organism
bac16282	67339	organism
bac16293	103733	organism
bac16297	86664	organism
bac16299	1033846	organism
bac16301	148814	organism
bac16310	483545	organism
bac16315	2110	organism
bac16317	287986	organism
bac16318	33876	organism
bac16319	1003110	organism
bac16320	285268	organism
bac16321	351187	organism
bac16322	363277	organism
bac16323	405782	organism
bac16324	1968	organism
bac16325	1355015	organism
bac16326	67373	organism
bac16327	208439	organism
bac16328	67332	organism
bac16329	105420	organism
bac16330	411235	organism
bac16331	452529	organism
bac16332	40571	organism
bac16333	358823	organism
bac16336	342113	organism
bac16337	53461	organism
bac16338	43662	organism
bac16339	28110	organism
bac16350	348818	organism
bac16353	1509405	organism
bac16354	68213	organism
bac16355	183763	organism
bac16356	282685	organism
bac16361	330084	organism
bac16362	228601	organism
bac16364	1141657	organism
bac16365	85688	organism
bac16366	687388	organism
bac16368	1445505	organism
bac16369	552518	organism
bac16370	379896	organism
bac16371	1528106	organism
bac16372	293089	organism
bac16382	106590	organism
bac16386	483913	organism
bac16398	315358	organism
bac164	644	organism
bac1640	144185	organism
bac16403	44249	organism
bac1641	280	organism
bac16414	196015	organism
bac16426	1450	organism
bac16429	1302659	organism
bac1643	1721	organism
bac16430	1421019	organism
bac16436	552546	organism
bac16440	651663	organism
bac16442	159723	organism
bac16443	554949	organism
bac16444	76853	organism
bac16448	595605	organism
bac1645	1717	organism
bac1646	43767	organism
bac16467	1505907	organism
bac1647	28028	organism
bac16488	141349	organism
bac16489	47839	organism
bac1650	1404244	organism
bac1651	28264	organism
bac16510	122	organism
bac16526	208444	organism
bac16547	915059	organism
bac16550	336203	organism
bac1656	1722	organism
bac16566	61624	organism
bac16574	130049	organism
bac16579	40518	organism
bac1658	1719	organism
bac16580	85993	organism
bac16582	1324956	organism
bac16586	1648923	organism
bac16589	160825	organism
bac1659	2061	organism
bac16594	239935	organism
bac1660	37637	organism
bac16602	1101373	organism
bac16603	104336	organism
bac16605	37921	organism
bac16608	67301	organism
bac16609	62320	organism
bac16614	53246	organism
bac16616	33986	organism
bac16618	45462	organism
bac16619	1835	organism
bac1662	1724	organism
bac16624	2013	organism
bac16625	398743	organism
bac16626	189382	organism
bac16628	1883	organism
bac16637	33932	organism
bac1664	1716	organism
bac16640	311334	organism
bac16648	42256	organism
bac16649	1508404	organism
bac1666	65058	organism
bac16669	39485	organism
bac1667	1725	organism
bac16670	46503	organism
bac16683	150247	organism
bac16684	159743	organism
bac16695	265546	organism
bac167	671	organism
bac16706	29329	organism
bac16707	53246	organism
bac16718	312279	organism
bac16721	283811	organism
bac16722	1642299	organism
bac16726	971279	organism
bac16727	135517	organism
bac16730	44061	organism
bac16733	126569	organism
bac16764	29330	organism
bac1677	777	organism
bac16787	1647582	organism
bac16796	2063	organism
bac16798	36805	organism
bac168	645	organism
bac16801	48073	organism
bac16802	1827	organism
bac16804	40323	organism
bac16810	2138	organism
bac16819	105219	organism
bac16822	107401	organism
bac16827	1299998	organism
bac16840	54736	organism
bac16849	324767	organism
bac16850	363872	organism
bac16865	77298	organism
bac16894	1601	organism
bac16899	189426	organism
bac169	646	organism
bac16908	28447	organism
bac16913	53357	organism
bac16915	661492	organism
bac16917	83526	organism
bac16919	68569	organism
bac16944	490571	organism
bac16951	176102	organism
bac16957	68217	organism
bac16959	596085	organism
bac16961	404933	organism
bac16972	53344	organism
bac16973	283734	organism
bac16976	2023	organism
bac1698	241425	organism
bac170	642	organism
bac17048	106654	organism
bac17051	67825	organism
bac17064	403935	organism
bac17085	34085	organism
bac17093	357441	organism
bac171	56636	organism
bac17103	285453	organism
bac17107	407	organism
bac17109	162496	organism
bac17117	1421430	organism
bac17122	328301	organism
bac17128	489722	organism
bac17131	39490	organism
bac17133	87645	organism
bac17134	78057	organism
bac17141	1915	organism
bac17142	506591	organism
bac17149	1796606	organism
bac17157	53443	organism
bac17162	270351	organism
bac17163	1825523	organism
bac17195	38026	organism
bac172	56636	organism
bac17202	97050	organism
bac17207	204456	organism
bac17208	28100	organism
bac17209	106591	organism
bac17226	1718	organism
bac17228	1794699	organism
bac17251	338584	organism
bac17253	68249	organism
bac17255	113561	organism
bac17259	33902	organism
bac17260	1943	organism
bac17261	35797	organism
bac17281	76761	organism
bac17300	47854	organism
bac17302	297	organism
bac17312	76489	organism
bac17326	33002	organism
bac17330	44470	organism
bac17332	1109412	organism
bac17333	153496	organism
bac17335	720605	organism
bac17336	570	organism
bac17337	1137848	organism
bac17355	1381941	organism
bac17369	69369	organism
bac17371	2421	organism
bac17377	332249	organism
bac17378	1386092	organism
bac17379	307124	organism
bac17380	233316	organism
bac17381	468911	organism
bac17382	148604	organism
bac17383	104102	organism
bac17391	412963	organism
bac17395	13687	organism
bac17397	155863	organism
bac17415	2067569	organism
bac17422	1121832	organism
bac17423	168935	organism
bac17426	1123067	organism
bac17427	630403	organism
bac17428	947309	organism
bac17429	70993	organism
bac17430	148	organism
bac17431	446683	organism
bac17433	492736	organism
bac17434	505250	organism
bac17436	52023	organism
bac17437	218208	organism
bac17438	574930	organism
bac17439	103441	organism
bac17443	106	organism
bac17444	1027	organism
bac17445	1861	organism
bac17455	616992	organism
bac17459	34010	organism
bac17461	312026	organism
bac17462	342230	organism
bac17464	862720	organism
bac17465	407	organism
bac17471	263818	organism
bac17473	106589	organism
bac17478	1635171	organism
bac17479	1775474	organism
bac17480	243690	organism
bac17481	314235	organism
bac17482	78543	organism
bac17483	374424	organism
bac17484	767694	organism
bac17486	445960	organism
bac17487	600331	organism
bac17488	269660	organism
bac17489	374432	organism
bac17490	1010610	organism
bac17512	132920	organism
bac17513	82541	organism
bac17517	75612	organism
bac17519	555791	organism
bac17522	40988	organism
bac17526	67338	organism
bac17532	157592	organism
bac17533	465721	organism
bac17563	67385	organism
bac17565	654447	organism
bac17575	88190	organism
bac17577	29350	organism
bac17579	467094	organism
bac17588	1126833	organism
bac17590	97477	organism
bac17591	1631	organism
bac17594	1175444	organism
bac17595	33043	organism
bac17596	47500	organism
bac1760	2035	organism
bac17606	67283	organism
bac17607	212423	organism
bac17610	58290	organism
bac17617	138563	organism
bac17631	53335	organism
bac17637	565033	organism
bac17655	995066	organism
bac17661	84725	organism
bac17672	664683	organism
bac17673	45663	organism
bac17681	205889	organism
bac17686	82981	organism
bac1771	102234	organism
bac17710	574650	organism
bac17713	82116	organism
bac17716	125602	organism
bac17717	521377	organism
bac17733	76759	organism
bac17735	1177712	organism
bac17736	446692	organism
bac17769	54259	organism
bac17780	1031538	organism
bac17781	540251	organism
bac17799	88364	organism
bac17800	2226	organism
bac17801	122355	organism
bac17806	128574	organism
bac17815	68334	organism
bac17828	286	organism
bac17839	2322	organism
bac17853	235985	organism
bac17868	224537	organism
bac17886	450734	organism
bac17891	134534	organism
bac17892	108980	organism
bac17894	134533	organism
bac17903	1215089	organism
bac17919	1639	organism
bac17922	37925	organism
bac17929	234	organism
bac17934	47951	organism
bac17937	89065	organism
bac17958	286	organism
bac17964	2207	organism
bac17976	872	organism
bac17977	66881	organism
bac17981	279	organism
bac17986	582475	organism
bac17996	328225	organism
bac18003	230361	organism
bac18005	1197861	organism
bac18006	304207	organism
bac18007	164451	organism
bac18011	39484	organism
bac18012	576131	organism
bac18020	1427356	organism
bac18022	1384459	organism
bac18023	1774970	organism
bac18025	147645	organism
bac18028	646534	organism
bac18029	453584	organism
bac18030	1321365	organism
bac18041	2057004	organism
bac18046	535	organism
bac18047	359336	organism
bac18071	286802	organism
bac18085	990271	organism
bac18093	1124597	organism
bac18094	407	organism
bac18096	301375	organism
bac18101	219574	organism
bac18104	1379270	organism
bac18109	55206	organism
bac1811	29529	organism
bac18110	214856	organism
bac18113	981222	organism
bac1812	996	organism
bac18121	501592	organism
bac18124	945692	organism
bac18126	1522315	organism
bac18127	1773	synonym
bac1813	983	organism
bac18130	76022	organism
bac18133	137778	organism
bac1814	978	organism
bac18140	201975	organism
bac18144	43	organism
bac1815	990	organism
bac18154	340680	organism
bac18156	58347	organism
bac18157	292806	organism
bac18182	286	organism
bac18206	35619	organism
bac18214	225422	organism
bac1822	35754	organism
bac18225	169669	organism
bac1823	47849	organism
bac18287	1404341	organism
bac18292	1827	organism
bac18293	1134413	organism
bac18295	1176259	organism
bac18296	2059724	organism
bac18298	83451	organism
bac18299	1990687	organism
bac18300	72556	organism
bac18301	44752	organism
bac18308	1850238	organism
bac18315	88688	organism
bac18316	395599	organism
bac18321	51	organism
bac18322	1803913	organism
bac18323	2086571	organism
bac18324	37330	organism
bac18325	175628	organism
bac18346	42565	organism
bac18347	115561	organism
bac18362	2026188	organism
bac18363	1800	organism
bac18375	298654	organism
bac18376	876478	organism
bac18377	1148157	organism
bac18387	988	organism
bac18388	582667	organism
bac18395	54252	organism
bac18409	280332	organism
bac18410	64972	organism
bac18411	2681983	organism
bac18429	1716	organism
bac18441	1177982	organism
bac18447	1034015	organism
bac18451	1273541	organism
bac18452	469	organism
bac18464	192812	organism
bac18465	339866	organism
bac18466	34006	organism
bac18467	106633	organism
bac18470	81	organism
bac18471	392484	organism
bac18472	101564	organism
bac18485	43768	organism
bac18487	119977	organism
bac18488	1927129	organism
bac18489	1080712	organism
bac18490	872	organism
bac18492	1562	organism
bac18493	898	organism
bac18494	132132	organism
bac18500	660064	organism
bac18504	160799	organism
bac18510	1117645	organism
bac18511	652787	organism
bac18513	47678	organism
bac18515	286	organism
bac18516	32008	organism
bac1852	55583	organism
bac18523	1943631	organism
bac18524	2011015	organism
bac18529	115553	organism
bac1853	61435	organism
bac18537	674054	organism
bac18538	424795	organism
bac1854	66821	organism
bac18540	671622	organism
bac18541	33878	organism
bac18543	191391	organism
bac18544	792652	organism
bac18545	88382	organism
bac18546	155322	organism
bac18547	409290	organism
bac18548	409291	organism
bac18549	82977	organism
bac18550	1149133	organism
bac18554	321662	organism
bac18555	158897	organism
bac1856	1299	organism
bac18566	404770	organism
bac18567	395568	organism
bac18568	66892	organism
bac1857	32062	organism
bac1859	1298	organism
bac18613	2041	organism
bac18614	129337	organism
bac18615	129337	organism
bac18616	311460	organism
bac18618	284016	organism
bac18675	290112	organism
bac18677	108015	organism
bac18681	106589	organism
bac18682	1761772	organism
bac18683	858423	organism
bac18689	2654982	organism
bac18690	1247936	organism
bac18692	1701573	organism
bac18694	667676	organism
bac18697	1708715	organism
bac18698	68287	organism
bac18699	1525371	organism
bac18702	407	organism
bac18703	280333	organism
bac18704	374	organism
bac18708	67298	organism
bac18709	417292	organism
bac18711	68223	organism
bac18740	29330	organism
bac18742	246432	organism
bac1875	203699	organism
bac18755	497735	organism
bac18767	137730	organism
bac18768	360293	organism
bac18769	1376	organism
bac18771	723	organism
bac18775	119977	organism
bac18780	2051	organism
bac18784	223556	organism
bac18786	265	organism
bac18793	1854492	organism
bac18794	194424	organism
bac1880	49338	organism
bac18815	591197	organism
bac18816	387343	organism
bac18818	1008	organism
bac18826	67258	organism
bac1883	453230	organism
bac18831	43765	organism
bac1884	2293	organism
bac18845	456163	organism
bac18847	218284	organism
bac18848	189381	organism
bac1885	34031	organism
bac18853	218673	organism
bac18859	204042	organism
bac1886	90728	organism
bac18860	192421	organism
bac18861	2097	organism
bac18862	382	organism
bac18863	32046	organism
bac18864	1874381	organism
bac18865	2045	organism
bac18867	92706	organism
bac18868	1769	organism
bac18869	1556	organism
bac1887	53332	organism
bac18870	29377	organism
bac18871	921	organism
bac18873	1395	organism
bac18874	1398	organism
bac18875	33910	organism
bac18876	37486	organism
bac18877	1166	organism
bac18878	304	organism
bac18879	66695	organism
bac1888	894	organism
bac18880	1704	organism
bac18881	33953	organism
bac18882	43306	organism
bac18883	851	organism
bac18884	359	organism
bac18885	380	organism
bac18886	118562	organism
bac18887	2288	organism
bac18888	575	organism
bac18889	1590	organism
bac1889	897	organism
bac18890	1176	organism
bac18891	72020	organism
bac18892	40839	organism
bac18893	881	organism
bac18894	32044	organism
bac18895	1872092	organism
bac18896	3100343	organism
bac18897	29295	organism
bac18898	1191	organism
bac18899	34081	organism
bac1890	899	organism
bac18900	1165	organism
bac18901	66905	organism
bac18902	477181	organism
bac18903	31918	organism
bac18904	1427	organism
bac18905	224	organism
bac18906	617	organism
bac18907	1971213	organism
bac18908	2267272	organism
bac18909	28127	organism
bac1891	52561	organism
bac18910	28126	organism
bac18911	2098	organism
bac18912	28135	organism
bac18913	840	organism
bac18914	1400	organism
bac18915	65067	organism
bac18916	64667	organism
bac18918	69710	organism
bac18919	1653861	organism
bac18920	488	organism
bac18921	1311812	organism
bac18922	244	organism
bac18923	1985254	organism
bac18924	53501	organism
bac18925	44472	organism
bac18926	53502	organism
bac18927	1565291	organism
bac18928	451	organism
bac18929	33038	organism
bac1893	2300	organism
bac18931	373	organism
bac18933	462178	organism
bac18934	28030	organism
bac18935	272	organism
bac18936	1883	synonym
bac18937	3236654	synonym
bac18938	1048412	organism
bac18939	32043	organism
bac18940	56448	organism
bac18941	1184	organism
bac18942	9	organism
bac18943	1627	organism
bac18944	160	organism
bac18945	127897	organism
bac18946	33022	organism
bac18947	948756	organism
bac18948	1464	organism
bac18949	1973142	organism
bac18950	1179	organism
bac18952	47914	organism
bac18953	74586	organism
bac18954	86188	organism
bac18955	474	organism
bac18956	1219	organism
bac18957	1687	organism
bac18958	129910	organism
bac18959	1869227	organism
bac18960	3236654	synonym
bac18961	3236654	synonym
bac18963	2096	organism
bac18964	43080	organism
bac18965	1391	organism
bac18966	2334	organism
bac18967	29344	organism
bac18968	45200	organism
bac18969	90426	organism
bac1897	1563	organism
bac18970	789	organism
bac18971	1872626	organism
bac18972	32049	organism
bac18973	2081909	organism
bac18974	53405	organism
bac18975	424	organism
bac18976	1763573	organism
bac18977	186649	organism
bac18978	46539	organism
bac18979	63363	organism
bac18980	1628	organism
bac18981	1147	organism
bac18982	1913	organism
bac18983	1702	organism
bac18984	1728	organism
bac18985	76633	organism
bac18986	1148	organism
bac18987	1425	organism
bac18988	69408	organism
bac18989	268806	organism
bac1899	1564	organism
bac18990	55952	organism
bac18991	47869	organism
bac18992	32060	organism
bac18993	146907	organism
bac18994	322009	organism
bac18995	1114982	organism
bac18996	1114204	organism
bac18997	46457	organism
bac18998	2116	organism
bac18999	1204	organism
bac19000	37792	organism
bac19001	548	organism
bac19002	303	organism
bac19004	162291	synonym
bac19005	78535	organism
bac19006	1313	organism
bac19007	1478	organism
bac19008	48665	organism
bac19009	153502	organism
bac1901	873	organism
bac19010	76854	organism
bac19011	67291	organism
bac19012	32018	organism
bac19013	1259	organism
bac19014	29361	organism
bac19015	174632	organism
bac19016	1126	organism
bac19017	60848	organism
bac19018	223	organism
bac19019	2211372	organism
bac1902	58180	organism
bac19020	47253	organism
bac19021	1220	organism
bac19022	272131	organism
bac19023	465820	organism
bac19024	82633	organism
bac19025	146920	organism
bac19026	180195	organism
bac19027	280	organism
bac19028	39596	organism
bac19029	97393	organism
bac19030	1095	organism
bac19031	28071	organism
bac19032	1945	organism
bac19033	92938	organism
bac19034	28040	organism
bac19035	46770	organism
bac19036	33901	organism
bac19037	55601	organism
bac19038	2486279	organism
bac19039	70829	organism
bac19040	132603	organism
bac19041	128152	organism
bac19042	34078	organism
bac19043	1124	organism
bac19044	28074	organism
bac19045	240295	organism
bac19046	1216	organism
bac19047	155929	organism
bac19048	40842	organism
bac19049	2099	organism
bac1905	876	organism
bac19050	195704	organism
bac19051	1197	organism
bac19052	1925	organism
bac19053	2049038	organism
bac19054	39456	organism
bac19055	85682	organism
bac19056	2112	organism
bac19057	29552	organism
bac19058	132606	organism
bac19059	77788	organism
bac1906	878	organism
bac19060	285493	organism
bac19061	39491	organism
bac19062	44449	organism
bac19063	145	organism
bac19064	107831	organism
bac19065	72413	organism
bac19066	264691	organism
bac19067	1593	organism
bac19068	31952	organism
bac19069	129134	organism
bac1907	879	organism
bac19070	42739	organism
bac19071	122866	organism
bac19072	167956	organism
bac19073	71455	organism
bac19074	90093	organism
bac19075	171192	organism
bac19076	442	organism
bac19077	442	organism
bac19078	316518	organism
bac19079	1164	organism
bac19080	296842	organism
bac19081	269536	organism
bac19082	196112	organism
bac19083	68240	organism
bac19084	214467	organism
bac19085	79880	organism
bac19086	120580	organism
bac19087	146786	organism
bac19088	33072	organism
bac19089	32053	organism
bac19090	427272	organism
bac19091	68246	organism
bac19092	83541	organism
bac19093	46896	organism
bac19095	375569	organism
bac19096	203192	organism
bac19097	1206	organism
bac19098	251433	organism
bac19099	83377	organism
bac1910	880	organism
bac19100	110322	organism
bac19101	179878	organism
bac19102	235466	organism
bac19103	122357	organism
bac19104	2546360	organism
bac19105	269086	organism
bac19106	81841	organism
bac19107	88009	organism
bac19108	669359	organism
bac19109	89018	organism
bac1911	872	organism
bac19110	103690	organism
bac19111	158584	organism
bac19112	289541	organism
bac19113	158585	organism
bac19114	155924	organism
bac19115	289539	organism
bac19116	155921	organism
bac19117	79933	organism
bac19118	155925	organism
bac19119	155922	organism
bac19120	289540	organism
bac19121	363332	organism
bac19122	2838790	organism
bac19123	215580	organism
bac19124	33937	organism
bac19125	266825	organism
bac19126	2060770	organism
bac19127	117	organism
bac19128	105692	organism
bac19129	1958755	organism
bac1913	886	organism
bac19130	61656	organism
bac19131	1433415	organism
bac19132	36852	organism
bac19133	1872570	organism
bac19134	38876	organism
bac19135	54291	organism
bac19136	2770026	organism
bac19137	260956	organism
bac19138	160232	organism
bac19139	302048	organism
bac19140	1965333	organism
bac19141	377148	organism
bac19142	2715538	organism
bac19143	118127	organism
bac19144	82301	organism
bac19145	129075	organism
bac19146	36809	organism
bac19147	45916	organism
bac19148	113573	organism
bac19149	2881428	organism
bac19150	1357543	organism
bac19151	171243	organism
bac19152	225625	organism
bac19153	956	organism
bac19154	295838	organism
bac19155	2747269	organism
bac19156	134821	organism
bac19157	35799	organism
bac19158	71281	organism
bac19159	267998	organism
bac1916	94694	organism
bac19160	360069	organism
bac19161	58226	organism
bac19162	2814275	organism
bac19163	360316	organism
bac19164	44448	organism
bac19165	196162	organism
bac19166	84635	organism
bac19167	65048	organism
bac19168	170835	organism
bac1917	2275	organism
bac19170	306575	organism
bac19171	1937967	organism
bac19172	257872	organism
bac19173	198467	organism
bac19174	210426	organism
bac19175	82349	organism
bac19176	330476	organism
bac19177	263511	organism
bac19178	418409	organism
bac19179	72570	organism
bac1918	2273	organism
bac19180	1958	organism
bac19181	213767	organism
bac19182	118322	organism
bac19183	235370	organism
bac19184	235372	organism
bac19185	413195	organism
bac19186	413193	organism
bac19187	235373	organism
bac19188	92945	organism
bac19189	507619	organism
bac19190	439	organism
bac19191	464	organism
bac19192	941183	organism
bac19193	367828	organism
bac19194	157673	organism
bac19195	208226	organism
bac19196	189918	organism
bac19197	164757	organism
bac19198	164756	organism
bac19199	330214	organism
bac1920	891	organism
bac19200	162154	organism
bac19201	2231114	organism
bac19202	2848135	organism
bac19203	948	organism
bac19204	362787	organism
bac19205	31944	organism
bac19206	653883	organism
bac19207	102116	organism
bac19208	3100426	organism
bac19209	44473	organism
bac1921	38815	organism
bac19210	203907	organism
bac19211	198252	organism
bac19212	202350	organism
bac19213	133505	organism
bac19214	135579	organism
bac19215	50058	organism
bac19216	298335	organism
bac19217	561133	organism
bac19218	544900	organism
bac19219	50057	organism
bac1922	37626	organism
bac19220	266779	organism
bac19221	96471	organism
bac19222	52598	organism
bac19223	313603	organism
bac19224	576611	organism
bac19225	375572	organism
bac19226	375560	organism
bac19227	359378	organism
bac19228	374667	organism
bac19229	430441	organism
bac19230	66219	organism
bac19231	220926	organism
bac19232	92758	organism
bac19233	2122	organism
bac19234	57372	organism
bac19235	29501	organism
bac19236	171632	organism
bac19237	136241	organism
bac19238	65123	organism
bac19239	1872669	organism
bac19240	375286	organism
bac19241	346331	organism
bac19242	386487	organism
bac19243	337090	organism
bac19244	393765	organism
bac19245	83521	organism
bac19246	34018	organism
bac19247	538945	organism
bac19248	258999	organism
bac19249	348388	organism
bac19250	110662	organism
bac19251	69042	organism
bac19252	59931	organism
bac19253	259537	organism
bac19254	442955	organism
bac19255	1399836	organism
bac19256	247490	organism
bac19257	446461	organism
bac19258	1872437	organism
bac19259	474404	organism
bac19260	474403	organism
bac19261	406252	organism
bac19262	227476	organism
bac19263	51642	organism
bac19264	85703	organism
bac19265	237368	organism
bac19266	174633	organism
bac19267	591796	organism
bac19268	372462	organism
bac19269	446359	organism
bac19270	1839701	organism
bac19271	508351	organism
bac19272	545541	organism
bac19273	545542	organism
bac19274	545540	organism
bac19275	1643547	organism
bac19276	98930	organism
bac19277	439332	organism
bac19278	425474	organism
bac19279	1306274	organism
bac19280	332163	organism
bac19281	110321	organism
bac19282	689	organism
bac19283	69019	organism
bac19284	1165097	organism
bac19285	122087	organism
bac19286	770	organism
bac19287	693	organism
bac19288	311180	organism
bac19289	638919	organism
bac19290	1119072	organism
bac19291	425946	organism
bac19292	129133	organism
bac19293	457918	organism
bac19294	108557	organism
bac19295	322865	organism
bac19296	126344	organism
bac19297	399100	organism
bac19298	331989	organism
bac19299	415230	organism
bac19300	217687	organism
bac19301	242145	organism
bac19302	484430	organism
bac19303	68222	organism
bac19304	93718	organism
bac19305	341028	organism
bac19306	405418	organism
bac19307	399726	organism
bac19308	689776	organism
bac19309	689777	organism
bac19310	212767	organism
bac19311	76885	organism
bac19312	79884	organism
bac19313	206162	organism
bac19314	508689	organism
bac19315	508688	organism
bac19316	500843	organism
bac19317	2218628	organism
bac19318	259537	organism
bac19319	563923	organism
bac19320	307	organism
bac19321	80621	organism
bac19322	398764	organism
bac19323	398763	organism
bac19324	412965	organism
bac19325	1903286	organism
bac19326	436119	organism
bac19327	436120	organism
bac19328	360796	organism
bac19329	453961	organism
bac19330	351600	organism
bac19331	351598	organism
bac19332	400987	organism
bac19333	106590	organism
bac19334	165468	organism
bac19335	447250	organism
bac19336	549782	organism
bac19337	447249	organism
bac19338	85672	organism
bac19339	447251	organism
bac19340	447252	organism
bac19341	590741	organism
bac19342	331676	organism
bac19343	161918	organism
bac19344	155978	organism
bac19345	622260	organism
bac19346	649394	organism
bac19347	686394	organism
bac19348	505729	organism
bac19349	103836	organism
bac19350	690476	organism
bac19351	649393	organism
bac19352	100476	organism
bac19353	889452	organism
bac19354	387092	organism
bac19355	186189	organism
bac19356	42862	organism
bac19357	166501	organism
bac19358	120	organism
bac19359	511746	organism
bac19360	270374	organism
bac19361	256847	organism
bac19362	33075	organism
bac19363	170350	organism
bac19364	172564	organism
bac19365	451789	organism
bac19366	498846	organism
bac19367	1175445	organism
bac19369	231952	organism
bac19370	247155	organism
bac19371	591970	organism
bac19372	368267	organism
bac19373	192895	organism
bac19374	711538	organism
bac19375	45202	organism
bac19376	2499	organism
bac19377	1885	organism
bac19378	471827	organism
bac19379	88735	organism
bac1938	14	organism
bac19380	590840	organism
bac19381	1310165	organism
bac19382	1295125	organism
bac19383	290400	organism
bac19384	158786	organism
bac19385	518882	organism
bac19386	564665	organism
bac19387	234831	organism
bac19388	580165	organism
bac19389	166785	organism
bac19390	641298	organism
bac19391	2024840	organism
bac19392	77022	organism
bac19393	668331	organism
bac19394	713887	organism
bac19395	2164130	organism
bac19396	309	organism
bac19397	28399	organism
bac19398	331680	organism
bac19399	216393	organism
bac19400	508875	organism
bac19401	220700	organism
bac19402	77095	organism
bac19403	1969468	organism
bac19404	54310	organism
bac19405	153188	organism
bac19406	658062	organism
bac19407	1966486	organism
bac19408	60	organism
bac19409	411153	organism
bac19410	1962953	organism
bac19411	417375	organism
bac19412	1965322	organism
bac19413	691266	organism
bac19414	2004705	organism
bac19415	187330	organism
bac19416	29382	organism
bac19417	767740	organism
bac19418	858295	organism
bac19419	85561	organism
bac19420	47877	organism
bac19421	1004779	organism
bac19422	662757	organism
bac19423	944673	organism
bac19424	1718	organism
bac19425	767892	organism
bac19426	1033990	organism
bac19427	445988	organism
bac19428	1968906	organism
bac19429	2268202	organism
bac19430	996925	organism
bac19431	449212	organism
bac19432	172866	organism
bac19433	138903	organism
bac19434	35824	organism
bac19435	40576	organism
bac19436	912801	organism
bac19437	563177	organism
bac19438	879273	organism
bac19439	1897	organism
bac19440	393112	organism
bac19441	1055039	organism
bac19442	370025	organism
bac19443	345341	organism
bac19444	1007105	organism
bac19445	285525	organism
bac19446	207809	organism
bac19447	1094340	organism
bac19448	392423	organism
bac19449	380749	organism
bac19450	1074265	organism
bac19451	745014	organism
bac19452	1074263	organism
bac19453	72174	organism
bac19454	1074268	organism
bac19455	147266	organism
bac19456	744979	organism
bac19457	1074259	organism
bac19458	285971	organism
bac19460	223296	organism
bac19461	431057	organism
bac19463	78509	organism
bac19464	671143	organism
bac19465	83557	organism
bac19466	997346	organism
bac19467	167065	organism
bac19468	54257	organism
bac19469	85582	organism
bac19470	109265	organism
bac19471	80849	organism
bac19472	76745	organism
bac19473	985052	organism
bac19474	887061	organism
bac19475	1280303	organism
bac19476	119978	organism
bac19477	944446	organism
bac19478	944467	organism
bac19479	944466	organism
bac19480	944457	organism
bac19481	944462	organism
bac19482	944478	organism
bac19483	1160	organism
bac19484	1134645	organism
bac19485	34058	organism
bac19486	72022	organism
bac19487	245014	organism
bac19488	796330	organism
bac19489	1112103	organism
bac19490	1380804	organism
bac19491	79881	organism
bac19495	300825	organism
bac19496	1503043	organism
bac19497	47868	organism
bac19498	756252	organism
bac19499	1302548	organism
bac19500	49118	organism
bac19501	2099378	organism
bac19502	48412	organism
bac19503	456827	organism
bac19504	1904827	organism
bac19505	447217	organism
bac19506	37692	organism
bac19507	1155739	organism
bac19508	146786	organism
bac19509	1231934	organism
bac19511	575408	organism
bac19512	1892812	organism
bac19513	1458493	organism
bac19514	256467	organism
bac19515	1071078	organism
bac19516	1286363	organism
bac19517	783	organism
bac19518	663600	organism
bac19519	380242	organism
bac19520	363279	organism
bac19521	33943	organism
bac19522	712124	organism
bac19523	184022	organism
bac19524	2546359	organism
bac19525	395961	organism
bac19526	795830	organism
bac19527	134676	organism
bac19528	360732	organism
bac19529	463	organism
bac19530	389657	organism
bac19531	1385623	organism
bac19532	1385601	organism
bac19533	1385610	organism
bac19534	270519	organism
bac19535	1385617	organism
bac19536	1175985	organism
bac19537	1385615	organism
bac19538	1385616	organism
bac19539	701519	organism
bac19540	1385611	organism
bac19541	100379	organism
bac19542	634420	organism
bac19543	1385603	organism
bac19544	35772	organism
bac19545	1385612	organism
bac19546	2304194	organism
bac19547	1385618	organism
bac19548	103808	organism
bac19549	235467	organism
bac19550	554454	organism
bac19551	373039	organism
bac19552	1756047	organism
bac19553	372787	organism
bac19554	373994	organism
bac19555	230518	organism
bac19556	118165	organism
bac19557	54299	organism
bac19558	54297	organism
bac19559	184932	organism
bac19560	1849603	organism
bac19561	47660	organism
bac19562	1547922	organism
bac19564	404589	organism
bac19565	359131	organism
bac19566	1285921	organism
bac19567	2466	organism
bac19569	342605	organism
bac19570	1487711	organism
bac19571	34021	organism
bac19572	133921	organism
bac19573	1040987	organism
bac19574	74576	organism
bac19575	475	synonym
bac19576	33067	organism
bac19577	258797	organism
bac19578	1136432	organism
bac19579	882490	organism
bac19580	1605895	organism
bac19581	869629	organism
bac19582	161537	organism
bac19583	161535	organism
bac19584	457667	organism
bac19585	1154583	organism
bac19586	406819	organism
bac19587	1577791	organism
bac19588	385957	organism
bac19589	879274	organism
bac19590	279135	organism
bac19591	3259750	synonym
bac19592	1100	organism
bac19593	948676	organism
bac19594	1470558	organism
bac19595	1453039	organism
bac19596	1204386	organism
bac19597	1493616	organism
bac19598	86003	organism
bac1960	1313	organism
bac19600	532738	organism
bac19601	1651872	organism
bac19602	1268279	organism
bac19603	375060	organism
bac19604	1231257	organism
bac19605	1072370	organism
bac19606	1410620	organism
bac19607	1502851	organism
bac19608	1455739	organism
bac19609	1548128	organism
bac19610	1649595	organism
bac19611	338054	organism
bac19613	1355242	organism
bac19614	413714	organism
bac19615	3236654	synonym
bac19617	1187851	organism
bac19618	1811591	organism
bac19619	1391857	organism
bac19620	1386972	organism
bac19621	1386971	organism
bac19622	416011	organism
bac19623	1080067	organism
bac19624	197651	organism
bac19625	233055	organism
bac19626	1343093	organism
bac19628	1233995	organism
bac19629	213664	organism
bac19630	996536	organism
bac19631	996548	organism
bac19632	497782	organism
bac19633	365615	organism
bac19634	81397	organism
bac19635	1113698	organism
bac19636	882003	organism
bac19637	1648169	organism
bac19638	1883	synonym
bac19639	103690	organism
bac19640	142864	organism
bac19641	1481731	organism
bac19643	686597	organism
bac19644	2546366	organism
bac19645	627192	organism
bac19646	56108	organism
bac19647	230757	organism
bac19648	1327989	organism
bac19649	411923	organism
bac19650	1872671	organism
bac19651	1628763	organism
bac19652	256642	organism
bac19653	1521117	organism
bac19654	52022	organism
bac19655	1827093	organism
bac19656	324057	organism
bac19657	909925	organism
bac19659	197653	organism
bac19660	358220	organism
bac19661	1378066	organism
bac19662	261476	organism
bac19663	376149	organism
bac19665	83681	synonym
bac19667	640315	organism
bac19668	56673	organism
bac19670	563169	organism
bac19672	797926	organism
bac19673	797957	organism
bac19674	797930	organism
bac19675	797941	organism
bac19676	797942	organism
bac19677	797894	organism
bac19678	797953	organism
bac19679	797939	organism
bac19680	797958	organism
bac19681	797947	organism
bac19682	797927	organism
bac19683	797944	organism
bac19684	797931	organism
bac19685	797933	organism
bac19686	797932	organism
bac19687	797924	organism
bac19688	797943	organism
bac19689	797902	organism
bac19690	797897	organism
bac19691	797928	organism
bac19692	797936	organism
bac19693	1313118	organism
bac19694	797929	organism
bac19695	797956	organism
bac19696	797938	organism
bac19697	797946	organism
bac19698	1185873	organism
bac19699	1843715	organism
bac19700	1166950	organism
bac19702	1386498	organism
bac19703	1112214	organism
bac19704	627078	organism
bac19705	765715	organism
bac19706	72271	organism
bac19707	1401994	organism
bac19708	1664036	organism
bac19709	447367	organism
bac19710	426532	organism
bac19712	93372	organism
bac19714	470743	organism
bac19715	1352935	organism
bac19717	1961363	organism
bac19719	1930929	organism
bac19720	1535197	organism
bac19721	321332	organism
bac19724	1225967	organism
bac19725	1225965	organism
bac19726	1225966	organism
bac19727	1168	organism
bac19728	1608628	organism
bac19729	260935	organism
bac19730	241	organism
bac19731	1762963	organism
bac19732	1495633	organism
bac19733	498375	organism
bac19735	1365091	organism
bac19736	1365007	organism
bac19737	752076	organism
bac19738	349106	organism
bac19739	581103	organism
bac19740	162986	organism
bac19742	313589	organism
bac19743	501479	organism
bac19744	393999	organism
bac19745	122631	organism
bac19746	1191459	organism
bac19747	1336177	organism
bac19748	946333	organism
bac19749	1196218	organism
bac19750	1071045	organism
bac19751	2943317	synonym
bac19752	1856644	organism
bac19753	1116375	organism
bac19754	1540143	organism
bac19755	619742	organism
bac19756	34029	organism
bac19757	296591	organism
bac19758	1178	organism
bac19759	457412	organism
bac19760	744723	organism
bac19762	1268971	organism
bac19763	1534748	organism
bac19764	118323	organism
bac19765	1441053	organism
bac19766	98228	organism
bac19767	1573452	organism
bac19768	933983	organism
bac19769	54296	organism
bac19770	246618	organism
bac19772	1883	synonym
bac19773	137238	organism
bac19774	33882	synonym
bac19775	515257	organism
bac19776	1169855	organism
bac19777	1539281	organism
bac19778	80853	synonym
bac19779	1619233	organism
bac19780	436114	organism
bac19781	1261032	organism
bac19782	1664316	organism
bac19783	1151118	organism
bac19784	1280663	organism
bac19785	1879010	organism
bac19786	1510823	organism
bac19788	1747068	organism
bac19789	1883098	organism
bac19790	422289	organism
bac19791	1262873	organism
bac19792	121872	organism
bac19793	198107	organism
bac19794	1198486	organism
bac19796	95641	organism
bac19797	221360	organism
bac19798	1516059	organism
bac19799	3259750	synonym
bac19800	2546356	organism
bac19801	157268	organism
bac19803	52442	organism
bac19804	42253	organism
bac19805	408672	organism
bac19806	1000442	organism
bac19807	1561025	organism
bac19808	1176240	organism
bac19809	580373	organism
bac19810	1579391	organism
bac19811	3259750	synonym
bac19812	3236654	synonym
bac19813	1081620	organism
bac19814	1841543	organism
bac19816	1502483	organism
bac19817	3236654	synonym
bac19818	1522060	organism
bac19820	544943	organism
bac19822	1577706	organism
bac19823	1673604	organism
bac19824	702113	organism
bac19825	262099	organism
bac19826	1617284	organism
bac19827	79676	organism
bac19828	878220	organism
bac19829	3259750	synonym
bac19830	453246	organism
bac19831	1207075	organism
bac19832	388281	organism
bac19833	1617937	organism
bac19834	1932660	organism
bac19836	299070	organism
bac19837	1158429	organism
bac19838	79201	organism
bac19839	68192	organism
bac19840	1472720	organism
bac19841	285514	organism
bac19842	1547437	organism
bac19843	28072	organism
bac19844	436229	organism
bac19845	1227351	organism
bac19846	1416614	organism
bac19847	703222	organism
bac19848	1576605	organism
bac19849	1173032	organism
bac19850	1233230	organism
bac19851	1565415	organism
bac19853	375176	organism
bac19855	1497523	organism
bac19856	1965325	organism
bac19857	1856598	organism
bac19859	3390020	synonym
bac19860	1424779	organism
bac19861	1522074	organism
bac19862	928843	organism
bac19863	882204	organism
bac19864	904714	organism
bac19865	1861974	organism
bac19867	1590613	organism
bac19868	283683	organism
bac19869	211969	organism
bac19870	271865	organism
bac19871	1499942	organism
bac19872	212121	organism
bac19873	209389	organism
bac19874	370437	organism
bac19875	1147643	organism
bac19892	1178510	organism
bac19893	35841	organism
bac19895	1632856	organism
bac19896	129736	organism
bac19897	417127	synonym
bac19899	38441	organism
bac19900	663934	organism
bac19902	870466	organism
bac19904	685428	organism
bac19905	1770312	organism
bac19907	368517	organism
bac19910	870467	organism
bac19911	360187	organism
bac19912	1254193	organism
bac19913	869720	organism
bac19914	1382719	organism
bac19915	1883	synonym
bac19916	3236654	synonym
bac19917	936074	organism
bac19918	1463833	organism
bac19919	1874061	organism
bac19920	56361	organism
bac19921	1914525	organism
bac19922	1532905	organism
bac19924	1546488	organism
bac19925	2071621	organism
bac19926	1805842	organism
bac19927	1461044	organism
bac19928	1430324	organism
bac19930	497573	organism
bac19931	379347	organism
bac19932	3153691	synonym
bac19935	143681	organism
bac19936	1609919	organism
bac19937	934252	organism
bac19938	762821	organism
bac19939	1775939	organism
bac19941	1529065	organism
bac19943	3236654	synonym
bac19945	387426	organism
bac19946	1443669	organism
bac19947	1094758	organism
bac19951	1702083	organism
bac19953	2510797	organism
bac19954	1883	synonym
bac19955	1384476	organism
bac19956	747457	organism
bac19957	186334	organism
bac19958	265519	organism
bac19959	1917143	organism
bac19960	380481	organism
bac19961	404579	organism
bac19962	1302167	organism
bac19963	862129	organism
bac19964	362829	organism
bac19965	387938	organism
bac19966	1517491	organism
bac19967	1449803	organism
bac19968	1588023	organism
bac19970	329264	organism
bac19971	437670	organism
bac19972	687411	organism
bac19973	325424	organism
bac19975	1271882	organism
bac19977	1577588	organism
bac19978	1911520	organism
bac19979	1514815	organism
bac19980	1806451	organism
bac19981	389090	organism
bac19982	1340435	organism
bac19983	1166158	organism
bac19984	932213	organism
bac19985	659160	organism
bac19986	1144309	organism
bac19987	1891241	organism
bac19988	1125973	organism
bac19989	1408306	organism
bac19990	3019933	organism
bac19991	312532	organism
bac19992	172088	organism
bac19993	59600	organism
bac19995	1268317	organism
bac19996	1120792	organism
bac19997	1332069	organism
bac19998	1101190	organism
bac19999	114615	organism
bac200	358	organism
bac20000	1131814	organism
bac20001	235278	organism
bac20002	657395	organism
bac20003	1684476	organism
bac20004	1268622	organism
bac20005	199441	organism
bac20006	1914534	organism
bac20007	2516874	organism
bac20008	3236654	synonym
bac20009	611307	organism
bac20010	529846	organism
bac20011	1652545	organism
bac20012	1400207	organism
bac20013	587415	organism
bac20014	1327537	organism
bac20015	47885	organism
bac20016	1524461	organism
bac20017	313612	organism
bac20020	182708	organism
bac20021	384033	organism
bac20023	2721223	organism
bac20024	272129	organism
bac20025	1007192	organism
bac20026	994591	organism
bac20027	350817	organism
bac20029	516077	organism
bac20031	1870901	organism
bac20032	1920174	organism
bac20033	1969459	organism
bac20034	201500	organism
bac20036	644281	organism
bac20037	311233	organism
bac20038	1682047	organism
bac20039	2341113	organism
bac20040	107637	organism
bac20041	197335	organism
bac20042	598467	organism
bac20045	651828	organism
bac20046	1855455	organism
bac20047	1858795	organism
bac20048	1365361	organism
bac20049	1365365	organism
bac20050	1365375	organism
bac20051	1365363	organism
bac20052	1365407	organism
bac20053	1883	synonym
bac20054	941587	organism
bac20055	569580	organism
bac20056	431672	organism
bac20057	299254	organism
bac20058	746675	organism
bac20059	1715678	organism
bac20060	697274	organism
bac20061	1883	synonym
bac20062	1167456	organism
bac20063	115808	organism
bac20064	1126627	organism
bac20065	2045018	organism
bac20066	722413	organism
bac20067	387093	organism
bac20068	565	organism
bac20069	1029574	organism
bac20070	1979370	organism
bac20071	391600	organism
bac20072	1906665	organism
bac20073	292913	organism
bac20074	637578	organism
bac20075	1742924	organism
bac20077	72579	organism
bac20078	676517	organism
bac20079	484429	organism
bac20080	1117987	organism
bac20081	1463892	organism
bac20082	93927	organism
bac20083	292414	organism
bac20085	1293648	organism
bac20086	59196	organism
bac20087	955	organism
bac20089	1715217	organism
bac20090	1856685	organism
bac20091	613074	organism
bac20092	2723029	organism
bac20093	3236654	synonym
bac20094	3236654	synonym
bac20095	3236654	synonym
bac20096	1262876	organism
bac20097	3236654	synonym
bac20098	547985	organism
bac20099	638760	organism
bac20100	2608793	organism
bac20101	1188	organism
bac20104	402890	organism
bac20105	450821	organism
bac20106	1577051	organism
bac20107	2296	organism
bac20108	327160	organism
bac20109	76981	organism
bac20110	1007495	organism
bac20111	165179	organism
bac20112	1590041	organism
bac20113	1112213	organism
bac20114	195704	organism
bac20115	84032	organism
bac20116	311458	organism
bac20117	1118153	organism
bac20118	2571048	organism
bac20119	2250276	organism
bac20120	1227555	organism
bac20121	1111107	organism
bac20122	76981	organism
bac20127	284636	organism
bac20128	221359	organism
bac20129	1572656	organism
bac20130	497001	organism
bac20131	3236654	synonym
bac20133	168685	organism
bac20134	2004404	organism
bac20135	1586081	organism
bac20136	1506582	organism
bac20137	1123041	organism
bac20138	201499	organism
bac20140	3236654	synonym
bac20141	945056	organism
bac20142	2878545	organism
bac20144	2698869	organism
bac20145	1478134	organism
bac20146	32052	organism
bac20147	1096546	organism
bac20148	1470577	synonym
bac20149	2026786	organism
bac20150	1287336	organism
bac20151	189516	organism
bac20152	872	synonym
bac20153	104199	organism
bac20154	2815360	organism
bac20155	1761756	organism
bac20156	194289	organism
bac20157	575406	organism
bac20158	2069256	organism
bac20159	3236654	synonym
bac20160	84591	organism
bac20161	1281845	organism
bac20162	1921421	organism
bac20163	614068	organism
bac20164	1977087	organism
bac20165	1883	synonym
bac20166	1100706	organism
bac20167	983708	organism
bac20168	742013	organism
bac20169	1105031	organism
bac20171	127891	organism
bac20172	175533	organism
bac20175	1300915	organism
bac20176	1453501	organism
bac20177	1793131	organism
bac20178	104667	organism
bac20179	1041639	organism
bac20180	1063	synonym
bac20181	872	synonym
bac20182	2489212	organism
bac20183	544945	organism
bac20185	1883	synonym
bac20186	1811581	organism
bac20189	412955	organism
bac20192	566679	organism
bac20193	1962289	organism
bac20194	2005070	organism
bac20195	13724	synonym
bac20196	1182970	organism
bac20197	1359208	organism
bac20198	439493	organism
bac20199	1207	organism
bac20200	2018564	organism
bac20201	1004156	organism
bac20203	1973213	organism
bac20204	1973212	organism
bac20205	2005884	organism
bac20206	313985	organism
bac20207	3341775	organism
bac20208	2026738	organism
bac20209	393303	organism
bac20210	649508	organism
bac20211	418855	organism
bac20212	69000	organism
bac20213	482564	organism
bac20214	65093	organism
bac20215	33882	synonym
bac20216	464029	organism
bac20217	1813182	organism
bac20218	1338689	organism
bac20219	649724	organism
bac20220	1392487	organism
bac20221	941430	organism
bac20222	1867044	organism
bac20224	1291540	organism
bac20225	505249	organism
bac20226	1397275	organism
bac20227	1007495	organism
bac20228	1519493	organism
bac20229	1463917	organism
bac20230	2928841	organism
bac20231	1765374	organism
bac20232	1798806	organism
bac20233	1236209	organism
bac20234	2749906	organism
bac20235	305719	organism
bac20236	285354	organism
bac20237	233098	organism
bac20238	1940305	organism
bac20239	237727	organism
bac20241	1727196	organism
bac20242	2772301	organism
bac20243	2772300	organism
bac20244	2487424	organism
bac20246	110517	organism
bac20247	225984	organism
bac20248	64471	organism
bac20249	2735554	organism
bac20252	57665	synonym
bac20253	57665	synonym
bac20254	1094341	organism
bac20255	285574	organism
bac20256	310768	organism
bac20257	1980397	organism
bac20258	1223566	organism
bac20259	374	synonym
bac2026	562	organism
bac20260	1855319	organism
bac20261	1755647	organism
bac20262	1680160	organism
bac20263	318996	organism
bac20265	1855321	organism
bac20266	1848292	organism
bac20267	1038866	organism
bac20268	1419263	organism
bac20269	933800	organism
bac20270	2792224	organism
bac20272	1343105	organism
bac20273	2545265	organism
bac20274	333966	organism
bac20275	2849036	organism
bac20276	2722825	organism
bac20277	1188994	organism
bac20278	1707785	organism
bac20280	1273687	organism
bac20281	1209493	organism
bac20282	1395799	organism
bac20283	1867895	organism
bac20284	3236654	synonym
bac20285	1231057	organism
bac20286	1001354	organism
bac2037	1052	organism
bac2038	1053	organism
bac2039	1054	organism
bac2040	636	organism
bac2043	945	organism
bac205	28099	organism
bac206	357	organism
bac2084	549	organism
bac2085	61646	organism
bac2089	569	organism
bac2091	547	organism
bac2095	1351	organism
bac2096	1352	organism
bac2097	1354	organism
bac2136	552	organism
bac2137	553	organism
bac2140	554	organism
bac2141	556	organism
bac2143	551	organism
bac2145	55209	organism
bac2149	55212	organism
bac2156	1044	organism
bac2157	1041	organism
bac2162	563	organism
bac2164	37762	organism
bac2168	566546	organism
bac2169	28901	organism
bac2172	561	organism
bac2180	1731	organism
bac2181	74426	organism
bac2183	649756	organism
bac2185	84112	organism
bac2187	1732	organism
bac2190	1730	organism
bac2221	41202	organism
bac2226	853	organism
bac2243	93466	organism
bac2245	28122	organism
bac227	518	organism
bac2273	245	organism
bac2274	33883	organism
bac2275	247	organism
bac2276	13688	organism
bac2279	41986	organism
bac2280	13689	organism
bac2282	249	organism
bac2285	252	organism
bac2286	984	organism
bac2287	253	organism
bac2288	28454	organism
bac229	75697	organism
bac2291	33918	organism
bac2295	256	organism
bac2301	29534	organism
bac2302	237	organism
bac2305	274	organism
bac2307	995	organism
bac231	106590	organism
bac232	511	organism
bac2324	263	organism
bac2325	1854	organism
bac233	45677	organism
bac234	34073	organism
bac235	72557	organism
bac236	507	organism
bac2370	851	organism
bac2371	856	organism
bac238	85698	organism
bac2402	2702	organism
bac2405	1379	organism
bac2414	28232	organism
bac243	405212	organism
bac2464	33996	organism
bac2465	318683	organism
bac2467	38307	organism
bac2471	89584	organism
bac2475	586239	organism
bac2477	441	organism
bac2478	574987	organism
bac2524	724	organism
bac2525	197575	organism
bac2527	728	organism
bac2528	726	organism
bac2529	727	organism
bac2531	735	organism
bac2532	729	organism
bac2533	738	organism
bac2548	2331	organism
bac2549	2238	organism
bac2550	28442	organism
bac2552	2242	organism
bac2559	2239	organism
bac2561	2246	organism
bac2562	42422	organism
bac2563	62319	organism
bac2565	35745	organism
bac2566	2252	organism
bac2567	2251	organism
bac2569	2746	organism
bac257	1049	organism
bac2570	77097	organism
bac2571	2745	organism
bac2602	214	organism
bac2603	217	organism
bac2604	210	organism
bac2606	209	organism
bac2607	2699	organism
bac2611	2698	organism
bac2645	964	organism
bac2656	65	organism
bac2722	940	organism
bac2724	12917	organism
bac2727	65657	organism
bac2728	65655	organism
bac2729	47421	organism
bac273	227	organism
bac2730	28885	organism
bac274	28107	organism
bac2745	84	organism
bac2746	84	organism
bac2747	81	organism
bac2748	83	organism
bac2749	48292	organism
bac275	226	organism
bac2756	36863	organism
bac276	43660	organism
bac2764	167644	organism
bac2806	49185	organism
bac2809	1951	organism
bac2811	571	organism
bac2814	573	organism
bac2818	570	organism
bac2821	580	organism
bac2822	579	organism
bac2835	1650	organism
bac2843	28051	organism
bac2846	1579	organism
bac2847	1603	organism
bac2848	1605	organism
bac2849	1590	organism
bac2851	1580	organism
bac2852	1581	organism
bac2854	1582	organism
bac2856	1613	organism
bac2857	1583	organism
bac2858	1610	organism
bac2859	47770	organism
bac2860	28038	organism
bac2861	1584	organism
bac2865	1612	organism
bac2867	1614	organism
bac2868	1596	organism
bac2870	1587	organism
bac2871	1588	organism
bac2872	109790	organism
bac2873	33959	organism
bac2875	33962	organism
bac2876	267818	organism
bac2878	28039	organism
bac2880	1618	organism
bac2883	1622	organism
bac2884	1597	organism
bac2886	1589	organism
bac2890	1598	organism
bac2891	47715	organism
bac2892	1623	organism
bac2893	1599	organism
bac2895	1624	organism
bac2896	1625	organism
bac2897	1578	organism
bac2899	176291	organism
bac2901	1629	organism
bac2903	1358	organism
bac2906	1365	organism
bac2907	1366	organism
bac2908	1357	organism
bac2943	446	organism
bac298	47988	organism
bac2986	173	organism
bac2987	29508	organism
bac299	1449	organism
bac2999	33964	organism
bac3004	1246	organism
bac3009	1247	organism
bac3010	1249	organism
bac3011	33968	organism
bac303	113559	organism
bac304	1868	organism
bac3044	1642	organism
bac3045	1639	organism
bac3046	1640	organism
bac309	2074	organism
bac31	35830	organism
bac310	1847	organism
bac3115	28073	organism
bac3117	262323	organism
bac3118	69	organism
bac314	1814	organism
bac315	31958	organism
bac3153	188	synonym
bac316	1813	organism
bac3177	75985	organism
bac319	1163	organism
bac3205	907	organism
bac322	264691	organism
bac3242	39645	organism
bac3243	381	organism
bac3250	2208	organism
bac3251	2161	organism
bac3252	2162	organism
bac3253	2171	organism
bac3254	2181	organism
bac3255	2160	organism
bac3256	145262	organism
bac3258	145261	organism
bac3259	39441	organism
bac3260	2190	organism
bac3261	42879	organism
bac3262	39152	organism
bac3265	2184	organism
bac3266	2186	organism
bac3267	2187	organism
bac3268	2188	organism
bac3270	2209	organism
bac3271	2201	organism
bac3272	2200	organism
bac3273	2176	organism
bac3274	2320	organism
bac3279	2209	organism
bac3280	2207	organism
bac3281	2210	organism
bac3282	2203	organism
bac3286	2180	organism
bac3288	2223	organism
bac3290	405	organism
bac3291	406	organism
bac3293	404	organism
bac3296	408	organism
bac3297	408	organism
bac33	435	organism
bac330	13335	organism
bac3300	410	organism
bac3302	29427	organism
bac3303	407	organism
bac3305	414	organism
bac3307	133	organism
bac3308	39775	organism
bac331	31899	organism
bac3312	421	organism
bac3315	416	organism
bac3316	45495	organism
bac3317	40223	organism
bac3319	17	organism
bac332	2090	organism
bac3320	16	organism
bac3321	428	organism
bac3322	426	organism
bac3323	426	organism
bac3330	33884	organism
bac3331	33882	organism
bac3333	2006	organism
bac3334	58117	organism
bac3338	69966	organism
bac3340	45610	organism
bac3341	266	organism
bac3342	384602	organism
bac3345	37922	organism
bac3346	28252	organism
bac3347	29466	organism
bac3348	1270	organism
bac3349	1273	organism
bac3352	1280	organism
bac3354	1275	organism
bac3357	1269	organism
bac3359	1272	organism
bac3363	66370	organism
bac3364	29405	organism
bac3365	1874	organism
bac3366	47856	organism
bac3368	1877	organism
bac3372	1873	organism
bac3375	46172	organism
bac3379	1996	organism
bac3416	476	organism
bac3419	478	organism
bac3420	34062	organism
bac3421	475	organism
bac3426	582	organism
bac3429	111291	organism
bac3430	111292	organism
bac344	143495	organism
bac3445	1773	organism
bac3490	1763	organism
bac3491	1791	organism
bac3492	1764	organism
bac3493	1763	organism
bac3498	1766	organism
bac35	104099	organism
bac3500	1778	organism
bac3501	1767	organism
bac3503	1768	organism
bac3506	1781	organism
bac3510	1771	organism
bac3511	1783	organism
bac3512	1772	organism
bac3515	1797	organism
bac3519	28320	organism
bac3521	2094	organism
bac3522	2111	organism
bac3523	2095	organism
bac3525	2115	organism
bac3526	29557	organism
bac3533	2102	organism
bac3535	2093	organism
bac3550	184914	organism
bac3551	34	organism
bac3572	13769	organism
bac3573	44930	organism
bac3575	2257	organism
bac3576	29288	organism
bac3577	29287	organism
bac3585	493	organism
bac3586	483	organism
bac3587	34061	organism
bac3588	494	organism
bac3590	485	organism
bac3592	486	organism
bac3593	487	organism
bac3595	33053	organism
bac3596	489	organism
bac3597	490	organism
bac3598	482	organism
bac3599	28449	organism
bac3651	913	organism
bac3652	912	organism
bac3654	915	organism
bac3655	914	organism
bac3656	914	organism
bac3661	434	organism
bac3663	2151	organism
bac3664	222	organism
bac3666	905	organism
bac3668	471	organism
bac3669	469	organism
bac3672	1866	organism
bac3680	357	organism
bac3681	358	organism
bac3683	511	organism
bac3685	507	organism
bac3691	1163	organism
bac37	81475	organism
bac3703	1665	organism
bac3704	1663	organism
bac3720	192	organism
bac3722	352	organism
bac3724	1396	organism
bac3728	1402	organism
bac3733	1386	organism
bac3735	1423	organism
bac3736	1423	synonym
bac3743	1681	organism
bac3747	139	organism
bac3759	1487	organism
bac3760	831	organism
bac3766	1186	organism
bac3799	29581	organism
bac38	442	organism
bac3801	546	organism
bac3805	84022	organism
bac3806	1488	organism
bac3808	1492	organism
bac3809	1495	organism
bac3811	1522	organism
bac3812	1534	organism
bac3815	1501	organism
bac3816	1502	organism
bac3817	28446	organism
bac3818	1485	organism
bac382	1142	organism
bac3821	1509	organism
bac3823	1553	organism
bac3833	36808	organism
bac3834	1718	organism
bac3868	562	organism
bac3877	550	organism
bac3884	551	organism
bac3890	1736	organism
bac3894	833	organism
bac3896	255	organism
bac3898	237	organism
bac3906	851	organism
bac3915	727	organism
bac3917	569	organism
bac3921	2242	organism
bac3923	2252	organism
bac394	69279	organism
bac3955	571	organism
bac3956	573	organism
bac3957	570	organism
bac3960	1579	organism
bac3962	1580	organism
bac3966	1584	organism
bac3968	1587	organism
bac397	2714	organism
bac3970	1578	organism
bac3971	1358	organism
bac398	2713	organism
bac3983	1245	organism
bac3984	1247	organism
bac40	33995	organism
bac4007	83816	organism
bac4009	2173	organism
bac4010	2190	organism
bac4011	2188	organism
bac4012	2203	organism
bac4015	423	organism
bac4018	1270	organism
bac4020	1269	organism
bac4029	480	organism
bac4030	475	organism
bac4031	582	organism
bac4045	1766	organism
bac4046	1771	organism
bac4047	1772	synonym
bac4055	2102	organism
bac4057	2093	organism
bac4074	1817	organism
bac4075	1177	organism
bac41	436	organism
bac4107	266	organism
bac4110	1255	organism
bac4111	1253	organism
bac4121	287	organism
bac414	2234	organism
bac4154	1744	organism
bac4156	1743	organism
bac4159	184072	organism
bac4160	585	organism
bac4162	333962	organism
bac4163	586	organism
bac4164	158850	organism
bac4167	587753	organism
bac4170	294	organism
bac4172	298	organism
bac4174	65655	organism
bac4175	303	organism
bac4179	286	organism
bac4194	384	organism
bac4195	396	organism
bac4196	379	organism
bac4206	1069	organism
bac4209	1076	organism
bac4212	1085	organism
bac4226	590	organism
bac4244	615	organism
bac4245	613	organism
bac4248	623	organism
bac4255	216937	organism
bac4261	974	organism
bac4264	1280	organism
bac4265	1282	organism
bac4266	1279	organism
bac4270	1335	organism
bac4275	1313	organism
bac4276	1301	organism
bac4277	1308	organism
bac4280	1894	organism
bac4282	1911	organism
bac4284	1912	organism
bac4285	58346	synonym
bac4288	1916	organism
bac4289	47716	organism
bac4290	1883	organism
bac4291	54571	organism
bac4297	1142	organism
bac43	437	organism
bac4307	931	organism
bac4321	2130	organism
bac4326	51367	organism
bac4332	338	organism
bac4336	630	organism
bac4340	68170	organism
bac4342	1824	organism
bac4343	682667	organism
bac4344	36822	organism
bac4345	2014	organism
bac4347	1818	organism
bac4353	37919	organism
bac4355	1823	organism
bac4357	38312	organism
bac4359	1830	organism
bac4360	1817	organism
bac4361	53432	organism
bac4363	1839	organism
bac4371	1177	organism
bac4379	82983	organism
bac4380	182710	organism
bac4382	529	organism
bac4397	162491	organism
bac4399	40137	organism
bac44	438	organism
bac440	37927	organism
bac441	43663	organism
bac442	1670	organism
bac443	37928	organism
bac444	1665	organism
bac445	43664	organism
bac446	43665	organism
bac4465	1158	organism
bac447	1710	organism
bac4478	847	organism
bac448	37929	organism
bac4489	59839	organism
bac449	29320	organism
bac4490	59845	organism
bac451	1671	organism
bac452	1677	organism
bac453	37930	organism
bac4531	82367	organism
bac4532	265	organism
bac4558	747	organism
bac4559	632	organism
bac4560	633	organism
bac4561	745	organism
bac457	1663	organism
bac4575	1254	organism
bac4577	51663	organism
bac4578	51664	organism
bac4579	51669	organism
bac4580	114090	organism
bac4581	1255	organism
bac4582	1253	organism
bac4585	35816	organism
bac4586	19	organism
bac4587	225195	organism
bac459	60443	organism
bac46	434	organism
bac460	37931	organism
bac461	1673	organism
bac4665	1258	organism
bac4667	33033	organism
bac4668	2741	organism
bac4670	1261	organism
bac4674	1260	organism
bac4675	33035	organism
bac4754	21	organism
bac4755	20	organism
bac4773	1198	organism
bac4776	38293	organism
bac4778	553611	organism
bac4779	659	organism
bac4780	74109	organism
bac4781	657	organism
bac4782	29488	organism
bac4786	28101	organism
bac4838	53372	organism
bac4839	2044	organism
bac4877	28887	organism
bac4878	35762	organism
bac4879	1373	organism
bac4881	1999	organism
bac49	354	organism
bac4904	703	organism
bac50	28448	organism
bac5013	28129	organism
bac5017	28133	organism
bac5020	838	organism
bac5026	1223	organism
bac5027	2260	organism
bac5029	1747	organism
bac5030	1748	organism
bac5031	1744	organism
bac5033	33011	organism
bac5036	1743	organism
bac5037	2333	organism
bac5041	82996	organism
bac5044	584	organism
bac5046	102862	organism
bac5047	587	organism
bac5048	583	organism
bac5049	585	organism
bac5057	586	organism
bac5058	588	organism
bac5073	150723	organism
bac5074	1152	organism
bac5079	53247	organism
bac5081	228	organism
bac5085	286	organism
bac5087	287	organism
bac5088	43263	organism
bac5090	83263	organism
bac5092	303	organism
bac5093	288	organism
bac5096	46680	organism
bac5099	290	organism
bac51	33951	organism
bac5102	28094	organism
bac5103	155077	organism
bac5105	587753	organism
bac5107	36746	organism
bac5109	53408	organism
bac5111	53409	organism
bac5112	77915	organism
bac5117	84158	organism
bac5121	294	organism
bac5123	296	organism
bac5124	180916	organism
bac5127	337	organism
bac5130	45465	organism
bac5133	29443	organism
bac5134	40324	organism
bac5135	298	organism
bac5136	28258	organism
bac5137	206042	organism
bac5139	300	organism
bac5140	1912599	organism
bac5146	2743	organism
bac5149	47882	organism
bac5150	301	synonym
bac5152	96344	organism
bac5154	286	organism
bac5158	316	synonym
bac5160	329	organism
bac5164	303	organism
bac5168	24	organism
bac5169	60550	organism
bac5171	76760	organism
bac5172	46914	organism
bac5174	29438	organism
bac5176	305	organism
bac5180	65741	organism
bac5187	286	organism
bac5192	47883	organism
bac5193	317	organism
bac5196	47884	organism
bac52	33952	organism
bac5202	33069	organism
bac5208	1848	organism
bac5219	498	organism
bac5220	497	organism
bac5239	13773	organism
bac5240	2277	organism
bac5242	29292	organism
bac5243	2261	organism
bac5244	53953	organism
bac5246	311400	organism
bac5249	2262	organism
bac5252	54256	organism
bac5253	2309	organism
bac5269	34038	organism
bac5272	119219	organism
bac5275	48736	organism
bac53	2325	organism
bac5340	29449	organism
bac5343	384	organism
bac5346	136996	organism
bac5350	396	organism
bac5351	379	organism
bac5352	379	organism
bac5354	398	organism
bac5380	1075	synonym
bac5381	1061	organism
bac5382	1060	organism
bac5383	1063	organism
bac5384	35806	organism
bac5386	2054	organism
bac5389	1833	organism
bac5391	33008	organism
bac5392	37915	organism
bac5395	1829	organism
bac5397	1827	organism
bac5401	28068	organism
bac5402	1067	organism
bac5404	28066	organism
bac5406	1069	organism
bac5408	1074	organism
bac5411	1071	organism
bac5412	1076	organism
bac5414	1073	organism
bac5418	1082	organism
bac5419	1083	organism
bac5420	1085	organism
bac5422	1066	organism
bac5425	29549	organism
bac5446	781	organism
bac5447	782	organism
bac5459	166486	organism
bac5460	841	organism
bac5461	2434	organism
bac5462	2433	organism
bac5463	2047	organism
bac5468	1754	organism
bac5477	1264	organism
bac5478	1265	organism
bac5480	43064	organism
bac5481	1263	organism
bac5489	81408	organism
bac5518	1836	organism
bac5519	28042	organism
bac5520	1835	organism
bac5529	52603	organism
bac5555	590	organism
bac5583	1266	organism
bac5585	1267	organism
bac5658	29345	organism
bac5668	971	organism
bac5684	706570	organism
bac5685	61651	organism
bac5686	47917	organism
bac5687	82995	organism
bac5689	614	organism
bac5690	615	organism
bac5691	61652	organism
bac5695	613	organism
bac5706	70863	organism
bac5708	22	organism
bac5710	621	organism
bac5711	622	organism
bac5712	623	organism
bac5713	624	organism
bac5714	620	organism
bac576	33917	organism
bac577	57043	organism
bac5778	859	synonym
bac578	69368	organism
bac5781	34103	organism
bac5782	34102	organism
bac5798	48935	organism
bac5801	13687	organism
bac5802	33052	organism
bac5803	13690	organism
bac5814	189	organism
bac5815	58123	organism
bac5816	58122	organism
bac5818	147	organism
bac5819	146	organism
bac5825	2133	organism
bac5829	1154	organism
bac5846	153721	organism
bac5847	46469	organism
bac5848	47679	organism
bac5849	1571	organism
bac5871	67280	organism
bac5872	29388	organism
bac5873	1281	organism
bac5874	67293	organism
bac5875	1282	organism
bac5876	52258	organism
bac5877	1283	organism
bac5878	1290	organism
bac5880	29385	organism
bac5881	1286	organism
bac5882	1279	organism
bac5885	1292	organism
bac5886	1288	organism
bac5887	2280	organism
bac5908	41	organism
bac5915	67255	organism
bac5916	1326	organism
bac5917	1311	organism
bac5919	1335	organism
bac5920	1335	organism
bac5921	67351	organism
bac5922	46126	organism
bac5923	1359	organism
bac5925	53345	organism
bac5926	1334	organism
bac5932	1906	organism
bac5933	1908	organism
bac5934	1302	organism
bac5935	1314	organism
bac5938	33040	organism
bac5940	28037	organism
bac5941	1309	organism
bac5943	1963	organism
bac5944	1303	organism
bac5950	1341	organism
bac5951	285450	organism
bac5952	1304	organism
bac5953	1305	organism
bac5954	1310	organism
bac5955	1301	organism
bac5956	1308	organism
bac5957	1349	organism
bac5959	1961	organism
bac5967	68172	organism
bac5968	68173	organism
bac5969	132473	organism
bac5970	67269	organism
bac5971	1888	organism
bac5973	1889	organism
bac5974	1890	organism
bac5975	29301	organism
bac5976	68176	organism
bac5977	1893	organism
bac5978	1894	organism
bac5979	193461	organism
bac5980	33903	organism
bac5981	285556	organism
bac5982	146537	organism
bac5983	1896	organism
bac5984	33897	organism
bac5986	1898	organism
bac5988	1901	organism
bac5990	29303	organism
bac5991	1969	organism
bac5992	66876	organism
bac5993	42881	organism
bac5994	1892	organism
bac5995	53446	organism
bac6000	42684	organism
bac6003	80860	organism
bac6004	1956	organism
bac6005	42236	organism
bac6008	1965	organism
bac6009	42237	organism
bac6010	1905	organism
bac6011	68197	organism
bac6012	67297	organism
bac6013	67299	organism
bac6014	55404	organism
bac6018	33898	organism
bac6020	1907	organism
bac6024	249580	organism
bac6027	51201	organism
bac6028	146922	organism
bac603	59406	organism
bac6030	2064	organism
bac6031	1909	organism
bac6032	29306	organism
bac6033	67304	organism
bac6034	45398	organism
bac6035	1911	organism
bac6039	1944	organism
bac604	12960	organism
bac6041	52259	organism
bac6043	1912	organism
bac6044	103232	organism
bac6046	1967	organism
bac6048	39478	organism
bac605	34027	organism
bac6050	1947	organism
bac6051	1919	organism
bac6052	1916	organism
bac6053	28044	organism
bac6054	47763	organism
bac6055	67324	organism
bac6056	67325	organism
bac6058	44060	organism
bac6061	1970	organism
bac6062	33900	organism
bac6064	68241	organism
bac6065	28894	organism
bac6067	1921	organism
bac6068	47716	organism
bac6072	146923	organism
bac6073	1950	organism
bac6075	58346	organism
bac6078	67344	organism
bac6079	1924	organism
bac608	270343	organism
bac6082	1926	organism
bac6083	80859	organism
bac6084	1927	organism
bac6085	1928	organism
bac6087	66430	organism
bac6088	83378	organism
bac6089	1929	organism
bac609	7	organism
bac6091	1930	organism
bac6092	73044	organism
bac6097	1883	organism
bac6098	68270	organism
bac6099	193462	organism
bac610	28077	organism
bac6100	65499	organism
bac6101	1932	organism
bac6102	66905	organism
bac6103	1952	organism
bac6105	47759	organism
bac6106	54571	organism
bac6109	29309	organism
bac611	192	organism
bac6110	1960	organism
bac6115	68282	organism
bac6116	1938	organism
bac6117	67581	organism
bac6118	43759	organism
bac6119	66378	organism
bac612	193	organism
bac6120	43357	organism
bac6121	47479	organism
bac6122	47480	organism
bac6123	2001	organism
bac6124	46188	organism
bac6125	47990	organism
bac6126	46190	organism
bac6129	35621	organism
bac613	191	organism
bac6158	83771	organism
bac616	170623	organism
bac6160	2285	organism
bac6162	2286	organism
bac6163	2287	organism
bac6167	44674	organism
bac6168	65553	organism
bac617	353	organism
bac6177	2734	organism
bac618	352	organism
bac6187	1129	organism
bac6196	863	organism
bac6197	316277	organism
bac6198	43775	organism
bac6220	82987	organism
bac623	1422	organism
bac6271	59405	organism
bac6272	33058	organism
bac6273	33057	organism
bac6278	2024	organism
bac6279	37482	organism
bac628	1445	organism
bac6280	2023	organism
bac6282	2026	organism
bac6284	1757	organism
bac6286	108150	organism
bac6289	28896	organism
bac629	44250	organism
bac6297	2704	organism
bac6298	2021	organism
bac6299	46540	organism
bac63	264635	organism
bac630	1390	organism
bac6302	2265	organism
bac6303	49899	organism
bac6304	2263	organism
bac6306	54076	organism
bac6307	1741	organism
bac6309	29539	organism
bac6310	192994	organism
bac6311	500	organism
bac6312	53522	organism
bac6313	2020	organism
bac632	1451	organism
bac6324	2303	organism
bac6326	50339	organism
bac6327	359169	organism
bac6328	70771	organism
bac6329	2271	organism
bac6331	2336	organism
bac6332	2337	organism
bac6333	2335	organism
bac6334	271	organism
bac6336	276	organism
bac6338	277	organism
bac6339	37636	organism
bac634	1392	organism
bac6340	270	organism
bac6345	76588	organism
bac6346	36861	organism
bac6348	926	organism
bac6349	927	organism
bac6351	919	organism
bac6352	929	organism
bac6354	931	organism
bac6355	932	organism
bac6356	34007	organism
bac6357	1058	organism
bac6358	13725	organism
bac637	1455	organism
bac638	1393	organism
bac6382	79681	organism
bac64	2148	organism
bac641	1529	organism
bac6426	158	organism
bac6427	159	organism
bac6430	162	organism
bac6431	174922	organism
bac6432	167	organism
bac647	54910	organism
bac648	1396	organism
bac649	1397	organism
bac652	1458	organism
bac653	1399	organism
bac655	33934	organism
bac656	1404	organism
bac6565	146939	organism
bac6573	2130	organism
bac658	1423	organism
bac659	1459	organism
bac6593	2739	organism
bac660	1482	organism
bac6605	39777	organism
bac6607	29465	organism
bac661	86665	organism
bac662	86666	organism
bac6624	663	organism
bac6626	666	organism
bac663	1461	organism
bac6631	29494	organism
bac6632	669	organism
bac6633	90736	organism
bac6634	674	organism
bac6637	670	organism
bac6639	76258	organism
bac6640	662	organism
bac6642	844	organism
bac666	33018	organism
bac667	1465	organism
bac668	1467	organism
bac669	1402	organism
bac6699	47492	organism
bac670	44252	organism
bac6701	281	organism
bac6702	279	organism
bac6704	280	organism
bac6708	339	organism
bac671	1478	organism
bac6710	346	organism
bac6712	56459	organism
bac6713	56455	organism
bac6717	347	organism
bac6719	80867	organism
bac6720	338	organism
bac6721	343	organism
bac673	1408	organism
bac6734	2371	organism
bac674	1471	organism
bac6741	630	organism
bac6745	629	organism
bac675	1405	organism
bac6758	350	organism
bac6760	349	organism
bac6765	542	organism
bac677	86668	organism
bac679	1481	organism
bac680	33936	organism
bac6806	507	organism
bac681	1473	organism
bac682	1474	organism
bac683	1406	organism
bac6835	1493	organism
bac685	1476	organism
bac6850	44249	organism
bac6871	1336	organism
bac6880	57706	organism
bac6883	1604	organism
bac690	1484	organism
bac6912	2107	organism
bac6934	1883	organism
bac6947	36807	organism
bac6952	1350	organism
bac6968	68	organism
bac6972	485	organism
bac698	1421	organism
bac6988	192387	organism
bac7004	1606	organism
bac7005	29389	organism
bac7006	1578	organism
bac7007	38313	organism
bac7019	64642	organism
bac704	33938	organism
bac705	33940	organism
bac706	1426	organism
bac707	33941	organism
bac7070	549	organism
bac7071	577	organism
bac7072	55212	organism
bac7073	315405	organism
bac709	818	organism
bac7098	195	organism
bac7099	196	organism
bac71	668	organism
bac710	49283	organism
bac7103	33960	organism
bac711	1428	organism
bac7112	164	organism
bac7113	34011	organism
bac7114	2013	organism
bac7115	59299	organism
bac7116	53246	organism
bac7127	37638	organism
bac7138	379097	organism
bac7145	46506	organism
bac7146	28453	organism
bac7153	184748	organism
bac7165	1328	organism
bac7181	1407	organism
bac7183	53953	organism
bac7184	33999	organism
bac7186	1307	organism
bac7190	1883	organism
bac7191	284041	organism
bac7203	134537	organism
bac7214	985	organism
bac7224	2214	organism
bac7228	2248	organism
bac7241	42566	organism
bac7245	43687	organism
bac7246	47303	organism
bac7248	12915	organism
bac7258	210	organism
bac7273	69367	organism
bac7282	181486	organism
bac7291	56956	organism
bac7314	288004	organism
bac7315	146919	organism
bac7318	58050	organism
bac7328	81406	organism
bac7348	574987	organism
bac7349	442	organism
bac7351	318683	organism
bac7352	38307	organism
bac7354	38308	organism
bac7357	100	organism
bac7359	1810	organism
bac7365	84159	organism
bac7373	56812	organism
bac7382	169679	organism
bac7409	75697	organism
bac7418	1828	organism
bac7426	44574	organism
bac7427	145263	organism
bac7428	2221	organism
bac7438	2034	organism
bac745	39956	organism
bac7457	1504	organism
bac746	119484	organism
bac7463	88233	organism
bac7466	2005	organism
bac7468	54262	organism
bac7472	178340	organism
bac7474	1881	organism
bac7481	1648	organism
bac7484	129337	organism
bac7487	848	organism
bac749	867	organism
bac7490	1709	organism
bac750	28123	organism
bac7500	44256	organism
bac7501	92442	organism
bac7510	565	organism
bac7511	564	organism
bac7519	46632	organism
bac7520	2000	organism
bac7522	186116	organism
bac7523	146826	organism
bac7530	67364	organism
bac7535	108328	organism
bac754	823	organism
bac7542	53413	organism
bac7543	86104	organism
bac755	817	organism
bac7554	2019	organism
bac7555	86304	organism
bac7556	48073	organism
bac7557	63186	organism
bac7559	185007	organism
bac756	837	organism
bac7560	40542	organism
bac7563	242599	organism
bac7564	37734	organism
bac7566	53346	organism
bac7567	1353	organism
bac7569	44009	organism
bac757	28113	organism
bac7570	1356	organism
bac7571	44008	organism
bac7572	1352	organism
bac758	28131	organism
bac7587	32025	organism
bac7602	339	organism
bac7603	628	organism
bac761	28132	organism
bac7615	539	organism
bac762	52226	organism
bac7628	554	synonym
bac763	28134	synonym
bac7632	1338	organism
bac7633	76860	organism
bac7635	1284	organism
bac765	28116	organism
bac7671	88058	organism
bac7675	1064514	organism
bac7676	35554	organism
bac7678	188789	organism
bac7679	103816	organism
bac769	816	organism
bac7690	180282	organism
bac7691	36873	organism
bac7692	53412	organism
bac7695	165695	organism
bac770	28118	organism
bac7700	46429	organism
bac771	833	organism
bac7737	2053	organism
bac7738	59754	organism
bac774	820	organism
bac7746	79261	organism
bac775	28137	organism
bac776	821	organism
bac7769	59753	organism
bac777	384636	synonym
bac7771	2742	organism
bac7786	672	organism
bac7792	151755	organism
bac7793	151784	organism
bac7795	53399	organism
bac7797	1454	organism
bac7799	54911	organism
bac78	1353889	organism
bac7800	65555	organism
bac7801	2336	organism
bac7809	405	organism
bac7828	2234	organism
bac7830	2320	organism
bac7834	1850	organism
bac7836	29292	organism
bac7837	13773	organism
bac7838	56636	organism
bac7841	53953	organism
bac7842	2261	organism
bac7843	2303	organism
bac7844	50339	organism
bac7850	152794	organism
bac7852	274	organism
bac7854	38323	organism
bac7855	33047	organism
bac7856	803	organism
bac7858	1971	organism
bac7865	1934	organism
bac7869	31909	organism
bac7877	79879	organism
bac7878	76935	organism
bac790	774	organism
bac7901	676	organism
bac7911	41899	organism
bac7915	2371	organism
bac7917	2026192	organism
bac7918	43770	organism
bac7934	89152	organism
bac7938	43354	organism
bac7947	67824	organism
bac7950	126385	organism
bac7970	1933	organism
bac799	959	organism
bac80	222	organism
bac800	960	organism
bac8014	2214	organism
bac8016	1809	organism
bac8025	53406	organism
bac8026	79967	organism
bac8032	67854	organism
bac8038	29421	organism
bac8040	92933	organism
bac8043	94626	organism
bac8050	61016	organism
bac8052	1428	organism
bac8054	1406	organism
bac8055	1371	organism
bac8056	271065	organism
bac8057	141390	organism
bac806	1022	organism
bac8075	583357	organism
bac8076	1903	organism
bac8080	1346	organism
bac8081	59814	organism
bac8082	115647	organism
bac8092	544	organism
bac8096	445	organism
bac8097	28125	organism
bac8098	1257	organism
bac810	691	organism
bac8104	115828	organism
bac8107	1867	organism
bac8119	28104	organism
bac8123	89184	organism
bac8126	47466	organism
bac8137	2124	organism
bac8138	1462	organism
bac8143	28229	organism
bac8148	45242	organism
bac8152	58343	organism
bac8154	66269	organism
bac8156	57975	organism
bac8177	87883	organism
bac8182	199	organism
bac8202	137658	organism
bac8234	51288	organism
bac8235	61647	organism
bac8260	283785	organism
bac8280	1683	organism
bac8281	28026	organism
bac8286	1638	organism
bac8306	39650	organism
bac8320	2015	organism
bac8340	51589	organism
bac8381	43655	organism
bac839	1245	organism
bac84	32002	organism
bac841	1678	organism
bac842	1680	organism
bac8421	29483	organism
bac8422	29486	organism
bac8423	634	organism
bac8424	29484	organism
bac8426	29581	organism
bac8427	168471	organism
bac8428	654	organism
bac843	28025	organism
bac8430	158836	organism
bac8431	61645	organism
bac8434	150120	organism
bac8438	33074	organism
bac8439	82976	organism
bac844	1681	organism
bac8440	158483	organism
bac8441	133448	organism
bac8442	545	organism
bac8443	35703	organism
bac8444	67824	organism
bac8445	67826	organism
bac8446	636	organism
bac8447	620	organism
bac8448	41202	organism
bac845	1685	organism
bac8451	579	organism
bac8452	83655	organism
bac8454	158849	organism
bac8455	53335	organism
bac8456	584	organism
bac8457	102862	organism
bac8458	34038	organism
bac8459	633	organism
bac8461	67780	organism
bac847	1689	organism
bac8497	1479	organism
bac85	905	organism
bac851	216816	organism
bac8516	119025	organism
bac852	1694	organism
bac8520	817	organism
bac8533	262320	organism
bac8534	110932	organism
bac8538	106592	organism
bac854	33905	organism
bac8548	183670	organism
bac8549	206045	organism
bac856	35833	organism
bac8565	61645	organism
bac8588	35798	organism
bac8590	1231	organism
bac8592	33945	organism
bac8599	81425	organism
bac86	2283	organism
bac8611	34072	organism
bac8680	261825	organism
bac8685	1296	organism
bac8686	1962	organism
bac87	41673	organism
bac8702	33942	organism
bac871	110	organism
bac872	1079	organism
bac8756	28151	organism
bac8760	731	organism
bac8764	92644	organism
bac8775	863372	organism
bac8778	284570	organism
bac8782	68895	organism
bac8783	51101	organism
bac8784	33918	organism
bac8793	93368	organism
bac8798	930166	organism
bac8799	107400	organism
bac88	12914	organism
bac8800	261302	organism
bac8818	33987	organism
bac8831	332055	organism
bac8840	29542	organism
bac89	524	organism
bac8908	85085	organism
bac8909	202950	organism
bac8910	211146	organism
bac8911	73029	organism
bac8912	216465	organism
bac8913	2237	organism
bac8940	37916	organism
bac896	521	organism
bac8961	98668	organism
bac8962	53378	organism
bac8963	33050	organism
bac8964	52133	organism
bac8965	86174	organism
bac8968	36814	organism
bac8969	43304	organism
bac898	519	organism
bac8980	28253	organism
bac8982	95486	organism
bac8987	265948	organism
bac899	520	organism
bac8996	165697	organism
bac900	517	organism
bac9012	38308	organism
bac902	139	organism
bac9020	40318	organism
bac9024	1314	organism
bac9025	1773	organism
bac9026	187145	organism
bac9029	265606	organism
bac903	140	organism
bac9031	85874	organism
bac9052	96773	organism
bac9053	92002	organism
bac9054	92003	organism
bac9056	196914	organism
bac9059	1570	organism
bac9077	119864	organism
bac9092	40520	organism
bac9093	256839	organism
bac9094	116085	organism
bac9095	1735	organism
bac9096	186931	organism
bac91	920	organism
bac9103	281362	organism
bac9104	281361	organism
bac9108	42471	organism
bac9109	84156	organism
bac9111	28262	organism
bac9113	1562	organism
bac9114	28223	organism
bac9115	84980	organism
bac9118	73030	organism
bac9119	36853	organism
bac9131	39664	organism
bac9145	83561	organism
bac9146	71667	organism
bac9153	135577	organism
bac9176	66347	organism
bac9181	309805	organism
bac9182	83868	organism
bac9199	785	organism
bac92	930	organism
bac9200	29291	organism
bac9218	253239	organism
bac9220	74030	organism
bac9242	53426	organism
bac929	375	organism
bac930	374	organism
bac9315	37333	organism
bac9322	408	organism
bac9327	56	organism
bac9328	380174	organism
bac933	480	organism
bac9330	29471	organism
bac9332	1717	organism
bac9333	37329	organism
bac9335	2190	organism
bac9336	111782	organism
bac9340	75906	organism
bac9341	35835	organism
bac9342	13134	organism
bac9350	342948	organism
bac9366	1488	organism
bac9369	39960	organism
bac9370	84109	organism
bac9371	84163	organism
bac9372	43305	organism
bac9373	185008	organism
bac9382	28035	organism
bac9389	54294	organism
bac94	12916	organism
bac9403	47886	organism
bac9421	293091	organism
bac9432	86957	organism
bac9433	631	organism
bac9447	1333	organism
bac9449	1317	organism
bac9450	1305	organism
bac9451	1303	organism
bac9452	1302	organism
bac9453	1328	organism
bac9454	1338	organism
bac9455	76860	organism
bac9464	79601	organism
bac9467	1904	organism
bac9471	535	organism
bac9479	1472	organism
bac9501	79882	organism
bac9503	152573	organism
bac9511	28141	organism
bac9521	67303	organism
bac9522	97478	organism
bac9523	1596	organism
bac9524	1632	organism
bac9526	1633	organism
bac9542	252356	organism
bac9545	28049	organism
bac956	55080	organism
bac957	41170	organism
bac9574	182262	organism
bac9575	86173	organism
bac9577	157920	organism
bac958	2036	organism
bac9581	2426	organism
bac959	1697	organism
bac9594	231049	organism
bac9598	114	organism
bac9599	53457	organism
bac960	1718	organism
bac9600	52972	organism
bac9628	301388	organism
bac965	82801	organism
bac9668	54062	organism
bac9679	53633	organism
bac9684	28034	organism
bac9686	1548	organism
bac9688	60520	organism
bac969	1703	organism
bac9692	172	organism
bac9695	171121	organism
bac9696	155042	organism
bac9697	28231	organism
bac9698	90730	organism
bac9701	381308	organism
bac9709	110500	organism
bac9717	77608	organism
bac972	82380	organism
bac9747	46206	organism
bac9750	47881	organism
bac9755	29448	organism
bac9756	65786	organism
bac976	1696	organism
bac9762	41985	organism
bac977	1705	organism
bac9770	137591	organism
bac9781	477	organism
bac9785	1351	organism
bac98	470	organism
bac980	38305	organism
bac9803	59732	organism
bac982	293	organism
bac983	41276	organism
bac9831	42054	organism
bac9846	93220	organism
bac9847	311230	organism
bac9852	81932	organism
bac9863	230105	organism
bac9872	28229	organism
bac988	2756	organism
bac9892	29548	organism
bac99	471	organism
bac9909	348043	organism
bac9911	340322	organism
bac9914	414703	organism
bac9915	334852	organism
bac9923	2077	organism
bac9924	57487	organism
bac9933	1423	synonym
bac995	29459	organism
bac9956	1833	organism
bac9958	67320	organism
bac9959	68242	organism
bac996	234	organism
bac9966	378211	organism
bac9969	105560	organism
bac9970	425	organism
bac9972	66229	organism
bac9988	207954	organism
bac9993	1375	organism
bac9994	152161	organism
bac9995	187304	organism
bac9999	413194	organism
oth1000	512269	inline_name
oth10013	9590	inline_name
oth10046	28526	inline_name
oth10066	188229	inline_name
oth1008	325651	inline_name
oth10083	147273	inline_name
oth10106	45171	inline_name
oth1011	89462	inline_name
oth10153	386106	inline_name
oth10161	43700	inline_name
oth10163	34504	inline_name
oth10164	6293	inline_name
oth10168	69293	inline_name
oth10171	580240	inline_name
oth10184	45438	inline_name
oth10185	9755	inline_name
oth10248	1715235	inline_name
oth10249	97099	inline_name
oth1026	8613	inline_name
oth10313	10580	inline_name
oth10379	183415	inline_name
oth10380	1835347	inline_name
oth10381	106593	inline_name
oth10382	183413	inline_name
oth10383	326718	inline_name
oth10384	301913	inline_name
oth10385	52404	inline_name
oth10386	131231	inline_name
oth10387	52369	inline_name
oth10388	96916	inline_name
oth10389	301921	inline_name
oth10390	96917	inline_name
oth10391	52372	inline_name
oth10392	2202230	inline_name
oth10393	422002	inline_name
oth10394	301928	inline_name
oth10396	152231	inline_name
oth10397	52360	inline_name
oth10402	152249	inline_name
oth10412	96912	inline_name
oth10413	152244	inline_name
oth10415	447909	inline_name
oth10418	231680	inline_name
oth10434	43366	inline_name
oth1044	6238	inline_name
oth1045	6239	inline_name
oth10464	11657	inline_name
oth1053	5474	inline_name
oth10537	66527	inline_name
oth10567	36095	inline_name
oth10579	1042543	inline_name
oth10585	184542	inline_name
oth10590	178876	inline_name
oth10611	6945	inline_name
oth10649	102234	inline_name
oth10651	309978	inline_name
oth10662	5833	inline_name
oth10677	40149	inline_name
oth1068	9483	inline_name
oth10688	101007	inline_name
oth10692	1979465	inline_name
oth10696	13419	inline_name
oth10698	103351	inline_name
oth10704	88123	inline_name
oth10709	28211	inline_name
oth10732	5691	inline_name
oth10736	9669	inline_name
oth10746	3714	inline_name
oth10756	46767	inline_name
oth10763	228735	inline_name
oth10765	333760	inline_name
oth10766	12145	inline_name
oth10800	6198	inline_name
oth1081	90675	inline_name
oth10822	3895	inline_name
oth1084	4442	inline_name
oth10849	1710587	inline_name
oth1085	9838	inline_name
oth10872	261450	inline_name
oth10874	200320	inline_name
oth10878	9258	inline_name
oth10880	30193	inline_name
oth10883	485574	inline_name
oth10902	95512	inline_name
oth1091	3823	inline_name
oth10928	92988	inline_name
oth10929	92990	inline_name
oth10931	245174	inline_name
oth10940	225164	inline_name
oth10953	5046	inline_name
oth1096	5476	inline_name
oth10972	163134	inline_name
oth10980	38727	inline_name
oth10989	48483	inline_name
oth1100	5477	inline_name
oth1101	75736	inline_name
oth1111	4959	inline_name
oth11118	29730	inline_name
oth11122	47803	inline_name
oth1113	5478	inline_name
oth11138	798133	inline_name
oth11139	304233	inline_name
oth11142	309028	inline_name
oth1115	4929	inline_name
oth1117	5417	inline_name
oth1120	4911	inline_name
oth11212	72036	inline_name
oth11217	37124	inline_name
oth1122	4952	inline_name
oth11225	69158	inline_name
oth11254	215243	inline_name
oth11262	36774	inline_name
oth1128	45353	inline_name
oth11305	29281	inline_name
oth11321	165587	inline_name
oth11323	55514	inline_name
oth11324	64659	inline_name
oth11329	68780	inline_name
oth1133	5480	inline_name
oth11330	60115	inline_name
oth11331	1745197	inline_name
oth11334	1917363	inline_name
oth11335	71694	inline_name
oth11336	76939	inline_name
oth11337	171518	inline_name
oth11339	36069	inline_name
oth11341	85970	inline_name
oth11342	2012315	inline_name
oth11344	1907506	inline_name
oth11349	98349	inline_name
oth1135	4927	inline_name
oth11350	239205	inline_name
oth11351	195184	inline_name
oth11353	292561	inline_name
oth11381	464367	inline_name
oth1139	5481	inline_name
oth11399	29154	inline_name
oth11422	203381	inline_name
oth11430	8081	inline_name
oth1144	2315449	inline_name
oth11445	151340	inline_name
oth11446	151341	inline_name
oth11447	272636	inline_name
oth11448	10486	inline_name
oth11449	85655	inline_name
oth11450	10374	inline_name
oth11452	10493	inline_name
oth1146	5482	inline_name
oth11461	164416	inline_name
oth11462	12663	inline_name
oth1148	4903	inline_name
oth11484	312850	inline_name
oth11504	32264	inline_name
oth11505	28829	inline_name
oth11506	96939	inline_name
oth11507	231512	inline_name
oth11510	341669	inline_name
oth11516	4217	inline_name
oth1153	9615	inline_name
oth11530	282267	inline_name
oth11531	153609	inline_name
oth11565	15957	inline_name
oth11579	242159	inline_name
oth11581	296587	inline_name
oth11583	554065	inline_name
oth11587	79200	inline_name
oth11588	79196	inline_name
oth1159	3483	inline_name
oth11590	39946	inline_name
oth11645	82639	inline_name
oth11646	12814	inline_name
oth11649	223997	inline_name
oth1166	9925	inline_name
oth11661	439688	inline_name
oth1169	4072	inline_name
oth11738	93128	inline_name
oth1175	7957	inline_name
oth1177	217509	inline_name
oth11828	4784	inline_name
oth11845	100787	inline_name
oth11887	74613	inline_name
oth11888	262757	inline_name
oth11900	389214	inline_name
oth1191	3649	inline_name
oth11910	40410	inline_name
oth11931	333970	inline_name
oth11936	237561	inline_name
oth11947	7454	inline_name
oth1195	7962	inline_name
oth1196	4222	inline_name
oth11963	59765	inline_name
oth11996	80379	inline_name
oth11999	92921	inline_name
oth120	3625	inline_name
oth12037	108931	inline_name
oth1204	3988	inline_name
oth12067	327079	inline_name
oth12075	46012	inline_name
oth12077	690478	inline_name
oth121	3627	inline_name
oth12105	64175	inline_name
oth12106	28344	inline_name
oth1211	4058	inline_name
oth12125	47236	inline_name
oth12126	261300	inline_name
oth12127	47273	inline_name
oth12128	314128	inline_name
oth12129	415350	inline_name
oth12143	12968	inline_name
oth12147	227984	inline_name
oth12163	28377	inline_name
oth12164	79327	inline_name
oth12183	10464	inline_name
oth12184	10685	inline_name
oth12185	644524	inline_name
oth12187	305674	inline_name
oth12188	181082	inline_name
oth12189	294381	inline_name
oth12191	3040788	inline_name
oth12192	399183	inline_name
oth12194	376852	inline_name
oth12195	29250	inline_name
oth12197	1513458	inline_name
oth12199	431895	inline_name
oth12203	490711	inline_name
oth12204	489089	inline_name
oth12206	98383	inline_name
oth12207	347329	inline_name
oth12208	551790	inline_name
oth12210	359919	inline_name
oth12213	10276	inline_name
oth12221	83191	inline_name
oth12222	28321	inline_name
oth12223	176652	inline_name
oth12224	386586	inline_name
oth12225	1980924	inline_name
oth12232	436017	inline_name
oth12237	352472	inline_name
oth1225	10141	inline_name
oth12259	29892	inline_name
oth12264	71721	inline_name
oth12282	523103	inline_name
oth12290	2731619	inline_name
oth12323	47721	inline_name
oth12421	58720	inline_name
oth12425	174822	inline_name
oth12499	1215737	inline_name
oth12504	50054	inline_name
oth12590	72359	inline_name
oth12614	137888	inline_name
oth1263	60711	inline_name
oth12656	27807	inline_name
oth1267	42742	inline_name
oth12672	172790	inline_name
oth12687	673854	inline_name
oth12690	157295	inline_name
oth12695	92931	inline_name
oth12707	4890	inline_name
oth1273	320146	inline_name
oth12736	1301204	inline_name
oth12755	114742	inline_name
oth12758	61366	inline_name
oth1276	38033	inline_name
oth12777	308282	inline_name
oth12778	371726	inline_name
oth12779	268978	inline_name
oth1278	209285	inline_name
oth12780	288812	inline_name
oth12781	1504243	inline_name
oth12782	145756	inline_name
oth12783	997722	inline_name
oth12784	335163	inline_name
oth12785	350892	inline_name
oth12799	1262161	inline_name
oth12800	101920	inline_name
oth12816	37690	inline_name
oth12819	415540	inline_name
oth1282	1934374	inline_name
oth12863	658061	inline_name
oth12872	15368	inline_name
oth12876	50768	inline_name
oth12895	54731	inline_name
oth1292	31298	inline_name
oth12973	438045	inline_name
oth12982	268906	inline_name
oth1300	71251	inline_name
oth13001	488003	inline_name
oth13010	31302	inline_name
oth13036	72662	inline_name
oth13047	199627	inline_name
oth13054	294377	inline_name
oth13055	398295	inline_name
oth13057	36594	inline_name
oth13058	36604	inline_name
oth13059	106567	inline_name
oth1306	9031	inline_name
oth13067	137221	inline_name
oth13080	83819	inline_name
oth13082	88730	inline_name
oth13089	81970	inline_name
oth1309	10029	inline_name
oth13096	3175	inline_name
oth13098	56615	inline_name
oth13109	28890	inline_name
oth13172	47427	inline_name
oth13173	127986	inline_name
oth13177	38869	inline_name
oth1318	3055	inline_name
oth1320	2812568	inline_name
oth13200	7000	inline_name
oth13228	867926	inline_name
oth13249	40932	inline_name
oth13261	373122	inline_name
oth13271	29818	inline_name
oth1328	3074	inline_name
oth1329	3075	inline_name
oth1330	3078	inline_name
oth13327	1144522	inline_name
oth13334	62330	inline_name
oth1334	3076	inline_name
oth13345	56187	inline_name
oth13363	392227	inline_name
oth13366	182057	inline_name
oth1337	3077	inline_name
oth13377	335289	inline_name
oth1339	1715223	inline_name
oth13419	104341	inline_name
oth13447	56313	inline_name
oth13453	680683	inline_name
oth13461	42467	inline_name
oth13502	45351	inline_name
oth13511	76773	inline_name
oth13577	190902	inline_name
oth13579	38833	inline_name
oth13580	1303717	inline_name
oth13582	196903	inline_name
oth13583	110453	inline_name
oth13584	96049	inline_name
oth13585	4533	inline_name
oth13586	196901	inline_name
oth13587	196898	inline_name
oth1362	2769	inline_name
oth13627	63436	inline_name
oth1364	208973	inline_name
oth13640	158441	inline_name
oth13642	6669	inline_name
oth1365	5656	inline_name
oth13671	242839	inline_name
oth13704	36638	inline_name
oth13742	4083	inline_name
oth13767	39367	inline_name
oth1379	79858	inline_name
oth1380	2822231	inline_name
oth13802	7712	inline_name
oth13803	7735	inline_name
oth13804	78579	inline_name
oth1381	1149786	inline_name
oth1382	3827	inline_name
oth13832	44664	inline_name
oth1384	114280	inline_name
oth13843	10724	inline_name
oth13845	283909	inline_name
oth13846	400682	inline_name
oth13847	10228	inline_name
oth1385	13427	inline_name
oth13852	33317	inline_name
oth13853	379584	inline_name
oth13861	520031	inline_name
oth1390	13429	inline_name
oth13910	342808	inline_name
oth13911	1712417	inline_name
oth13912	194530	inline_name
oth1392	7719	inline_name
oth13938	121477	inline_name
oth13957	79022	inline_name
oth13959	72642	inline_name
oth13976	46731	inline_name
oth13977	70779	inline_name
oth13979	355332	inline_name
oth13988	333278	inline_name
oth13992	38005	inline_name
oth14001	979771	inline_name
oth14012	568076	inline_name
oth14016	6887	inline_name
oth1405	3654	inline_name
oth14052	94129	inline_name
oth14075	984962	inline_name
oth1410	37334	inline_name
oth14115	100989	inline_name
oth14116	9402	inline_name
oth14117	11079	inline_name
oth14122	1249509	inline_name
oth14123	106333	inline_name
oth14128	1225732	inline_name
oth1413	2708	inline_name
oth14133	1219376	inline_name
oth14164	22663	inline_name
oth14201	203696	inline_name
oth14205	93036	inline_name
oth14216	11277	inline_name
oth14225	388908	inline_name
oth14235	5039	inline_name
oth14249	195883	inline_name
oth1425	85571	inline_name
oth1426	2711	inline_name
oth14266	445686	inline_name
oth1427	2909989	inline_name
oth1428	55188	inline_name
oth14280	32603	inline_name
oth14287	80830	inline_name
oth14295	28369	inline_name
oth14296	151218	inline_name
oth1434	1707700	inline_name
oth14342	72664	inline_name
oth14344	104782	inline_name
oth14352	481126	inline_name
oth14353	323702	inline_name
oth14354	481017	inline_name
oth14355	481050	inline_name
oth14356	481088	inline_name
oth14357	481071	inline_name
oth14359	56154	inline_name
oth14360	195120	inline_name
oth14369	71113	inline_name
oth1437	36903	inline_name
oth14370	9716	inline_name
oth14376	1234774	inline_name
oth1439	11096	inline_name
oth14398	43925	inline_name
oth14399	76313	inline_name
oth14416	80265	inline_name
oth14419	1127754	inline_name
oth14427	72520	inline_name
oth14430	146722	inline_name
oth14431	157224	inline_name
oth14440	172265	inline_name
oth1445	5111	inline_name
oth14452	458696	inline_name
oth14458	1939674	inline_name
oth14464	591066	inline_name
oth14475	139825	inline_name
oth1449	79923	inline_name
oth14576	112883	inline_name
oth14577	1540222	inline_name
oth14606	1756142	inline_name
oth14607	1859956	inline_name
oth14608	1709935	inline_name
oth14609	1755432	inline_name
oth14610	1715238	inline_name
oth14611	1756131	inline_name
oth14612	1981612	inline_name
oth14613	1902615	inline_name
oth14614	942799	inline_name
oth14615	1755423	inline_name
oth14633	460519	inline_name
oth14647	1551368	inline_name
oth14649	1046254	inline_name
oth14665	121845	inline_name
oth14679	3005	inline_name
oth14688	34641	inline_name
oth14708	651137	inline_name
oth14734	113103	inline_name
oth14756	241526	inline_name
oth14788	301149	inline_name
oth14805	251749	inline_name
oth14806	1608451	inline_name
oth14807	53158	inline_name
oth14818	11292	inline_name
oth14826	7264	inline_name
oth14855	111851	inline_name
oth14880	61374	inline_name
oth14899	1143241	inline_name
oth149	7159	inline_name
oth14925	604297	inline_name
oth14985	112090	inline_name
oth14986	157072	inline_name
oth14987	112098	inline_name
oth14988	192875	inline_name
oth14989	529818	inline_name
oth14990	46433	inline_name
oth14992	361139	inline_name
oth15	5755	inline_name
oth15004	292560	inline_name
oth15017	559173	inline_name
oth15028	1689870	inline_name
oth15038	82232	inline_name
oth15040	152838	inline_name
oth15043	76966	inline_name
oth15063	460523	inline_name
oth15072	28513	inline_name
oth15084	477955	inline_name
oth15091	1849493	inline_name
oth15120	235900	inline_name
oth15136	1194695	inline_name
oth15163	106564	inline_name
oth15177	74645	inline_name
oth15196	205692	inline_name
oth15208	37205	inline_name
oth15227	483260	inline_name
oth15233	78148	inline_name
oth15250	31156	inline_name
oth15252	303698	inline_name
oth15260	5670	inline_name
oth15277	93129	inline_name
oth15314	248742	inline_name
oth15318	184062	inline_name
oth15338	941538	inline_name
oth15342	587669	inline_name
oth15368	484171	inline_name
oth15369	765255	inline_name
oth15372	35717	inline_name
oth15388	688394	inline_name
oth15395	41047	inline_name
oth15399	76912	inline_name
oth15403	481016	inline_name
oth15407	187300	inline_name
oth15416	179837	inline_name
oth1544	5501	inline_name
oth15442	396869	inline_name
oth15446	1255232	inline_name
oth15447	941254	inline_name
oth15463	182084	inline_name
oth15488	7897	inline_name
oth15491	74873	inline_name
oth15494	8845	inline_name
oth15496	13449	inline_name
oth15504	55576	inline_name
oth15505	55571	inline_name
oth15510	641912	inline_name
oth15521	65029	inline_name
oth15522	65030	inline_name
oth15525	190712	inline_name
oth15526	40639	inline_name
oth15527	1862977	inline_name
oth15528	75038	inline_name
oth15532	158383	inline_name
oth15534	385388	inline_name
oth15536	258458	inline_name
oth1559	13443	inline_name
oth1561	4142	inline_name
oth15610	106548	inline_name
oth1569	474922	inline_name
oth15713	1472232	inline_name
oth1572	290576	inline_name
oth15740	928852	inline_name
oth1577	38945	inline_name
oth1579	8932	inline_name
oth15894	130456	inline_name
oth15932	328207	inline_name
oth15933	41776	inline_name
oth15939	1048829	inline_name
oth16003	1076344	inline_name
oth16018	176946	inline_name
oth1606	5346	inline_name
oth16078	1480154	inline_name
oth16087	82047	inline_name
oth16092	109876	inline_name
oth1610	3442	inline_name
oth16105	83891	inline_name
oth16106	1562560	inline_name
oth16107	1643766	inline_name
oth16108	71804	inline_name
oth16109	1643767	inline_name
oth16110	5692	inline_name
oth16111	85056	inline_name
oth16112	1167208	inline_name
oth16134	27289	inline_name
oth1615	73501	inline_name
oth16172	1408201	inline_name
oth16174	1081520	inline_name
oth16175	13333	inline_name
oth16178	858221	inline_name
oth16179	700169	inline_name
oth16180	142759	inline_name
oth16182	62891	inline_name
oth16183	1873960	inline_name
oth1620	239206	inline_name
oth16211	198816	inline_name
oth16213	5677	inline_name
oth16214	5678	inline_name
oth16215	5680	inline_name
oth16217	1080349	inline_name
oth1623	5327	inline_name
oth16234	115664	inline_name
oth16241	13329	inline_name
oth16242	86757	inline_name
oth16243	101976	inline_name
oth16246	98943	inline_name
oth16250	98583	inline_name
oth1626	5325	inline_name
oth16263	72248	inline_name
oth16264	78609	inline_name
oth16265	287375	inline_name
oth16266	227532	inline_name
oth16267	129397	inline_name
oth1627	230624	inline_name
oth16273	81972	inline_name
oth16287	92955	inline_name
oth16288	106004	inline_name
oth16289	104405	inline_name
oth16290	105772	inline_name
oth1630	39291	inline_name
oth16387	7450	inline_name
oth16408	28567	inline_name
oth16418	330961	inline_name
oth16421	41117	inline_name
oth16423	1562161	inline_name
oth16450	398408	inline_name
oth16451	231932	inline_name
oth16462	83566	inline_name
oth16463	857185	inline_name
oth16484	1873862	inline_name
oth16495	2034435	inline_name
oth16497	72568	inline_name
oth16514	86794	inline_name
oth16515	157169	inline_name
oth16516	172611	inline_name
oth16517	136282	inline_name
oth16518	859455	inline_name
oth16519	161997	inline_name
oth16520	50943	inline_name
oth16521	87259	inline_name
oth16522	87261	inline_name
oth16523	78070	inline_name
oth16524	258253	inline_name
oth16525	143891	inline_name
oth16595	1323429	inline_name
oth16681	64517	inline_name
oth16682	1427530	inline_name
oth16685	1196081	inline_name
oth16689	1755438	inline_name
oth16709	89055	inline_name
oth16710	27554	inline_name
oth16768	1316194	inline_name
oth16769	293939	inline_name
oth16770	1891168	inline_name
oth16771	1755437	inline_name
oth16772	229535	inline_name
oth16773	91492	inline_name
oth16774	454130	inline_name
oth1678	12066	inline_name
oth1679	3721	inline_name
oth16790	1041524	inline_name
oth16791	674082	inline_name
oth16792	1735582	inline_name
oth16793	1129191	inline_name
oth16794	1932362	inline_name
oth16795	1932361	inline_name
oth1683	29159	inline_name
oth16836	77794	inline_name
oth16844	588596	inline_name
oth16861	10585	inline_name
oth16869	2697049	inline_name
oth16889	798162	inline_name
oth16892	437017	inline_name
oth16896	3402493	inline_name
oth16897	103372	inline_name
oth16920	108892	inline_name
oth16966	89399	inline_name
oth16967	9675	inline_name
oth16968	9974	inline_name
oth16969	128390	inline_name
oth16970	7868	inline_name
oth16978	109633	inline_name
oth16991	74201	inline_name
oth17012	691956	inline_name
oth17018	390157	inline_name
oth17019	35292	inline_name
oth17020	12122	inline_name
oth17032	1312874	inline_name
oth17033	1335626	inline_name
oth17035	242743	inline_name
oth17038	150983	inline_name
oth17042	10185	inline_name
oth17063	12336	inline_name
oth17082	52344	inline_name
oth17083	171953	inline_name
oth1709	8729	inline_name
oth17095	6145	inline_name
oth17097	541865	inline_name
oth17098	673376	inline_name
oth1710	8730	inline_name
oth17100	1337877	inline_name
oth17105	36460	inline_name
oth17123	1840584	inline_name
oth17135	5868	inline_name
oth17136	522413	inline_name
oth17174	261448	inline_name
oth17180	112604	inline_name
oth17196	697036	inline_name
oth17197	13626	inline_name
oth17204	102601	inline_name
oth17206	1179664	inline_name
oth17213	82245	inline_name
oth17218	186540	inline_name
oth1723	5207	inline_name
oth17238	87102	inline_name
oth17274	1524189	inline_name
oth1728	5807	inline_name
oth17287	62886	inline_name
oth17288	42439	inline_name
oth17294	1384607	inline_name
oth17295	97729	inline_name
oth17296	32201	inline_name
oth1730	7515	inline_name
oth17320	99037	inline_name
oth1733	3659	inline_name
oth17343	434060	inline_name
oth17344	879823	inline_name
oth17345	1557813	inline_name
oth1735	3656	inline_name
oth17351	1087438	inline_name
oth1737	3344477	inline_name
oth17386	2071594	inline_name
oth1739	3662	inline_name
oth17393	186538	inline_name
oth17394	208893	inline_name
oth1740	3663	inline_name
oth17400	238892	inline_name
oth17414	188056	inline_name
oth1744	7176	inline_name
oth1749	9986	inline_name
oth17495	33708	inline_name
oth17496	36370	inline_name
oth17497	11660	inline_name
oth17498	2169971	inline_name
oth175	9534	inline_name
oth17501	79738	inline_name
oth17508	238854	inline_name
oth17528	503010	inline_name
oth17548	170931	inline_name
oth17573	941396	inline_name
oth176	10497	inline_name
oth17600	272952	inline_name
oth1762	5503	inline_name
oth17622	2652520	inline_name
oth17623	2652564	inline_name
oth17624	2652523	inline_name
oth17633	2855397	inline_name
oth17635	262280	inline_name
oth17636	300217	inline_name
oth1764	4129	inline_name
oth17678	39358	inline_name
oth1768	45157	inline_name
oth1770	1117	inline_name
oth17704	11084	inline_name
oth17705	314539	inline_name
oth1772	2762	inline_name
oth17747	1050352	inline_name
oth17748	928064	inline_name
oth17750	147926	inline_name
oth17756	5007	inline_name
oth17757	52253	inline_name
oth17758	46583	inline_name
oth17762	432096	inline_name
oth17771	340170	inline_name
oth17773	1414754	inline_name
oth178	5341	inline_name
oth1781	64609	inline_name
oth17843	42017	inline_name
oth17855	8962	inline_name
oth17871	881871	inline_name
oth1789	4265	inline_name
oth17890	84963	inline_name
oth179	56157	inline_name
oth17902	13658	inline_name
oth17904	5755	inline_name
oth1792	28909	inline_name
oth17923	193079	inline_name
oth1793	9541	inline_name
oth17930	313683	inline_name
oth17931	359867	inline_name
oth17932	214687	inline_name
oth17940	1915410	inline_name
oth17949	690899	inline_name
oth17952	108572	inline_name
oth17983	933131	inline_name
oth17984	30331	inline_name
oth1799	6674	inline_name
oth18038	1456499	inline_name
oth18051	690556	inline_name
oth18078	30192	inline_name
oth18079	35922	inline_name
oth18080	260201	inline_name
oth18112	1090	inline_name
oth18138	1890370	inline_name
oth18146	430902	inline_name
oth18148	1715256	inline_name
oth18164	173216	inline_name
oth18167	62888	inline_name
oth18170	9694	inline_name
oth18207	1938903	inline_name
oth18237	91374	inline_name
oth18238	3037	inline_name
oth18240	59801	inline_name
oth18241	1808958	inline_name
oth18242	2016123	inline_name
oth18251	321831	inline_name
oth18256	363999	inline_name
oth18275	2316362	inline_name
oth18277	2082637	inline_name
oth18278	2493799	inline_name
oth18279	326644	inline_name
oth1828	101596	inline_name
oth1833	35525	inline_name
oth18339	270894	inline_name
oth1837	35625	inline_name
oth1838	4075	inline_name
oth1839	4076	inline_name
oth184	1715219	inline_name
oth1841	4039	inline_name
oth18422	999883	inline_name
oth18456	106881	inline_name
oth18483	4025	inline_name
oth185	83518	inline_name
oth18505	674131	inline_name
oth18514	1565086	inline_name
oth18551	410658	inline_name
oth18571	596978	inline_name
oth18595	1124493	inline_name
oth18598	861244	inline_name
oth18602	56857	inline_name
oth18622	3067	inline_name
oth18625	3563	inline_name
oth18626	4479	inline_name
oth18627	10224	inline_name
oth18636	1131579	inline_name
oth18639	9516	inline_name
oth18640	9365	inline_name
oth18641	9874	inline_name
oth18642	9755	inline_name
oth18643	9713	inline_name
oth18644	9708	inline_name
oth18645	9669	inline_name
oth18647	59479	inline_name
oth18648	291302	inline_name
oth18649	225400	inline_name
oth18650	59463	inline_name
oth18651	109478	inline_name
oth18652	29078	inline_name
oth18653	37293	inline_name
oth18658	1518534	inline_name
oth18659	49212	inline_name
oth18660	238895	inline_name
oth18662	1749249	inline_name
oth1867	12637	inline_name
oth18671	328401	inline_name
oth18673	272140	inline_name
oth18674	211974	inline_name
oth18676	209534	inline_name
oth18718	1053288	inline_name
oth18725	135283	inline_name
oth1873	6956	inline_name
oth18731	113626	inline_name
oth18735	157728	inline_name
oth18736	2653900	inline_name
oth1877	7010	inline_name
oth18774	195526	inline_name
oth18776	348837	inline_name
oth18791	2301	inline_name
oth18792	186741	inline_name
oth18827	56029	inline_name
oth18828	239565	inline_name
oth18830	13776	inline_name
oth18841	8478	inline_name
oth18843	196120	inline_name
oth18846	67730	inline_name
oth18852	29655	inline_name
oth191	36307	inline_name
oth192	8713	inline_name
oth1925	3570	inline_name
oth1927	73123	inline_name
oth1928	186170	inline_name
oth1931	13489	inline_name
oth1939	44689	inline_name
oth1941	361077	inline_name
oth1944	5786	inline_name
oth1947	49450	inline_name
oth1948	4164	inline_name
oth1949	121769	inline_name
oth1958	55577	inline_name
oth198	8717	inline_name
oth1994	7227	inline_name
oth1995	7230	inline_name
oth1998	7237	inline_name
oth2000	7240	inline_name
oth2002	7242	inline_name
oth2005	7244	inline_name
oth2011	195736	inline_name
oth2018	3046	inline_name
oth2024	3047	inline_name
oth2032	6210	inline_name
oth2035	40353	inline_name
oth2046	5802	inline_name
oth2047	51953	inline_name
oth2051	8005	inline_name
oth2059	4511	inline_name
oth2068	2903	inline_name
oth2077	5116	inline_name
oth2080	5759	inline_name
oth21	4026	inline_name
oth2112	10376	inline_name
oth2115	11665	inline_name
oth2120	9796	inline_name
oth2126	32224	inline_name
oth2133	29727	inline_name
oth2173	3467	inline_name
oth2179	12059	inline_name
oth2197	3039	inline_name
oth2201	2759	inline_name
oth2207	5081	inline_name
oth2209	154990	inline_name
oth221	5037	inline_name
oth2219	87257	inline_name
oth2224	1718875	inline_name
oth2227	3617	inline_name
oth2230	6192	inline_name
oth2231	11673	inline_name
oth2235	9685	inline_name
oth2239	9683	inline_name
oth2244	4606	inline_name
oth2260	36363	inline_name
oth2264	4224	inline_name
oth2269	4226	inline_name
oth2270	4227	inline_name
oth2308	12287	inline_name
oth2315	12110	inline_name
oth2320	3747	inline_name
oth2322	57918	inline_name
oth2327	38873	inline_name
oth2339	8078	inline_name
oth2351	5507	inline_name
oth2353	117187	inline_name
oth2357	29916	inline_name
oth2358	5128	inline_name
oth2361	169388	inline_name
oth2374	8049	inline_name
oth2399	5315	inline_name
oth2400	114476	inline_name
oth2401	5741	inline_name
oth2416	1173061	inline_name
oth2421	10047	inline_name
oth2425	5127	inline_name
oth2428	5518	inline_name
oth2435	3311	inline_name
oth2446	29856	inline_name
oth2447	29875	inline_name
oth245	2587410	inline_name
oth2452	104355	inline_name
oth246	8496	inline_name
oth248	4679	inline_name
oth2483	3847	inline_name
oth2484	3848	inline_name
oth2487	49827	inline_name
oth2496	9593	inline_name
oth2497	29729	inline_name
oth2499	3635	inline_name
oth252	4682	inline_name
oth2522	44745	inline_name
oth2523	6289	inline_name
oth2539	42344	inline_name
oth2587	870730	inline_name
oth2588	907340	inline_name
oth2597	4232	inline_name
oth2600	4233	inline_name
oth2608	29058	inline_name
oth2622	6535	inline_name
oth263	45385	inline_name
oth2635	7650	inline_name
oth2640	12092	inline_name
oth2641	10407	inline_name
oth2642	3052230	inline_name
oth2647	10298	inline_name
oth265	34199	inline_name
oth2650	10310	inline_name
oth2665	3981	inline_name
oth2668	9940	inline_name
oth2674	6421	inline_name
oth2676	11676	inline_name
oth2677	11709	inline_name
oth2681	9606	inline_name
oth2683	112509	inline_name
oth2687	4513	inline_name
oth2691	91943	inline_name
oth2695	10359	inline_name
oth2698	12721	inline_name
oth270	1715220	inline_name
oth2702	169066	inline_name
oth2703	31708	inline_name
oth2705	11963	inline_name
oth2710	85995	inline_name
oth2711	5541	inline_name
oth2716	3486	inline_name
oth2720	6087	inline_name
oth2731	9580	inline_name
oth2739	35626	inline_name
oth2742	140968	inline_name
oth2755	7998	inline_name
oth2767	11552	inline_name
oth2768	11309	inline_name
oth2773	4120	inline_name
oth2779	5319	inline_name
oth2780	161756	inline_name
oth2785	48868	inline_name
oth2787	11072	inline_name
oth2803	37296	inline_name
oth2825	28985	inline_name
oth2834	11077	inline_name
oth2839	29883	inline_name
oth2842	8752	inline_name
oth285	3565	inline_name
oth286	28502	inline_name
oth2910	4236	inline_name
oth2921	88149	inline_name
oth2931	8164	inline_name
oth2937	3860	inline_name
oth2945	5659	inline_name
oth2946	5660	inline_name
oth2948	99875	inline_name
oth2949	5671	inline_name
oth295	8305	inline_name
oth2950	5664	inline_name
oth2951	5665	inline_name
oth2953	44270	inline_name
oth2956	5689	inline_name
oth2957	5666	inline_name
oth2959	4470	inline_name
oth297	78372	inline_name
oth2972	5353	inline_name
oth2974	5365	inline_name
oth2978	33125	inline_name
oth2983	5684	inline_name
oth2984	5022	inline_name
oth2996	3866	inline_name
oth3020	4690	inline_name
oth3037	4006	inline_name
oth3042	29829	inline_name
oth3059	7004	inline_name
oth3066	6622	inline_name
oth3068	4522	inline_name
oth3072	105884	inline_name
oth3076	34305	inline_name
oth3077	6921	inline_name
oth3078	3879	inline_name
oth3093	3873	inline_name
oth3101	4081	inline_name
oth3102	62890	inline_name
oth3103	4082	inline_name
oth3104	4084	inline_name
oth3111	10449	inline_name
oth3126	9544	inline_name
oth3139	35725	inline_name
oth3152	148305	inline_name
oth3154	29780	inline_name
oth3162	5041	inline_name
oth3164	3750	inline_name
oth3167	3751	inline_name
oth3168	3752	inline_name
oth3172	40674	inline_name
oth3173	7130	inline_name
oth3175	3983	inline_name
oth3182	3197	inline_name
oth3195	11855	inline_name
oth3199	8090	inline_name
oth3201	3880	inline_name
oth3210	9103	inline_name
oth3222	34256	inline_name
oth3238	3544	inline_name
oth3239	10036	inline_name
oth3247	5530	inline_name
oth333	4615	inline_name
oth334	8839	inline_name
oth338	42806	inline_name
oth3393	11801	inline_name
oth3398	3673	inline_name
oth3400	190515	inline_name
oth341	53326	inline_name
oth3431	64518	inline_name
oth3442	11138	inline_name
oth3443	11757	inline_name
oth3448	36080	inline_name
oth3454	4839	inline_name
oth3456	4840	inline_name
oth346	6313	inline_name
oth3460	29923	inline_name
oth3474	10090	inline_name
oth348	7936	inline_name
oth3480	10095	inline_name
oth3486	7370	inline_name
oth3537	1859699	inline_name
oth3545	29158	inline_name
oth3552	10273	inline_name
oth3554	5763	inline_name
oth3555	5762	inline_name
oth3560	8657	inline_name
oth358	7165	inline_name
oth360	8843	inline_name
oth3600	4432	inline_name
oth3606	4376	inline_name
oth3613	39347	inline_name
oth3627	5141	inline_name
oth3640	4092	inline_name
oth3642	4096	inline_name
oth3645	4097	inline_name
oth3648	4098	inline_name
oth3698	3702	inline_name
oth376	4151	inline_name
oth3765	9483	inline_name
oth3772	4932	inline_name
oth3777	9615	inline_name
oth3794	3055	inline_name
oth3836	6565	inline_name
oth3867	7227	inline_name
oth387	7460	inline_name
oth388	4045	inline_name
oth3892	9685	inline_name
oth390	6500	inline_name
oth3945	9606	inline_name
oth399	3702	inline_name
oth4000	40674	inline_name
oth401	29726	inline_name
oth404	3818	inline_name
oth4041	10090	inline_name
oth4067	5141	inline_name
oth411	2157	inline_name
oth4232	6183	inline_name
oth4236	4896	inline_name
oth426	47429	inline_name
oth429	3704	inline_name
oth4368	278021	inline_name
oth4385	39350	inline_name
oth4390	6645	inline_name
oth4398	4146	inline_name
oth4401	6282	inline_name
oth4402	8022	inline_name
oth4419	8665	inline_name
oth4421	727944	inline_name
oth4429	8128	inline_name
oth4450	110450	inline_name
oth4456	4535	inline_name
oth4457	4537	inline_name
oth4460	4530	inline_name
oth4479	8668	inline_name
oth4483	6720	inline_name
oth4484	33203	inline_name
oth4487	264951	inline_name
oth4497	9598	inline_name
oth4505	4540	inline_name
oth4514	215227	inline_name
oth4515	3469	inline_name
oth4525	2588717	inline_name
oth4528	7656	inline_name
oth4537	8255	inline_name
oth4538	6741	inline_name
oth4540	10506	inline_name
oth4544	5888	inline_name
oth4550	35935	inline_name
oth4566	6573	inline_name
oth4571	23211	inline_name
oth4573	6579	inline_name
oth4590	27405	inline_name
oth4594	6689	inline_name
oth4600	1131482	inline_name
oth4601	5074	inline_name
oth4602	5075	inline_name
oth4606	5076	inline_name
oth4608	5077	inline_name
oth4609	36653	inline_name
oth4611	60167	inline_name
oth4613	27334	inline_name
oth4616	28572	inline_name
oth4619	28573	inline_name
oth4629	69781	inline_name
oth463	59895	inline_name
oth4632	5078	inline_name
oth4633	70109	inline_name
oth4634	128442	inline_name
oth4635	1266744	inline_name
oth4638	5082	inline_name
oth4640	69488	inline_name
oth4645	28564	inline_name
oth4652	198730	inline_name
oth4653	60134	inline_name
oth468	409370	inline_name
oth4681	48386	inline_name
oth4685	6978	inline_name
oth4694	4043	inline_name
oth4700	4102	inline_name
oth4707	2850	inline_name
oth4710	264483	inline_name
oth474	6253	inline_name
oth4740	3884	inline_name
oth4745	157791	inline_name
oth4746	3885	inline_name
oth4763	42345	inline_name
oth4765	1707701	inline_name
oth4766	1715245	inline_name
oth4775	7054	inline_name
oth4784	4837	inline_name
oth4802	3218	inline_name
oth4806	3527	inline_name
oth4811	4787	inline_name
oth4813	4792	inline_name
oth4815	3329	inline_name
oth4816	3330	inline_name
oth4827	4922	inline_name
oth4832	4924	inline_name
oth484	33169	inline_name
oth4842	3353	inline_name
oth4843	3339	inline_name
oth4848	58042	inline_name
oth4852	71647	inline_name
oth4856	3349	inline_name
oth4861	3352	inline_name
oth4872	3888	inline_name
oth488	5053	inline_name
oth4887	5821	inline_name
oth4888	5825	inline_name
oth4889	5833	inline_name
oth4890	5849	inline_name
oth4891	5850	inline_name
oth4894	5855	inline_name
oth4895	5861	inline_name
oth490	5054	inline_name
oth4910	5323	inline_name
oth4912	5322	inline_name
oth4919	12211	inline_name
oth4920	51655	inline_name
oth4924	4754	inline_name
oth4928	93608	inline_name
oth4930	2587412	inline_name
oth4931	138950	inline_name
oth4956	13642	inline_name
oth4966	56065	inline_name
oth4967	9600	inline_name
oth4969	43335	inline_name
oth4973	3691	inline_name
oth4978	80863	inline_name
oth498	40993	inline_name
oth4982	3694	inline_name
oth4985	11149	inline_name
oth4987	81056	inline_name
oth4994	2786	inline_name
oth4995	2788	inline_name
oth5003	12215	inline_name
oth5005	12216	inline_name
oth5008	9310	inline_name
oth502	5057	inline_name
oth503	5058	inline_name
oth504	36630	inline_name
oth505	41900	inline_name
oth5051	1224	inline_name
oth5059	3755	inline_name
oth506	5059	inline_name
oth5068	3760	inline_name
oth507	63131	inline_name
oth5070	2942660	inline_name
oth508	746128	inline_name
oth510	5060	inline_name
oth513	34381	inline_name
oth517	162425	inline_name
oth518	5061	inline_name
oth5212	10345	inline_name
oth522	5062	inline_name
oth523	5067	inline_name
oth5230	3893	inline_name
oth5233	5643	inline_name
oth5235	158606	inline_name
oth5238	318829	inline_name
oth5265	11976	inline_name
oth5267	3726	inline_name
oth5278	8400	inline_name
oth5287	8404	inline_name
oth530	5065	inline_name
oth5301	10116	inline_name
oth5309	4060	inline_name
oth5324	6136	inline_name
oth5325	58291	inline_name
oth5326	10891	inline_name
oth5329	60591	inline_name
oth535	41984	inline_name
oth536	33178	inline_name
oth5365	64495	inline_name
oth5372	4846	inline_name
oth5379	13249	inline_name
oth538	5068	inline_name
oth540	186680	inline_name
oth5424	5286	inline_name
oth5429	5535	inline_name
oth5432	29899	inline_name
oth5433	5537	inline_name
oth5464	11886	inline_name
oth5472	32247	inline_name
oth5485	8707	inline_name
oth5491	4931	inline_name
oth5492	27292	inline_name
oth5515	230603	inline_name
oth5522	4547	inline_name
oth5535	75706	inline_name
oth5538	8030	inline_name
oth5540	8032	inline_name
oth5564	38868	inline_name
oth557	20406	inline_name
oth5574	35974	inline_name
oth5577	37553	inline_name
oth5578	101203	inline_name
oth5598	104103	inline_name
oth5607	6182	inline_name
oth5608	6183	inline_name
oth5611	5334	inline_name
oth5612	4897	inline_name
oth5613	4896	inline_name
oth5625	5180	inline_name
oth5636	561152	inline_name
oth5639	65409	inline_name
oth5643	5539	inline_name
oth5644	85995	inline_name
oth5671	11033	inline_name
oth5696	236805	inline_name
oth5697	4182	inline_name
oth5729	11723	inline_name
oth5742	7048	inline_name
oth5755	4111	inline_name
oth5757	4113	inline_name
oth5766	36599	inline_name
oth5768	4558	inline_name
oth5774	11984	inline_name
oth5787	128215	inline_name
oth579	5580	inline_name
oth580	61296	inline_name
oth5812	3562	inline_name
oth5835	7107	inline_name
oth5836	7108	inline_name
oth5837	7109	inline_name
oth5843	5005	inline_name
oth5845	1928706	inline_name
oth5864	74722	inline_name
oth588	4498	inline_name
oth6	137743	inline_name
oth6140	7668	inline_name
oth6150	181762	inline_name
oth6170	9823	inline_name
oth6183	13706	inline_name
oth6200	52861	inline_name
oth6209	31033	inline_name
oth6211	68825	inline_name
oth622	61183	inline_name
oth6223	46220	inline_name
oth6224	88032	inline_name
oth6225	99806	inline_name
oth6230	7067	inline_name
oth6243	5908	inline_name
oth6245	5911	inline_name
oth6252	159749	inline_name
oth6253	35128	inline_name
oth6259	150094	inline_name
oth6277	3641	inline_name
oth6294	5087	inline_name
oth6360	13288	inline_name
oth6384	12227	inline_name
oth6395	7787	inline_name
oth6411	5811	inline_name
oth6437	7070	inline_name
oth6439	5554	inline_name
oth6442	6334	inline_name
oth6443	64502	inline_name
oth6445	5544	inline_name
oth6446	97093	inline_name
oth6447	5547	inline_name
oth6450	317029	inline_name
oth6451	51453	inline_name
oth6452	1715253	inline_name
oth6459	5722	inline_name
oth6460	5551	inline_name
oth6461	7111	inline_name
oth6463	3677	inline_name
oth6481	3899	inline_name
oth6488	34364	inline_name
oth6491	103944	inline_name
oth6500	4565	inline_name
oth6503	4567	inline_name
oth6505	4568	inline_name
oth6508	4571	inline_name
oth6510	37998	inline_name
oth6519	5691	inline_name
oth6520	5702	inline_name
oth6521	31285	inline_name
oth6522	31286	inline_name
oth6523	5692	inline_name
oth6524	5693	inline_name
oth6525	78083	inline_name
oth6528	5695	inline_name
oth6530	5696	inline_name
oth6532	5699	inline_name
oth6548	12230	inline_name
oth6562	3438	inline_name
oth6569	32644	inline_name
oth6587	5270	inline_name
oth6591	10245	inline_name
oth6598	51239	inline_name
oth6600	10335	inline_name
oth6620	27337	inline_name
oth6650	3918	inline_name
oth6657	3917	inline_name
oth6667	343250	inline_name
oth6670	3604	inline_name
oth6671	29760	inline_name
oth6676	3067	inline_name
oth6684	6625	inline_name
oth6687	11082	inline_name
oth6725	8355	inline_name
oth6733	8083	inline_name
oth6740	11089	inline_name
oth6752	4577	inline_name
oth6753	381124	inline_name
oth6754	94328	inline_name
oth6769	179666	inline_name
oth6777	907066	inline_name
oth6780	204231	inline_name
oth6783	41061	inline_name
oth6796	81473	inline_name
oth6815	184540	inline_name
oth6825	64174	inline_name
oth6831	693996	inline_name
oth6839	13262	inline_name
oth6876	84607	inline_name
oth6897	4934	inline_name
oth6902	114525	inline_name
oth6908	7200	inline_name
oth6909	83875	inline_name
oth6920	32630	inline_name
oth6922	58217	inline_name
oth6937	121759	inline_name
oth6940	33626	inline_name
oth6943	38415	inline_name
oth6944	124223	inline_name
oth6985	11047	inline_name
oth7021	4850	inline_name
oth7029	16922	inline_name
oth7037	2961	inline_name
oth7048	229543	inline_name
oth7069	2866	inline_name
oth7075	1047171	inline_name
oth7085	2870670	inline_name
oth7090	10261	inline_name
oth7095	36188	inline_name
oth7119	10507	inline_name
oth713	2	inline_name
oth7150	35608	inline_name
oth717	10710	inline_name
oth718	10879	inline_name
oth7226	3695	inline_name
oth7264	36659	inline_name
oth7265	1849818	inline_name
oth7275	82528	inline_name
oth7294	34316	inline_name
oth7309	5865	inline_name
oth731	10759	inline_name
oth732	10665	inline_name
oth7329	78167	inline_name
oth7334	261518	inline_name
oth7355	201219	inline_name
oth736	10760	inline_name
oth7361	206448	inline_name
oth7362	154002	inline_name
oth7411	237895	inline_name
oth7412	6035	inline_name
oth7425	76867	inline_name
oth7432	41568	inline_name
oth7437	7757	inline_name
oth744	77133	inline_name
oth7447	11641	inline_name
oth7461	5416	inline_name
oth7478	5697	inline_name
oth7479	11320	inline_name
oth7488	39397	inline_name
oth7492	45796	inline_name
oth7508	41956	inline_name
oth7521	948311	inline_name
oth7579	122812	inline_name
oth7595	6265	inline_name
oth7599	694009	inline_name
oth7604	107243	inline_name
oth7662	10068	inline_name
oth7693	41834	inline_name
oth7703	4100	inline_name
oth7744	35925	inline_name
oth7749	70448	inline_name
oth7754	27543	inline_name
oth7757	12985	inline_name
oth7762	159736	inline_name
oth7767	31276	inline_name
oth7798	6207	inline_name
oth785	4641	inline_name
oth7851	85957	inline_name
oth786	222567	inline_name
oth7864	13684	inline_name
oth7870	159298	inline_name
oth7871	59777	inline_name
oth7875	37682	inline_name
oth7888	4572	inline_name
oth7895	4054	inline_name
oth7898	41228	inline_name
oth7927	51029	inline_name
oth7932	81824	inline_name
oth7945	13616	inline_name
oth7946	73868	inline_name
oth7963	31138	inline_name
oth7967	7038	inline_name
oth7983	43179	inline_name
oth802	176275	inline_name
oth8039	66636	inline_name
oth8044	102107	inline_name
oth8061	190260	inline_name
oth8073	4108	inline_name
oth8078	59729	inline_name
oth8103	118781	inline_name
oth8105	8208	inline_name
oth8121	272473	inline_name
oth8187	113192	inline_name
oth8188	35671	inline_name
oth8193	132961	inline_name
oth8196	2747968	inline_name
oth8206	27457	inline_name
oth8244	5874	inline_name
oth8245	5854	inline_name
oth8246	7217	inline_name
oth8247	7220	inline_name
oth8248	7245	inline_name
oth8249	7260	inline_name
oth8251	31234	inline_name
oth8252	27291	inline_name
oth8253	114524	inline_name
oth8254	4914	inline_name
oth8257	42374	inline_name
oth8258	33188	inline_name
oth8274	65561	inline_name
oth8287	58218	inline_name
oth8289	196454	inline_name
oth8311	93504	inline_name
oth8317	44386	inline_name
oth8319	1963269	inline_name
oth8328	145971	inline_name
oth8334	5698	inline_name
oth834	258211	inline_name
oth8354	38705	inline_name
oth8357	85995	inline_name
oth836	161934	inline_name
oth8382	7029	inline_name
oth8388	104259	inline_name
oth8413	11060	inline_name
oth8435	155462	inline_name
oth8436	95504	inline_name
oth8483	8364	inline_name
oth8558	313893	inline_name
oth8563	82096	inline_name
oth8568	46704	inline_name
oth857	6526	inline_name
oth859	45130	inline_name
oth8594	71498	inline_name
oth8598	44588	inline_name
oth8608	118510	inline_name
oth863	8694	inline_name
oth864	5331	inline_name
oth8709	7741	inline_name
oth8711	157069	inline_name
oth8716	45464	inline_name
oth8720	12222	inline_name
oth8724	11128	inline_name
oth8727	28295	inline_name
oth8728	11120	inline_name
oth8729	99565	inline_name
oth873	4808	inline_name
oth8731	11983	inline_name
oth8732	11978	inline_name
oth8733	46835	inline_name
oth8746	11642	inline_name
oth8747	45617	inline_name
oth8755	44271	inline_name
oth878	40051	inline_name
oth8801	11137	inline_name
oth8808	66797	inline_name
oth8813	65070	inline_name
oth8826	55529	inline_name
oth8864	90312	inline_name
oth8875	2696576	inline_name
oth8886	35708	inline_name
oth8897	1973307	inline_name
oth890	7091	inline_name
oth8901	106299	inline_name
oth8916	85681	inline_name
oth8917	141207	inline_name
oth8918	71139	inline_name
oth8923	6100	inline_name
oth8938	29884	inline_name
oth894	6941	inline_name
oth8948	39947	inline_name
oth8972	9579	inline_name
oth8974	3332	inline_name
oth8976	64459	inline_name
oth8977	180498	inline_name
oth8985	227470	inline_name
oth9	90261	inline_name
oth9007	2588716	inline_name
oth9013	150095	inline_name
oth9017	9601	inline_name
oth9022	5076	inline_name
oth908	9913	inline_name
oth910	8725	inline_name
oth911	8724	inline_name
oth912	157554	inline_name
oth9125	136217	inline_name
oth9139	11276	inline_name
oth915	38881	inline_name
oth9150	355589	inline_name
oth9169	361458	inline_name
oth9171	4153	inline_name
oth9175	126910	inline_name
oth918	40559	inline_name
oth9183	4460	inline_name
oth9184	199306	inline_name
oth9205	97485	inline_name
oth9231	212035	inline_name
oth9239	12072	inline_name
oth9245	12353	inline_name
oth925	11099	inline_name
oth9276	28930	inline_name
oth9277	51240	inline_name
oth928	7955	inline_name
oth9298	2510777	inline_name
oth931	7739	inline_name
oth935	145471	inline_name
oth9395	31159	inline_name
oth9397	8723	inline_name
oth940	93385	inline_name
oth9408	168636	inline_name
oth941	3707	inline_name
oth9430	42157	inline_name
oth944	3708	inline_name
oth9468	29031	inline_name
oth947	3712	inline_name
oth948	3715	inline_name
oth949	178616	inline_name
oth9504	57062	inline_name
oth951	3711	inline_name
oth9516	292717	inline_name
oth9517	566408	inline_name
oth9520	5095	inline_name
oth9547	358574	inline_name
oth9606	9785	inline_name
oth9613	9739	inline_name
oth9634	102976	inline_name
oth9641	11070	inline_name
oth9643	11053	inline_name
oth9645	64320	inline_name
oth9648	11069	inline_name
oth9653	39054	inline_name
oth9654	277944	inline_name
oth9657	31272	inline_name
oth9662	29001	inline_name
oth9663	280754	inline_name
oth9666	33090	inline_name
oth9690	346249	inline_name
oth9707	6763	inline_name
oth9710	322019	inline_name
oth9720	29808	inline_name
oth9724	28511	inline_name
oth9729	49451	inline_name
oth9749	151069	inline_name
oth9760	5679	inline_name
oth9765	56866	inline_name
oth9768	69820	inline_name
oth9810	72120	inline_name
oth9834	62615	inline_name
oth984	4932	inline_name
oth9843	402998	inline_name
oth9844	88036	inline_name
oth9850	226208	inline_name
oth9857	36651	inline_name
oth9889	44586	inline_name
oth9904	130810	inline_name
oth9929	91374	inline_name
oth9930	56466	inline_name
oth9931	77922	inline_name
oth9932	38269	inline_name
oth9938	81985	inline_name
oth9939	59691	inline_name
oth9942	6376	inline_name
oth997	6279	inline_name
oth9989	126914	inline_name
oth999	6280	inline_name
oth9990	52714	inline_name
oth9991	34272	inline_name
